timestamp,temp,voltage,current,vibration,humidity,pressure,power,status,hour,day_of_week,is_daytime,power_calc,efficiency,vibration_sq,vib_rolling_mean,vib_rolling_std,voltage_delta,status_code,maintenance_risk,maintenance_flag
2024-01-01 00:00:00,24.83,12.605,0.975,3.55,54.48,1012.33,12.335,normal,0,0,0,12.289875,1.0,12.6025,3.55,0.0,0.0,0,0.2387933286972369,0
2024-01-01 00:05:00,25.65,12.598,1.059,4.13,57.07,1013.78,13.291,normal,0,0,0,13.341282,0.996231096831624,17.0569,3.84,0.4101219330881976,0.0069999999999996,0,0.1633469016753818,0
2024-01-01 00:10:00,25.3,12.906,1.339,11.68,58.93,1013.25,15.572,warning,0,0,0,17.281134,0.9010982728332526,136.42239999999998,6.453333333333333,4.535706486682459,0.3079999999999998,1,0.768902428198268,1
2024-01-01 00:15:00,25.3,12.427,0.684,13.09,57.35,1006.32,7.62,critical,0,0,0,8.500068,0.8964634165279618,171.3481,8.1125,4.972567244391975,0.479000000000001,2,0.8712218990187569,1
2024-01-01 00:20:00,26.02,12.456,1.042,4.7,51.99,1012.48,12.982,normal,0,0,0,12.979152,1.0,22.090000000000003,7.43,4.568790868490262,0.0289999999999999,0,0.383888402744499,0
2024-01-01 00:25:00,25.55,12.43,1.09,4.37,54.25,1021.4,13.665,normal,0,0,0,13.5487,1.0,19.0969,6.919999999999999,4.273134680770078,0.0259999999999998,0,0.2959779316144555,0
2024-01-01 00:30:00,24.02,12.713,0.874,5.54,51.7,1017.61,11.07,normal,0,0,0,11.111161999999998,0.9962954369668988,30.6916,7.251666666666668,4.029538021494109,0.2829999999999995,0,0.4009081024221409,1
2024-01-01 00:35:00,23.82,12.722,1.157,14.38,52.7,1002.42,13.363,critical,0,0,0,14.719354,0.9078523418894606,206.78440000000003,8.96,4.576981538088176,0.0090000000000003,2,0.8760743609651304,1
2024-01-01 00:40:00,24.31,12.703,1.044,4.87,59.02,1002.45,13.226,normal,0,0,0,13.261932,0.9972905908430236,23.716900000000003,7.825,4.61181417665543,0.0190000000000001,0,0.41271913271126326,1
2024-01-01 00:45:00,24.65,12.6,1.322,4.28,49.48,1006.51,16.656,normal,0,0,0,16.6572,0.9999279590807578,18.3184,6.3566666666666665,3.956132791839357,0.1029999999999997,0,0.2755937067121391,0
2024-01-01 00:50:00,25.55,12.309,1.122,4.69,55.42,1005.6,13.872,normal,0,0,0,13.810698,1.0,21.9961,6.355,3.956972327424088,0.2910000000000003,0,0.20859135362235903,0
2024-01-01 00:55:00,24.96,12.458,0.931,4.12,60.86,1010.85,11.589,normal,0,0,0,11.598398,0.9991897156831486,16.9744,6.313333333333335,3.983283402755404,0.1490000000000009,0,0.26874290392727795,0
2024-01-01 01:00:00,37.5,12.435,1.662,7.61,51.28,1006.95,18.992,warning,1,0,0,20.66697,0.9189542540585292,57.9121,6.658333333333334,3.992540127120412,0.0229999999999996,1,0.678123000561034,1
2024-01-01 01:05:00,27.93,12.504,1.197,14.65,51.07,1010.81,13.479,critical,1,0,0,14.967288,0.9005639498618587,214.6225,6.703333333333333,4.097129076154017,0.068999999999999,2,0.7252084682774005,1
2024-01-01 01:10:00,27.93,14.0,0.77,4.57,48.5,1012.27,10.775,critical,1,0,0,10.78,0.9995361781076066,20.8849,6.653333333333333,4.125708020045368,1.4960000000000004,2,0.40289057041133003,1
2024-01-01 01:10:00,27.93,14.0,0.77,4.57,48.5,1012.27,10.775,critical,1,0,0,10.78,0.9995361781076066,20.8849,6.701666666666668,4.093919474863505,0.0,2,0.40560495048411815,1
2024-01-01 01:20:00,24.46,12.534,1.367,4.79,51.71,1007.11,17.145,normal,1,0,0,17.133978000000003,1.0,22.9441,6.718333333333334,4.084284106996803,1.4659999999999993,0,0.28743448413398187,0
2024-01-01 01:25:00,26.52,12.692,1.237,4.98,52.65,1005.46,15.712,normal,1,0,0,15.700004000000002,1.0,24.800400000000003,6.861666666666667,3.988836505381823,0.1579999999999994,0,0.23538366639253883,0
2024-01-01 01:30:00,26.42,12.573,1.253,4.97,50.67,1019.31,15.652,normal,1,0,0,15.753969,0.9935274088707424,24.7009,6.421666666666667,4.03511792475346,0.1189999999999997,0,0.2231802097043335,0
2024-01-01 01:35:00,25.5,12.785,1.204,4.75,51.38,1006.95,15.308,normal,1,0,0,15.39314,0.994468964746634,22.5625,4.771666666666667,0.1815947870030302,0.2119999999999997,0,0.14426759987353088,0
2024-01-01 01:40:00,27.56,12.984,1.292,5.22,56.53,1015.92,16.752,normal,1,0,0,16.775328000000002,0.9986093863559626,27.2484,4.88,0.225743216952379,0.1989999999999998,0,0.12483069013444392,0
2024-01-01 01:45:00,26.83,12.832,1.266,5.01,55.88,1015.43,16.28,normal,1,0,0,16.245312000000002,1.0,25.1001,4.953333333333333,0.1693123346560298,0.1519999999999992,0,0.10761031074337801,0
2024-01-01 01:50:00,24.09,12.825,1.247,5.16,55.97,1018.03,15.956,normal,1,0,0,15.992775,0.9977005241429332,26.6256,5.015,0.1652573750245619,0.0070000000000014,0,0.1621933748255756,0
2024-01-01 01:55:00,25.15,12.516,1.324,5.15,54.32,1021.54,16.65,normal,1,0,0,16.571184000000002,1.0,26.522500000000004,5.043333333333334,0.1724722199853511,0.3089999999999993,0,0.13767526675205288,0
2024-01-01 02:00:00,26.56,13.046,1.31,5.43,48.98,1022.04,17.093,normal,2,0,0,17.09026,1.0,29.4849,5.12,0.2269801753457964,0.5299999999999994,0,0.11220240092349465,0
2024-01-01 02:05:00,27.58,12.947,1.512,5.93,51.02,1012.81,19.63,normal,2,0,0,19.575864,1.0,35.1649,5.316666666666666,0.3300706994973573,0.0990000000000002,0,0.11532997254205613,0
2024-01-01 02:10:00,26.78,11.618,1.387,5.94,53.35,1015.5,16.178,warning,2,0,0,16.114166,1.0,35.28360000000001,5.4366666666666665,0.4092757831422164,1.3289999999999988,1,0.08327511344276206,0
2024-01-01 02:15:00,28.37,12.937,1.364,5.72,47.6,1010.91,17.672,normal,2,0,0,17.646068,1.0,32.718399999999995,5.555,0.3610401639707244,1.318999999999999,0,0.06313013840145243,0
2024-01-01 02:20:00,26.69,12.848,1.35,5.31,47.37,1025.68,17.395,normal,2,0,0,17.344800000000003,1.0,28.196099999999998,5.580000000000001,0.3322649545167345,0.0889999999999986,0,0.034947342749537924,0
2024-01-01 02:25:00,28.38,13.102,1.45,5.63,48.4,1012.88,19.05,normal,2,0,0,18.9979,1.0,31.6969,5.66,0.2573713270743414,0.2539999999999995,0,0.0797969352487563,0
2024-01-01 02:30:00,26.52,12.972,1.375,5.2,49.32,1023.83,17.858,normal,2,0,0,17.8365,1.0,27.040000000000003,5.621666666666666,0.3101881149668283,0.1300000000000007,0,0.04713792051286447,0
2024-01-01 02:35:00,27.27,14.0,1.46,7.04,51.69,1009.74,20.435,warning,2,0,0,20.44,0.9997553816046968,49.5616,5.806666666666666,0.662168155883892,1.0280000000000005,1,0.24618405562013157,0
2024-01-01 02:40:00,28.88,12.893,1.455,6.61,54.81,1006.5,18.761,normal,2,0,0,18.759315,1.0,43.6921,5.918333333333334,0.7409565889218304,1.106999999999999,0,0.13154412481756206,0
2024-01-01 02:45:00,26.89,12.81,1.457,5.76,48.23,1012.58,18.744,normal,2,0,0,18.66417,1.0,33.1776,5.925,0.7389925574726769,0.0830000000000001,0,0.018672975917964796,0
2024-01-01 02:50:00,25.76,13.047,1.458,5.37,44.54,1009.78,19.122,normal,2,0,0,19.022526,1.0,28.8369,5.935,0.7293490248159707,0.2370000000000001,0,0.0643824410370144,0
2024-01-01 02:55:00,28.18,12.939,1.536,6.27,44.29,1016.32,19.912,normal,2,0,0,19.874304,1.0,39.31289999999999,6.041666666666667,0.7225902481120777,0.1080000000000005,0,0.016796395523843932,0
2024-01-01 03:00:00,27.72,10.0,0.969,5.12,46.67,1010.61,9.148,warning,3,0,0,9.69,0.9440660474716204,26.2144,6.028333333333333,0.7417119836342635,2.939,1,0.1360261010110363,0
2024-01-01 03:05:00,30.95,13.562,1.787,14.08,49.86,1001.65,21.784,critical,3,0,0,24.235294,0.8988543732954096,198.2464,7.201666666666667,3.414565370097149,3.5619999999999994,2,0.7467741889576056,1
2024-01-01 03:10:00,27.54,13.104,1.605,6.69,48.56,1014.21,21.118,normal,3,0,0,21.03192,1.0,44.7561,7.215,3.4119481238729303,0.4580000000000002,0,0.2443896077465284,0
2024-01-01 03:15:00,26.18,13.392,1.569,6.5,47.15,1021.45,21.003,normal,3,0,0,21.012048,0.9995693899043064,42.25,7.338333333333334,3.361841261372505,0.2880000000000002,0,0.2755702537386939,0
2024-01-01 03:20:00,29.28,13.18,1.462,6.59,47.58,1017.58,19.243,normal,3,0,0,19.26916,0.9986423902235488,43.4281,7.541666666666667,3.254150682845937,0.2119999999999997,0,0.28572808301369146,0
2024-01-01 03:25:00,30.04,13.2,1.706,7.41,44.98,1012.58,22.52,normal,3,0,0,22.5192,1.0,54.908100000000005,7.731666666666666,3.1978456289612667,0.0199999999999995,0,0.3977173776012336,1
2024-01-01 03:30:00,26.68,12.984,1.687,6.58,46.78,1012.55,21.883,normal,3,0,0,21.904008,0.9990409061209252,43.2964,7.974999999999999,3.0093637201242416,0.2159999999999993,0,0.2950014586826355,0
2024-01-01 03:35:00,29.45,13.151,1.657,5.93,50.69,1005.19,21.815,normal,3,0,0,21.791207,1.0,35.1649,6.616666666666666,0.4736946977396656,0.1669999999999998,0,0.04082234602371204,0
2024-01-01 03:40:00,29.41,10.266,0.765,5.79,50.18,1021.4,7.512,warning,3,0,0,7.85349,0.9565174209173246,33.5241,6.466666666666666,0.5770499689512794,2.885,1,0.3082200959236252,0
2024-01-01 03:45:00,27.0,13.242,1.411,6.45,45.82,1006.67,18.693,normal,3,0,0,18.684462,1.0,41.6025,6.458333333333333,0.5768333092555182,2.976000000000001,0,0.08288774828887646,0
2024-01-01 03:50:00,27.83,13.066,1.707,6.27,51.04,1016.67,22.229,normal,3,0,0,22.303662000000003,0.9966524779652776,39.31289999999999,6.405,0.5770181972867109,0.1760000000000001,0,0.01624974247168831,0
2024-01-01 03:55:00,28.66,13.224,1.599,6.11,49.9,1017.44,21.085,normal,3,0,0,21.145176,0.997154149958364,37.3321,6.1883333333333335,0.303342490704272,0.1579999999999994,0,0.04162153890112308,0
2024-01-01 04:00:00,30.2,13.374,1.816,7.5,47.92,1021.7,24.29,normal,4,0,0,24.287184000000003,1.0,56.25,6.341666666666666,0.6141796696950104,0.1500000000000003,0,0.3138883308625984,0
2024-01-01 04:05:00,36.25,12.684,1.911,9.25,44.93,1009.67,22.226,warning,4,0,0,24.239124,0.9169473286245824,85.5625,6.895,1.2913520046834666,0.6900000000000013,1,0.841469284223237,1
2024-01-01 04:10:00,26.23,14.0,1.88,4.73,40.28,1004.71,26.282,warning,4,0,0,26.32,0.9985562310030396,22.372900000000005,6.718333333333334,1.5242626632790928,1.3160000000000007,1,0.3157818502758646,0
2024-01-01 04:15:00,29.48,13.276,1.658,11.6,46.41,1021.55,19.849,warning,4,0,0,22.011608,0.9017514758576476,134.56,7.576666666666665,2.488177378457307,0.7240000000000002,1,0.6296400641954998,1
2024-01-01 04:20:00,28.7,13.595,1.775,6.87,45.93,1014.08,24.081,normal,4,0,0,24.131125,0.9979228071629482,47.1969,7.676666666666667,2.436683538473283,0.3190000000000008,0,0.21196456799055086,0
2024-01-01 04:25:00,29.0,10.0,0.821,6.13,47.18,1019.04,7.75,warning,4,0,0,8.209999999999999,0.943970767356882,37.5769,7.68,2.4341240724334514,3.5950000000000006,1,0.4428422989749974,1
2024-01-01 04:30:00,30.94,13.363,1.599,6.38,50.84,1001.17,21.346,normal,4,0,0,21.367437,0.9989967444387458,40.7044,7.493333333333333,2.4929233174461416,3.3629999999999995,0,0.22411553114731497,0
2024-01-01 04:35:00,29.58,13.391,1.66,6.83,49.49,1018.34,22.203,normal,4,0,0,22.22906,0.9988276607287936,46.6489,7.09,2.343134652554139,0.0280000000000004,0,0.14450379613977327,0
2024-01-01 04:40:00,29.46,13.334,1.692,6.5,45.84,1012.03,22.54,normal,4,0,0,22.561128,0.9990635220012049,42.25,7.384999999999999,2.0836386442951214,0.0570000000000003,0,0.12547863450266195,0
2024-01-01 04:45:00,28.96,13.437,1.705,6.18,46.57,1010.0,22.911,normal,4,0,0,22.910085,1.0,38.1924,6.481666666666666,0.3154309221789628,0.1029999999999997,0,0.046949245497812986,0
2024-01-01 04:50:00,27.06,12.739,1.615,6.24,46.32,1015.48,20.632,normal,4,0,0,20.573485,1.0,38.9376,6.376666666666666,0.2603587268878654,0.6979999999999986,0,0.07060091624290243,0
2024-01-01 04:55:00,29.67,12.999,1.745,6.7,42.07,1013.39,22.735,normal,4,0,0,22.683255000000003,1.0,44.89,6.471666666666667,0.2563136099911022,0.2599999999999998,0,0.11258710225765656,0
2024-01-01 05:00:00,31.1,13.476,1.726,6.27,43.4,1011.35,23.208,normal,5,0,0,23.259576000000003,0.9977825907058664,39.31289999999999,6.453333333333333,0.2678556825357094,0.4770000000000003,0,0.17625165705203882,0
2024-01-01 05:05:00,31.5,13.45,1.729,7.61,49.0,1015.8,23.304,normal,5,0,0,23.25505,1.0,57.9121,6.583333333333333,0.5391351098441578,0.0260000000000015,0,0.3733590967693269,0
2024-01-01 05:10:00,29.52,13.417,1.748,7.05,45.08,1010.67,23.356,normal,5,0,0,23.452916,0.9958676353933984,49.7025,6.675,0.568110904665635,0.0329999999999994,0,0.08116962947312811,0
2024-01-01 05:15:00,29.34,13.439,1.705,7.12,44.44,1023.43,22.868,normal,5,0,0,22.913495,0.9980144888416193,50.6944,6.831666666666667,0.5328195441860913,0.0220000000000002,0,0.11031440760154554,0
2024-01-01 05:20:00,29.79,13.673,1.747,7.29,48.61,1003.96,23.818,normal,5,0,0,23.886731,0.9971226284584526,53.1441,7.006666666666667,0.4681310357866434,0.2339999999999999,0,0.16157552245951623,0
2024-01-01 05:25:00,28.04,12.993,1.781,11.34,47.27,1017.65,20.883,warning,5,0,0,23.140533,0.9024424804735484,128.5956,7.78,1.7995110447007585,0.6799999999999997,1,0.6217923983660287,1
2024-01-01 05:30:00,28.01,13.265,1.799,6.83,50.64,1019.42,23.872,normal,5,0,0,23.863735,1.0,46.6489,7.873333333333332,1.7182161292068825,0.2720000000000002,0,0.20450161614403872,0
2024-01-01 05:35:00,30.28,13.727,1.865,6.38,43.81,1015.53,25.6,normal,5,0,0,25.600855,0.9999666026779184,40.7044,7.668333333333333,1.825918033939826,0.4619999999999997,0,0.2794136137339507,0
2024-01-01 05:40:00,30.0,13.214,1.784,6.65,46.54,1012.19,23.507,normal,5,0,0,23.573776,0.9971673608843996,44.2225,7.601666666666667,1.8599937275879932,0.5129999999999999,0,0.13487833634506396,0
2024-01-01 05:45:00,27.7,13.525,1.738,7.53,45.65,1016.54,23.446,normal,5,0,0,23.50645,0.9974283654060908,56.7009,7.669999999999999,1.846239421093595,0.3109999999999999,0,0.34968346517742765,0
2024-01-01 05:50:00,30.08,13.431,1.714,6.91,40.91,1017.48,23.046,normal,5,0,0,23.020734,1.0,47.7481,7.606666666666666,1.8682683604521808,0.0940000000000012,0,0.15654177378266287,0
2024-01-01 05:55:00,30.04,13.409,1.794,7.48,46.76,1003.09,24.034,normal,5,0,0,24.055746000000003,0.999096016394586,55.95040000000001,6.963333333333334,0.4576315839916151,0.0219999999999984,0,0.2514596862279894,0
2024-01-01 06:00:00,26.75,13.537,1.854,7.04,42.58,1012.25,25.105,normal,6,0,1,25.097598,1.0,49.5616,6.998333333333334,0.4534056314898115,0.1280000000000001,0,0.28101866399479736,0
2024-01-01 06:05:00,29.06,13.469,1.913,7.72,44.49,1020.52,25.665,normal,6,0,1,25.766197,0.9960724898594852,59.5984,7.221666666666667,0.4164332679633988,0.0680000000000013,0,0.4911255586932344,1
2024-01-01 06:10:00,30.14,13.52,1.824,7.53,41.98,1009.97,24.64,normal,6,0,1,24.66048,0.999169521436728,56.7009,7.368333333333333,0.3182085270175471,0.0510000000000001,0,0.3287187625729887,0
2024-01-01 06:15:00,30.53,13.595,1.861,7.52,42.27,1020.56,25.247,normal,6,0,1,25.300295,0.9978935028227932,56.5504,7.366666666666667,0.3172170655350638,0.075000000000001,0,0.4045113564736714,1
2024-01-01 06:20:00,33.62,13.527,1.745,6.46,48.75,1019.91,23.597,normal,6,0,1,23.604615,0.9996773935944306,41.7316,7.291666666666667,0.4653779825761814,0.0680000000000013,0,0.36177102542916983,0
2024-01-01 06:25:00,27.77,13.492,1.699,6.48,47.1,1018.11,22.955,normal,6,0,1,22.922908000000003,1.0,41.99040000000001,7.125,0.5548963867245927,0.0349999999999983,0,0.0644283491079608,0
2024-01-01 06:30:00,29.74,13.527,1.828,7.55,46.07,1021.56,24.728,normal,6,0,1,24.727356,1.0,57.0025,7.210000000000001,0.5778581140730044,0.0349999999999983,0,0.2692124900661892,0
2024-01-01 06:35:00,29.17,13.733,1.683,7.22,43.62,1014.09,23.191,normal,6,0,1,23.112639,1.0,52.1284,7.126666666666668,0.5230551277510579,0.2060000000000013,0,0.14513694528272536,0
2024-01-01 06:40:00,29.03,10.986,0.956,4.94,41.88,1006.76,9.999,warning,6,0,1,10.502616,0.952048518197752,24.403600000000004,6.695,0.9867877177995305,2.747,1,0.2634891043298282,0
2024-01-01 06:45:00,30.89,13.663,1.886,6.63,44.97,1005.21,25.655,normal,6,0,1,25.768418,0.9955985656550588,43.9569,6.546666666666667,0.9011474167230752,2.677,0,0.2514818317030332,0
2024-01-01 06:50:00,28.6,13.521,1.773,7.34,44.99,1014.5,24.08,normal,6,0,1,23.972733,1.0,53.8756,6.6933333333333325,0.9542676074700808,0.1419999999999994,0,0.18683627413448578,0
2024-01-01 06:55:00,38.78,13.189,2.0,9.81,47.02,1006.27,24.282,critical,6,0,1,26.378,0.9205398438092348,96.2361,7.248333333333334,1.573091436206642,0.3320000000000007,2,0.8642779531286588,1
2024-01-01 07:00:00,30.49,13.335,1.733,7.28,48.96,1008.38,23.062,normal,7,0,1,23.109555000000004,0.997942193175074,52.9984,7.203333333333333,1.5665843950029232,0.1460000000000008,0,0.23504978471739513,0
2024-01-01 07:05:00,27.75,13.725,1.725,6.39,43.12,1021.09,23.659,normal,7,0,1,23.675625,0.999297801008421,40.8321,7.065,1.6010840077897248,0.3899999999999988,0,0.09909817157199374,0
2024-01-01 07:10:00,29.41,13.437,1.891,6.86,47.78,1019.0,25.36,normal,7,0,1,25.409367,0.9980571338121096,47.0596,7.385000000000001,1.243330205536731,0.2880000000000002,0,0.24580103425925526,0
2024-01-01 07:15:00,29.5,13.65,1.823,13.49,46.43,1018.25,22.372,critical,7,0,1,24.88395,0.8990534059102353,181.9801,8.528333333333334,2.705072395827269,0.2130000000000009,2,0.753733142456632,1
2024-01-01 07:20:00,32.16,13.396,1.678,6.72,50.92,1009.56,22.608,normal,7,0,1,22.478488,1.0,45.15839999999999,8.425,2.770593799170137,0.2539999999999995,0,0.46879209170489666,1
2024-01-01 07:25:00,31.9,13.553,1.693,6.79,48.19,1009.53,22.887,normal,7,0,1,22.945229,0.9974622611088344,46.1041,7.921666666666667,2.742840984575424,0.157,0,0.38653541958541204,0
2024-01-01 07:30:00,29.5,13.452,1.64,7.67,50.97,1017.45,21.959,normal,7,0,1,22.06128,0.9953638229513428,58.8289,7.986666666666667,2.7291805852062407,0.1010000000000008,0,0.487962291492507,1
2024-01-01 07:35:00,29.7,13.138,1.844,12.93,46.92,1009.36,21.845,warning,7,0,1,24.226472,0.901699595384751,167.1849,9.076666666666666,3.224925838940593,0.314,1,0.8169671351962327,1
2024-01-01 07:40:00,31.22,13.616,1.68,6.71,45.32,1017.44,22.833,normal,7,0,1,22.87488,0.9981691707235186,45.0241,9.051666666666666,3.2460586357406864,0.4779999999999997,0,0.4706096301787037,1
2024-01-01 07:45:00,30.12,13.493,1.912,7.71,47.09,1021.6,25.821,normal,7,0,1,25.798616,1.0,59.4441,8.088333333333333,2.4173408255077886,0.1229999999999993,0,0.625706503193704,1
2024-01-01 07:50:00,29.22,13.956,1.908,12.95,40.08,1006.32,24.035,warning,7,0,1,26.628048,0.902619673811614,167.7025,9.126666666666669,2.9837001636670344,0.4629999999999992,1,0.8345683699796402,1
2024-01-01 07:55:00,28.05,13.439,1.693,6.75,41.93,1015.69,22.728,normal,7,0,1,22.752227,0.9989351811583104,45.5625,9.12,2.9900033444797383,0.5169999999999995,0,0.3879734938113685,0
2024-01-01 08:00:00,26.22,13.562,1.793,5.88,47.85,1008.13,24.348,normal,8,0,1,24.316666,1.0,34.5744,8.821666666666665,3.2422733793847005,0.1229999999999993,0,0.4286520246099974,1
2024-01-01 08:05:00,28.42,13.571,2.0,13.73,44.4,1021.73,24.346,critical,8,0,1,27.142,0.8969862206174932,188.5129,8.955,3.4545144376598027,0.0090000000000003,2,0.8644132712240764,1
2024-01-01 08:10:00,28.83,13.139,1.64,5.65,46.89,1004.87,21.633,normal,8,0,1,21.54796,1.0,31.922500000000003,8.778333333333334,3.615635029516487,0.4320000000000004,0,0.4223104985933197,1
2024-01-01 08:15:00,29.94,13.176,1.679,6.75,45.56,1018.6,22.093,normal,8,0,1,22.122504,0.998666335420258,45.5625,8.618333333333334,3.692784405657428,0.0370000000000008,0,0.4104574825520034,1
2024-01-01 08:20:00,31.47,10.0,0.989,8.54,49.23,1009.75,9.401,warning,8,0,1,9.89,0.950556117290192,72.93159999999999,7.883333333333333,3.0392345527561164,3.176,1,0.8350332055006027,1
2024-01-01 08:25:00,30.8,13.502,1.602,6.29,43.71,1016.54,21.596,normal,8,0,1,21.630204000000003,0.9984186926762224,39.5641,7.806666666666666,3.079082114310476,3.5020000000000007,0,0.2900636596293986,0
2024-01-01 08:30:00,29.75,13.256,1.706,6.08,47.47,1009.7,22.586,normal,8,0,1,22.614736,0.998729324100887,36.9664,7.840000000000001,3.055041734575815,0.2460000000000004,0,0.2536812785432061,0
2024-01-01 08:35:00,30.33,13.336,1.588,6.36,46.22,1021.71,21.177,normal,8,0,1,21.177568,0.9999731791676928,40.4496,6.611666666666667,1.011126434560314,0.08,0,0.10885152060746173,0
2024-01-01 08:40:00,28.95,10.584,1.205,5.84,43.58,1008.64,12.081,warning,8,0,1,12.75372,0.9472530367610392,34.105599999999995,6.6433333333333335,0.97739790600689,2.7520000000000007,1,0.13369913988855742,0
2024-01-01 08:45:00,27.61,13.544,1.634,6.47,43.25,1003.36,22.181,normal,8,0,1,22.130896,1.0,41.8609,6.596666666666667,0.9779706880406246,2.960000000000001,0,0.0395155371598227,0
2024-01-01 08:50:00,27.62,13.433,1.719,6.9,44.0,1017.23,22.962,normal,8,0,1,23.091327,0.9943993257728324,47.61000000000001,6.323333333333334,0.3603701800463652,0.1110000000000006,0,0.13535284051431373,0
2024-01-01 08:55:00,28.55,14.0,1.924,4.71,39.83,1010.44,27.011,warning,8,0,1,26.936,1.0,22.1841,6.06,0.7529940238806546,0.5670000000000002,1,0.33246390132484427,0
2024-01-01 09:00:00,29.45,12.975,1.673,6.06,48.62,1021.91,21.7,normal,9,0,1,21.707175,0.999669464128796,36.7236,6.056666666666668,0.7529320465132604,1.0250000000000004,0,0.06242029190405196,0
2024-01-01 09:05:00,27.79,13.308,1.574,6.76,49.38,1017.1,20.916,normal,9,0,1,20.946792,0.998529989699616,45.6976,6.123333333333334,0.8013155849393216,0.3330000000000002,0,0.10213899544488048,0
2024-01-01 09:10:00,27.65,13.332,1.555,5.71,46.39,1006.97,20.685,normal,9,0,1,20.73126,0.997768587148104,32.6041,6.101666666666667,0.8121925059163295,0.0240000000000009,0,0.015346464330976639,0
2024-01-01 09:15:00,27.65,13.0,1.601,6.31,45.41,1010.37,20.838,normal,9,0,1,20.813,1.0,39.81609999999999,6.074999999999999,0.8002187201009359,0.3320000000000007,0,0.03500337093522743,0
2024-01-01 09:20:00,28.52,12.955,1.722,6.06,48.28,1020.42,22.25,normal,9,0,1,22.30851,0.997377234068972,36.7236,5.935,0.6933613776379369,0.0449999999999999,0,0.05203063863821922,0
2024-01-01 09:25:00,26.89,14.0,1.478,3.18,45.41,1019.58,20.735,warning,9,0,1,20.692,1.0,10.1124,5.68,1.273027886575928,1.045,1,0.3729285791399075,0
2024-01-01 09:30:00,35.95,12.673,1.884,8.57,46.85,1010.04,21.929,warning,9,0,1,23.875932,0.9184562931407244,73.4449,6.098333333333334,1.747036538446362,1.327,1,0.8721294986696161,1
2024-01-01 09:35:00,27.07,13.166,1.632,11.08,47.42,1012.29,19.304,warning,9,0,1,21.486912,0.8984073653766534,122.7664,6.8183333333333325,2.702942224071143,0.4930000000000003,1,0.636292031496704,1
2024-01-01 09:40:00,29.27,13.465,1.608,6.05,45.97,1020.74,21.678,normal,9,0,1,21.65172,1.0,36.6025,6.875,2.678512646974061,0.2989999999999995,0,0.16811326608906663,0
2024-01-01 09:45:00,29.2,13.471,1.594,6.3,49.94,1020.85,21.517,normal,9,0,1,21.472774,1.0,39.69,6.873333333333334,2.678937600368224,0.0060000000000002,0,0.14172322512931945,0
2024-01-01 09:50:00,28.72,13.024,1.443,6.4,48.8,1012.62,18.77,normal,9,0,1,18.793632,0.9987425527966068,40.96000000000001,6.93,2.6618339542503384,0.4470000000000009,0,0.17633212321847458,0
2024-01-01 09:55:00,28.49,13.27,1.423,5.72,40.7,1012.65,18.876,normal,9,0,1,18.88321,0.999618179324384,32.718399999999995,7.353333333333333,2.0858155878856275,0.2460000000000004,0,0.1293655282328895,0
2024-01-01 10:00:00,27.91,13.02,1.25,5.82,49.76,1006.97,16.293,normal,10,0,1,16.275,1.0,33.872400000000006,6.895,2.0670534584282025,0.25,0,0.1269984237749625,0
2024-01-01 10:05:00,27.72,12.873,1.35,5.01,49.14,1011.61,17.523,normal,10,0,1,17.37855,1.0,25.1001,5.883333333333334,0.5023411855170226,0.1470000000000002,0,0.0506303747022242,0
2024-01-01 10:10:00,26.2,12.958,1.495,5.17,49.37,1010.84,19.382,normal,10,0,1,19.372210000000003,1.0,26.7289,5.736666666666667,0.5681079709585547,0.0850000000000008,0,0.08498740560506202,0
2024-01-01 10:15:00,25.6,12.913,1.5,5.56,50.72,1019.42,19.381,normal,10,0,1,19.3695,1.0,30.913599999999995,5.613333333333333,0.4972591544322183,0.0449999999999999,0,0.11241971250644578,0
2024-01-01 10:20:00,25.91,10.0,0.819,6.03,51.97,1010.57,7.689,warning,10,0,1,8.19,0.9388278388278388,36.3609,5.551666666666667,0.3919906461468742,2.9130000000000003,1,0.30606235735589427,0
2024-01-01 10:25:00,26.0,12.949,1.353,6.34,48.62,1008.03,17.52,normal,10,0,1,17.519997,1.0,40.1956,5.655,0.5093819784797833,2.949,0,0.1947487543563179,0
2024-01-01 10:30:00,25.08,12.883,1.509,5.92,48.57,997.49,19.512,normal,10,0,1,19.440447,1.0,35.0464,5.671666666666667,0.5174327653585973,0.0660000000000007,0,0.15590900847998934,0
2024-01-01 10:35:00,27.59,13.339,0.959,14.09,51.42,1016.24,11.459,critical,10,0,1,12.792101,0.8957871736628721,198.5281,7.185,3.4067036853826886,0.4560000000000013,2,0.7404408855760461,1
2024-01-01 10:40:00,26.37,12.743,1.466,14.35,56.81,1015.27,16.818,critical,10,0,1,18.681238,0.9002615351295241,205.9225,8.715,4.2722300967995634,0.5960000000000001,2,0.8041893740793321,1
2024-01-01 10:45:00,26.39,13.165,1.424,5.4,48.77,1018.34,18.707,normal,10,0,1,18.74696,0.9978684544054076,29.160000000000004,8.688333333333334,4.296293363664389,0.4219999999999988,0,0.4388022793241533,1
2024-01-01 10:50:00,28.03,12.999,1.245,11.36,46.71,1019.99,14.515,warning,10,0,1,16.183755,0.8968870327065628,129.0496,9.576666666666666,4.186333320062639,0.1659999999999986,1,0.8524392064143688,1
2024-01-01 10:55:00,26.77,12.949,1.71,12.43,47.06,1008.52,19.921,warning,10,0,1,22.14279,0.8996607925198226,154.5049,10.591666666666669,3.9777150057120334,0.0500000000000007,1,0.8506518264771699,1
2024-01-01 11:00:00,25.98,12.726,1.296,5.4,49.2,1017.96,16.522,normal,11,0,1,16.492896000000002,1.0,29.160000000000004,10.505,4.103533842921247,0.2229999999999989,0,0.519784389801261,1
2024-01-01 11:05:00,26.22,12.666,1.217,4.58,52.74,1012.93,15.46,normal,11,0,1,15.414522000000002,1.0,20.9764,8.92,4.274926899959811,0.0600000000000005,0,0.4815518184197911,1
2024-01-01 11:10:00,24.41,13.095,1.265,5.57,57.78,1018.22,16.515,normal,11,0,1,16.565175,0.9969710552408896,31.0249,7.456666666666666,3.4717296361708043,0.4290000000000002,0,0.2842760659132212,0
2024-01-01 11:15:00,24.6,12.796,1.179,5.95,50.31,1010.42,15.017,normal,11,0,1,15.086484,0.9953942880262888,35.4025,7.548333333333333,3.413335123697447,0.2990000000000012,0,0.35240142804373054,0
2024-01-01 11:20:00,24.76,13.922,1.347,3.94,53.54,1011.76,18.757,warning,11,0,1,18.752934,1.0,15.5236,6.3116666666666665,3.0844605146875628,1.1260000000000012,1,0.2920591213778293,0
2024-01-01 11:25:00,25.82,12.782,1.171,5.84,49.94,1007.52,14.949,normal,11,0,1,14.967722,0.9987491750581684,34.105599999999995,5.213333333333334,0.7899282667854483,1.1400000000000006,0,0.15307434088054162,0
2024-01-01 11:30:00,26.63,12.851,1.246,4.95,53.53,1012.86,16.079,normal,11,0,1,16.012346,1.0,24.5025,5.138333333333334,0.7900232064102055,0.0690000000000008,0,0.02443787583513979,0
2024-01-01 11:35:00,25.79,12.629,1.094,4.23,48.65,1014.74,13.701,normal,11,0,1,13.816126,0.9916672734455376,17.892900000000004,5.08,0.850129401914788,0.2220000000000013,0,0.09302146485187701,0
2024-01-01 11:40:00,24.88,12.907,1.147,4.49,59.56,1010.39,14.765,normal,11,0,1,14.804329,0.9973434121870705,20.160100000000003,4.9,0.8399047565051617,0.2780000000000004,0,0.05156740117451952,0
2024-01-01 11:45:00,25.69,12.675,1.292,4.3,55.39,1016.0,16.268,normal,11,0,1,16.3761,0.9933989167139916,18.49,4.625,0.6827810776522696,0.2319999999999993,0,0.10839416813888347,0
2024-01-01 11:50:00,39.55,12.304,1.399,7.21,54.58,1007.09,15.71,critical,11,0,1,17.213296,0.9126665805317008,51.9841,5.17,1.1629101427023476,0.3710000000000004,2,0.566810993271187,1
2024-01-01 11:55:00,26.27,14.0,1.484,4.99,47.2,1016.35,20.739,warning,11,0,1,20.776,0.9982190989603388,24.9001,5.028333333333333,1.1157852242553945,1.6959999999999995,1,0.13431202595748293,0
2024-01-01 12:00:00,24.27,12.28,0.934,11.93,57.58,1010.07,10.379,warning,12,0,1,11.46952,0.9049201710272096,142.3249,6.191666666666667,3.0242911015090232,1.7200000000000006,1,0.7393596380351908,1
2024-01-01 12:05:00,24.97,12.455,1.153,4.86,60.86,1020.95,14.398,normal,12,0,1,14.360615,1.0,23.6196,6.296666666666667,2.952650786440324,0.1750000000000007,0,0.15551345883078105,0
2024-01-01 12:10:00,24.48,12.484,1.017,3.83,52.54,1005.66,12.67,normal,12,0,1,12.696228,0.9979341895876476,14.6689,6.186666666666667,3.044290831485497,0.0289999999999999,0,0.2533353431570441,0
2024-01-01 12:15:00,38.35,11.598,1.186,6.0,56.38,1008.75,12.698,critical,12,0,1,13.755228,0.92313991451105,36.0,6.47,2.909714762652861,0.8859999999999992,2,0.4657350402016861,1
2024-01-01 12:20:00,37.7,11.901,1.363,6.97,55.2,1009.1,14.866,warning,12,0,1,16.221063,0.9164627496977232,48.5809,6.43,2.899137802864844,0.302999999999999,1,0.5464985709586792,1
2024-01-01 12:25:00,26.19,12.45,1.011,3.84,52.08,1010.16,12.652,normal,12,0,1,12.586949999999998,1.0,14.7456,6.238333333333333,3.0475919455640152,0.5489999999999995,0,0.29980879094091295,0
2024-01-01 12:30:00,23.9,12.702,1.029,4.51,57.75,1014.55,12.983,normal,12,0,1,13.070358,0.9933163269131574,20.3401,5.001666666666666,1.2534020371240289,0.2520000000000006,0,0.09969611263806955,0
2024-01-01 12:35:00,25.09,10.0,0.666,5.38,57.21,1023.27,6.241,warning,12,0,1,6.66,0.937087087087087,28.9444,5.088333333333334,1.2596097279183998,2.702,1,0.2613948844479459,0
2024-01-01 12:40:00,23.75,12.585,1.068,4.38,54.94,1015.1,13.393,normal,12,0,1,13.440780000000002,0.996445146784636,19.1844,5.18,1.1662761251093148,2.585000000000001,0,0.12771328323906972,0
2024-01-01 12:45:00,25.14,12.544,1.074,4.79,59.33,1009.2,13.518,normal,12,0,1,13.472256000000002,1.0,22.9441,4.978333333333333,1.0987887270383991,0.0410000000000003,0,0.07559804129681846,0
2024-01-01 12:50:00,22.74,12.42,1.265,11.87,54.53,1024.05,14.125,warning,12,0,1,15.711299999999998,0.8990344529096893,140.8969,5.794999999999999,3.01871992738644,0.1240000000000005,1,0.7429305673105089,1
2024-01-01 12:55:00,25.32,12.47,0.979,4.58,55.42,1018.19,12.219,normal,12,0,1,12.20813,1.0,20.9764,5.918333333333333,2.9368787286278373,0.0500000000000007,0,0.17546652356903036,0
2024-01-01 13:00:00,24.88,12.02,0.726,3.13,55.91,1017.94,8.761,normal,13,0,1,8.726519999999999,1.0,9.7969,5.6883333333333335,3.117700541531637,0.450000000000001,0,0.3309797115189087,0
2024-01-01 13:05:00,23.81,12.011,0.92,3.87,61.79,1024.5,11.076,normal,13,0,1,11.05012,1.0,14.9769,5.4366666666666665,3.207227255226337,0.0090000000000003,0,0.21465646527166438,0
2024-01-01 13:10:00,23.83,10.955,0.594,4.79,61.86,1011.45,6.182,warning,13,0,1,6.50727,0.95001436854472,22.9441,5.505,3.184498390641766,1.0559999999999992,1,0.32432651137092217,0
2024-01-01 13:15:00,23.01,12.082,0.952,3.67,56.76,1009.41,11.516,normal,13,0,1,11.502064,1.0,13.4689,5.318333333333333,3.2665603724203023,1.127000000000001,0,0.23379000475745526,0
2024-01-01 13:20:00,22.31,12.131,0.906,3.85,63.64,1014.55,10.944,normal,13,0,1,10.990686,0.99575222147189,14.822500000000002,3.981666666666667,0.6105216348882954,0.0489999999999994,0,0.13157677340517282,0
2024-01-01 13:25:00,24.52,12.183,0.858,3.59,58.51,1011.45,10.426,normal,13,0,1,10.453014,0.9974156736038048,12.8881,3.816666666666667,0.5469430195794422,0.0519999999999996,0,0.11198347826144017,0
2024-01-01 13:30:00,24.58,12.411,0.845,3.96,54.06,1004.17,10.512,normal,13,0,1,10.487295,1.0,15.6816,3.955,0.4312655794287443,0.2279999999999997,0,0.10478586380910115,0
2024-01-01 13:35:00,23.1,12.153,1.049,14.08,50.56,1016.92,11.46,critical,13,0,1,12.748497,0.898929497336039,198.2464,5.656666666666666,4.148839195084171,0.2579999999999991,2,0.7714606481357007,1
2024-01-01 13:40:00,23.76,14.0,1.144,2.67,56.1,1009.07,16.055,critical,13,0,1,16.016,1.0,7.1289,5.303333333333334,4.323987357366655,1.8469999999999995,2,0.39645327789864604,1
2024-01-01 13:45:00,22.98,12.403,0.812,4.11,61.05,1011.85,9.995,normal,13,0,1,10.071236,0.9924303233485938,16.892100000000003,5.376666666666666,4.294376167345692,1.5969999999999995,0,0.2679434745441621,0
2024-01-01 13:50:00,25.14,12.072,0.959,4.21,59.53,1016.31,11.553,normal,13,0,1,11.577048,0.997922786534184,17.7241,5.4366666666666665,4.2712324528953785,0.3310000000000013,0,0.2364274518041939,0
2024-01-01 13:55:00,25.23,12.534,0.898,2.79,53.48,1017.11,11.397,normal,13,0,1,11.255532,1.0,7.7841,5.303333333333334,4.352128980931823,0.4620000000000015,0,0.3784319873761528,0
2024-01-01 14:00:00,21.98,11.981,0.581,3.93,68.29,1015.24,6.908,normal,14,0,1,6.960960999999999,0.9923917114317982,15.4449,5.298333333333333,4.353997779818758,0.5530000000000008,0,0.3201353700490315,0
2024-01-01 14:05:00,19.82,11.773,0.538,13.03,62.56,1019.41,5.744,critical,14,0,1,6.333874000000001,0.9068699503652896,169.78089999999997,5.123333333333334,3.9309981768841697,0.2080000000000001,2,0.8377279278917201,1
2024-01-01 14:10:00,21.24,12.183,0.596,3.16,53.4,1005.94,7.239,normal,14,0,1,7.261068,0.9969607776707228,9.985600000000002,5.204999999999999,3.874520615508453,0.4100000000000001,0,0.2228332017475977,0
2024-01-01 14:15:00,21.77,11.854,0.742,3.22,63.7,1019.4,8.834,normal,14,0,1,8.795668,1.0,10.3684,5.056666666666667,3.941287437712031,0.3290000000000006,0,0.17997345382423557,0
2024-01-01 14:20:00,18.7,12.326,0.787,3.93,63.33,1010.04,9.598,normal,14,0,1,9.700562,0.989427210505948,15.4449,5.010000000000001,3.954951327134128,0.4720000000000013,0,0.4413752884638559,1
2024-01-01 14:25:00,23.26,12.074,0.617,3.14,58.79,1013.87,7.465,normal,14,0,1,7.449657999999999,1.0,9.8596,5.068333333333333,3.918067976269256,0.2520000000000006,0,0.2142378791484082,0
2024-01-01 14:30:00,20.06,10.0,0.309,2.71,58.34,1018.63,2.962,warning,14,0,1,3.09,0.9585760517799354,7.3441,4.865,4.019307154224469,2.074,1,0.3162120845151124,0
2024-01-01 14:35:00,22.57,12.173,0.637,15.0,59.33,1007.57,6.967,critical,14,0,1,7.754201,0.8984807074255619,225.0,5.193333333333334,4.820338853925797,2.173,2,0.8454203556990251,1
2024-01-01 14:40:00,21.06,12.212,0.655,2.53,60.67,1001.91,8.022,normal,14,0,1,7.99886,1.0,6.400899999999999,5.088333333333333,4.879981215810843,0.0389999999999997,0,0.2671217777100682,0
2024-01-01 14:45:00,21.12,11.79,0.758,3.14,65.1,1014.62,8.951,normal,14,0,1,8.936819999999999,1.0,9.8596,5.075,4.886212234440907,0.4220000000000006,0,0.27918504018800694,0
2024-01-01 14:50:00,22.28,11.896,0.788,2.58,61.23,1015.43,9.472,normal,14,0,1,9.374048,1.0,6.6564000000000005,4.8500000000000005,4.979670671841663,0.1060000000000016,0,0.3041275531477766,0
2024-01-01 14:55:00,24.33,12.213,0.723,3.55,56.44,1012.97,8.772,normal,14,0,1,8.829998999999999,0.9934315960851186,12.6025,4.918333333333333,4.954260456078855,0.3169999999999984,0,0.2925237133884597,0
2024-01-01 15:00:00,21.17,11.663,0.412,1.97,65.57,1025.47,4.746,normal,15,0,1,4.805156,0.9876890573375766,3.8809,4.795,5.028879596888357,0.5499999999999989,0,0.33672543933050003,0
2024-01-01 15:05:00,19.4,11.801,0.417,2.4,59.89,1014.8,4.927,normal,15,0,1,4.921017,1.0,5.76,2.6950000000000003,0.5625211107149756,0.1379999999999999,0,0.051988882012044546,0
2024-01-01 15:10:00,20.23,11.7,0.714,1.83,59.81,1007.6,8.363,normal,15,0,1,8.3538,1.0,3.3489000000000004,2.5783333333333336,0.6665558241187882,0.1010000000000008,0,0.22337693576493023,0
2024-01-01 15:15:00,21.06,11.816,0.466,2.77,59.76,1014.89,5.472,normal,15,0,1,5.5062560000000005,0.9937787127950464,7.6729,2.5166666666666666,0.6196665770127329,0.1160000000000014,0,0.011477703438964815,0
2024-01-01 15:20:00,20.82,13.351,0.518,2.8,61.11,1003.43,6.89,warning,15,0,1,6.915818000000001,0.9962668190516292,7.839999999999999,2.553333333333333,0.6305764558455041,1.535,1,0.032105021749787355,0
2024-01-01 15:25:00,21.67,12.341,0.664,4.03,68.94,1017.52,8.25,warning,15,0,1,8.194424,1.0,16.240900000000003,2.6333333333333333,0.7920774372917567,1.0100000000000016,1,0.23738009272331417,0
2024-01-01 15:30:00,21.43,11.663,0.575,2.77,64.62,1008.15,6.772,normal,15,0,1,6.706225,1.0,7.6729,2.766666666666667,0.7223480232316526,0.677999999999999,0,0.016661143745862694,0
2024-01-01 15:35:00,22.39,11.627,0.517,2.79,62.81,1003.56,6.032,normal,15,0,1,6.011159,1.0,7.7841,2.8316666666666666,0.6999547604428987,0.0359999999999995,0,0.03404910831003305,0
2024-01-01 15:40:00,21.87,11.84,0.527,2.29,61.81,1018.7,6.222,normal,15,0,1,6.23968,0.9971665213600698,5.2441,2.908333333333333,0.5838635685386402,0.2129999999999992,0,0.051363585325948646,0
2024-01-01 15:45:00,21.18,11.944,0.49,11.87,64.95,1005.78,5.331,warning,15,0,1,5.85256,0.9108834424593684,140.8969,4.425,3.6931057390765294,0.1040000000000009,1,0.8030578939776167,1
2024-01-01 15:50:00,21.34,11.758,0.533,3.5,60.96,1015.5,6.286,normal,15,0,1,6.267014,1.0,12.25,4.541666666666667,3.642210409444609,0.1860000000000017,0,0.22051532159360476,0
2024-01-01 15:55:00,21.95,12.048,0.583,2.55,58.65,1020.53,6.97,normal,15,0,1,7.023984,0.992314333290053,6.5025,4.294999999999999,3.732783143982517,0.2900000000000009,0,0.21038227758062478,0
2024-01-01 16:00:00,21.7,11.46,0.395,1.81,65.87,1006.27,4.505,normal,16,0,1,4.526700000000001,0.9952062208672984,3.2761,4.135,3.8305182417004624,0.5879999999999992,0,0.31370977348733553,0
2024-01-01 16:05:00,21.74,11.733,0.531,1.73,63.94,1017.81,6.184,normal,16,0,1,6.2302230000000005,0.9925808434144332,2.9929,3.9583333333333335,3.928156904537632,0.2729999999999997,0,0.3385964207968698,0
2024-01-01 16:10:00,37.62,10.878,0.706,4.64,63.23,1021.72,6.7,warning,16,0,1,7.679868,0.8724108278944378,21.5296,4.35,3.844814689942807,0.8550000000000004,1,0.5894623283351937,1
2024-01-01 16:15:00,21.06,11.531,0.323,2.52,61.65,1004.63,3.696,normal,16,0,1,3.724513,0.9923445024893188,6.3504000000000005,2.7916666666666665,1.108249370253229,0.6530000000000005,0,0.07809184239283995,0
2024-01-01 16:20:00,21.09,11.774,0.295,2.17,59.54,1012.91,3.415,normal,16,0,1,3.47333,0.9832063178563512,4.7089,2.57,1.0706073042904265,0.2429999999999985,0,0.07314708529865266,0
2024-01-01 16:25:00,37.73,11.016,0.665,4.85,59.69,1007.22,6.753,warning,16,0,1,7.325640000000001,0.9218307205923304,23.5225,2.953333333333333,1.4175565832328096,0.7579999999999991,1,0.5992268792934826,1
2024-01-01 16:30:00,19.78,11.527,0.582,3.19,56.16,1014.5,6.699,normal,16,0,1,6.708713999999999,0.998552032475971,10.1761,3.1833333333333336,1.302208380662126,0.5109999999999992,0,0.17604155758119377,0
2024-01-01 16:35:00,20.16,11.646,0.518,2.01,59.25,1006.16,6.017,normal,16,0,1,6.032628000000001,0.9974094209024656,4.040099999999999,3.23,1.2433985684405504,0.1190000000000015,0,0.1655812857216573,0
2024-01-01 16:40:00,22.19,11.489,0.514,2.42,57.51,1009.58,5.917,normal,16,0,1,5.905346000000001,1.0,5.8564,2.86,1.05610605528044,0.157,0,0.08602534768708281,0
2024-01-01 16:45:00,21.14,11.533,0.434,3.25,63.32,1020.78,4.997,normal,16,0,1,5.005322,0.9983373697036876,10.5625,2.981666666666667,1.051140650277915,0.0439999999999987,0,0.10952897803449513,0
2024-01-01 16:50:00,22.2,11.637,0.426,2.63,63.46,1015.86,4.937,normal,16,0,1,4.957362,0.9958925735098628,6.916899999999999,3.058333333333333,0.995397742948354,0.1040000000000009,0,0.09473608086827345,0
2024-01-01 16:55:00,20.73,11.782,0.535,3.32,65.03,1009.72,6.332,normal,16,0,1,6.30337,1.0,11.0224,2.803333333333333,0.5333541662597933,0.1449999999999995,0,0.07214298845598732,0
2024-01-01 17:00:00,20.07,11.387,0.217,1.99,61.11,1002.86,2.511,normal,17,0,1,2.4709790000000003,1.0,3.9601,2.603333333333333,0.5821225529617283,0.3949999999999996,0,0.10613111104682271,0
2024-01-01 17:05:00,22.08,11.445,0.339,1.97,66.52,1010.49,3.926,normal,17,0,1,3.879855000000001,1.0,3.8809,2.5966666666666667,0.5904461589905385,0.0579999999999998,0,0.07306631764306637,0
2024-01-01 17:10:00,19.58,11.67,0.205,2.41,68.32,1001.08,2.469,normal,17,0,1,2.39235,1.0,5.8081000000000005,2.595,0.5910583727518067,0.2249999999999996,0,0.13279188508261996,0
2024-01-01 17:15:00,20.86,11.564,0.391,1.89,62.88,1017.91,4.453,normal,17,0,1,4.521524,0.984844932814688,3.5721,2.3683333333333336,0.5489049705246637,0.1059999999999998,0,0.029420993848670474,0
2024-01-01 17:20:00,20.66,11.414,0.324,2.25,58.44,1011.08,3.656,normal,17,0,1,3.698136,0.988606151855962,5.0625,2.305,0.5344062125387539,0.1500000000000003,0,0.022345223889322474,0
2024-01-01 17:25:00,19.97,11.509,0.292,2.8,60.35,1012.8,3.385,normal,17,0,1,3.360628,1.0,7.839999999999999,2.2183333333333333,0.3457407506596279,0.0950000000000006,0,0.14912495969326345,0
2024-01-01 17:30:00,21.72,11.463,0.397,3.25,62.69,1008.32,4.631,normal,17,0,1,4.550811,1.0,10.5625,2.428333333333333,0.5187067251026166,0.0460000000000011,0,0.10515753614969559,0
2024-01-01 17:35:00,17.39,11.54,0.318,2.53,65.65,1018.9,3.613,normal,17,0,1,3.66972,0.984543779906914,6.400899999999999,2.5216666666666665,0.4676073851712361,0.0769999999999999,0,0.26960534412702597,0
2024-01-01 17:40:00,19.4,11.451,0.248,2.49,64.45,1018.65,2.904,normal,17,0,1,2.839848,1.0,6.200100000000001,2.535,0.4649193478443481,0.0889999999999986,0,0.12201283069122126,0
2024-01-01 17:45:00,22.39,11.306,0.397,1.91,61.74,1014.14,4.511,normal,17,0,1,4.488482,1.0,3.6481,2.538333333333333,0.459409040688884,0.1450000000000013,0,0.10346174701626665,0
2024-01-01 17:50:00,39.01,10.658,0.743,5.16,61.39,1013.9,6.846,critical,17,0,1,7.918894,0.864514665810655,26.6256,3.023333333333333,1.1343661960172635,0.6479999999999997,2,0.5791717499574947,1
2024-01-01 17:55:00,18.43,11.505,0.359,1.96,61.67,1005.74,4.182,normal,17,0,1,4.130295,1.0,3.8416,2.8833333333333333,1.2163168446859058,0.8470000000000013,0,0.24638303946503348,0
2024-01-01 18:00:00,17.72,11.599,0.232,1.66,66.1,1020.11,2.619,normal,18,0,1,2.690968,0.973255720618008,2.7556,2.618333333333333,1.291346842125182,0.0939999999999994,0,0.4323302189045265,1
2024-01-01 18:05:00,17.44,11.517,0.211,2.33,65.45,1011.09,2.36,normal,18,0,1,2.430087,0.9711586457604192,5.4289000000000005,2.5850000000000004,1.2966533846791954,0.0820000000000007,0,0.40613797085528314,1
2024-01-01 18:10:00,19.35,11.605,0.301,2.47,64.78,1014.18,3.516,normal,18,0,1,3.493105,1.0,6.100900000000001,2.5816666666666666,1.2969721148377402,0.0880000000000009,0,0.16416786321447174,0
2024-01-01 18:15:00,35.9,11.25,0.528,4.53,61.44,1024.82,5.512,warning,18,0,1,5.94,0.927946127946128,20.5209,3.018333333333333,1.4568104429426214,0.3550000000000004,1,0.6213046733498662,1
2024-01-01 18:20:00,19.74,10.0,0.231,2.63,67.54,1008.87,2.31,warning,18,0,1,2.31,1.0,6.916899999999999,2.596666666666667,1.0108148528126604,1.25,1,0.14605425467404398,0
2024-01-01 18:25:00,38.6,11.116,0.398,4.01,63.77,1014.95,4.063,critical,18,0,1,4.424168,0.9183647637250664,16.080099999999998,2.938333333333333,1.095489236216713,1.1159999999999997,2,0.5600253520825987,1
2024-01-01 18:30:00,19.32,11.255,0.183,14.45,65.43,1017.61,1.855,critical,18,0,1,2.0596650000000003,0.900631898876759,208.8025,5.07,4.682324209193548,0.1390000000000011,2,0.919355494103675,1
2024-01-01 18:35:00,20.45,11.578,0.257,2.52,62.29,1009.37,2.99,normal,18,0,1,2.975546,1.0,6.3504000000000005,5.101666666666667,4.660679850265051,0.3229999999999986,0,0.36808126554009835,0
2024-01-01 18:40:00,37.88,10.83,0.649,5.75,63.76,1013.54,6.123,warning,18,0,1,7.02867,0.8711463192894247,33.0625,5.648333333333333,4.47909105362535,0.7479999999999993,1,0.7081240717171494,1
2024-01-01 18:45:00,22.44,11.47,0.401,1.32,68.63,1012.35,4.555,normal,18,0,1,4.59947,0.9903314947156954,1.7424000000000002,5.113333333333332,4.818251411732959,0.6400000000000006,0,0.5323784664160209,1
2024-01-01 18:50:00,20.82,11.484,0.251,1.62,69.03,1011.25,2.806,normal,18,0,1,2.882484,0.9734659411812868,2.6244000000000005,4.944999999999999,4.938504834461539,0.0139999999999993,0,0.4568412014601815,1
2024-01-01 18:55:00,19.72,11.392,0.286,2.15,62.88,1015.76,3.356,normal,18,0,1,3.258112,1.0,4.6225,4.634999999999999,5.065675670628746,0.0920000000000005,0,0.38513662308594654,0
2024-01-01 19:00:00,20.99,11.589,0.248,1.99,67.29,1018.79,2.873,normal,19,0,1,2.874072,0.9996270100401105,3.9601,2.558333333333333,1.61813987858488,0.1970000000000009,0,0.18808551786446293,0
2024-01-01 19:05:00,21.24,11.259,0.292,2.55,67.54,1016.13,3.303,normal,19,0,1,3.287628,1.0,6.5025,2.563333333333333,1.6180440867500148,0.33,0,0.16296591251067294,0
2024-01-01 19:10:00,19.9,11.654,0.299,1.78,64.14,1022.73,3.512,normal,19,0,1,3.484546,1.0,3.1684,1.9016666666666664,0.4294841867481244,0.3949999999999996,0,0.14827244144363227,0
2024-01-01 19:15:00,22.7,11.625,0.448,2.07,62.5,1025.41,5.124,normal,19,0,1,5.208,0.9838709677419354,4.2849,2.026666666666666,0.3220351947640138,0.0289999999999999,0,0.16846458295307176,0
2024-01-01 19:20:00,21.76,11.39,0.297,2.45,62.29,1011.27,3.312,normal,19,0,1,3.38283,0.9790619097028228,6.002500000000001,2.165,0.2889809682315222,0.2349999999999994,0,0.12793975493245524,0
2024-01-01 19:25:00,20.54,11.969,0.521,1.45,63.64,1018.29,6.181,warning,19,0,1,6.235849,0.9912042450033668,2.1025,2.048333333333333,0.4115539656797102,0.5789999999999988,1,0.27503029827007985,0
2024-01-01 19:30:00,20.96,11.715,0.284,1.84,64.96,1016.32,3.341,normal,19,0,1,3.3270599999999995,1.0,3.3856,2.023333333333333,0.420269754641821,0.2539999999999995,0,0.11616131676534158,0
2024-01-01 19:35:00,19.61,11.381,0.301,1.73,67.23,1016.53,3.482,normal,19,0,1,3.425681,1.0,2.9929,1.886666666666666,0.3405094222876925,0.3339999999999996,0,0.20412893682030597,0
2024-01-01 19:40:00,17.35,11.56,0.279,1.98,62.47,1007.58,3.168,normal,19,0,1,3.2252400000000003,0.9822524835361088,3.9204,1.92,0.3377573093213987,0.1790000000000002,0,0.3749263846442198,0
2024-01-01 19:45:00,21.47,11.493,0.436,1.1,62.79,1011.69,4.969,normal,19,0,1,5.010948,0.991628729733376,1.2100000000000002,1.758333333333333,0.4611904884824703,0.0670000000000001,0,0.3781277740108875,0
2024-01-01 19:50:00,18.39,11.529,0.315,1.6,59.74,1019.03,3.63,normal,19,0,1,3.631635,0.999549789557596,2.5600000000000005,1.6166666666666665,0.3129643217152734,0.0359999999999995,0,0.4041650113424493,1
2024-01-01 19:55:00,18.86,11.419,0.427,2.11,61.66,1007.87,4.937,normal,19,0,1,4.875913,1.0,4.4521,1.7266666666666666,0.3557339830079492,0.1099999999999994,0,0.24720264426519312,0
2024-01-01 20:00:00,20.78,11.721,0.29,2.71,62.38,1029.33,3.296,normal,20,0,1,3.39909,0.9696712943758476,7.3441,1.8716666666666664,0.5404966851579186,0.3019999999999996,0,0.12924056547414065,0
2024-01-01 20:05:00,21.09,11.713,0.426,1.97,64.5,1015.32,4.951,normal,20,0,1,4.989737999999999,0.992236466123071,3.8809,1.9116666666666664,0.5367836311463844,0.0080000000000008,0,0.09067864010773152,0
2024-01-01 20:10:00,39.29,10.989,0.649,4.51,60.44,1017.31,6.145,critical,20,0,1,7.131861000000001,0.8616264394384577,20.3401,2.333333333333333,1.1933594038120672,0.7239999999999984,2,0.5861771962040252,1
2024-01-01 20:15:00,20.28,11.639,0.272,2.69,63.33,1016.67,3.075,normal,20,0,1,3.165808,0.9713160115837726,7.236099999999999,2.598333333333333,1.030076048972448,0.6499999999999986,0,0.11081656203195556,0
2024-01-01 20:20:00,19.72,11.706,0.557,2.77,66.7,1017.15,6.483,normal,20,0,1,6.5202420000000005,0.9942882488103968,7.6729,2.793333333333333,0.9066348033616884,0.0670000000000001,0,0.09986298902116997,0
2024-01-01 20:25:00,21.12,11.489,0.58,2.57,64.0,1024.48,6.613,normal,20,0,1,6.66362,0.9924035284124846,6.604899999999999,2.87,0.8552894246978736,0.2169999999999987,0,0.04143324943988991,0
2024-01-01 20:30:00,23.48,11.586,0.42,2.53,59.38,1007.79,4.898,normal,20,0,1,4.86612,1.0,6.400899999999999,2.84,0.8651242685302615,0.0969999999999995,0,0.1235977021999739,0
2024-01-01 20:35:00,21.27,11.495,0.378,14.87,61.09,1017.29,3.961,critical,20,0,1,4.34511,0.9115994761927776,221.1169,4.989999999999999,4.898391572751202,0.091000000000001,2,0.8651424935137836,1
2024-01-01 20:40:00,21.1,11.706,0.309,12.45,65.11,1008.35,3.41,warning,20,0,1,3.617154,0.9427301132326686,155.00249999999997,6.313333333333333,5.742562726402442,0.2110000000000003,1,0.9185806628627099,1
2024-01-01 20:45:00,18.91,11.728,0.496,2.69,69.28,1004.76,5.841,normal,20,0,1,5.817088,1.0,7.236099999999999,6.313333333333333,5.742562726402442,0.0220000000000002,0,0.5649846949776713,1
2024-01-01 20:50:00,18.86,11.47,0.303,2.24,65.17,1014.71,3.497,normal,20,0,1,3.47541,1.0,5.017600000000001,6.224999999999999,5.8116288594506775,0.2579999999999991,0,0.6425764880486282,1
2024-01-01 20:55:00,21.7,11.726,0.434,2.84,63.74,1009.97,5.041,normal,20,0,1,5.089084000000001,0.9905515412989844,8.0656,6.27,5.778619212234007,0.2560000000000002,0,0.4462438555903583,1
2024-01-01 21:00:00,21.05,11.684,0.479,2.42,64.84,1013.92,5.624,normal,21,0,0,5.596635999999999,1.0,5.8564,6.251666666666666,5.793014471470501,0.0420000000000015,0,0.458375798327594,1
2024-01-01 21:05:00,36.9,11.234,0.666,4.59,62.89,1023.59,6.933,warning,21,0,0,7.481844000000001,0.9266432179018969,21.0681,4.538333333333333,3.966547197080437,0.4499999999999993,1,0.584339986059127,1
2024-01-01 21:10:00,21.96,11.792,0.58,2.26,59.03,1016.28,6.792,normal,21,0,0,6.839359999999999,0.9930753754737286,5.107599999999999,2.84,0.8896965774914636,0.5579999999999998,0,0.09339265366313365,0
2024-01-01 21:15:00,21.66,12.137,0.414,2.11,63.42,1008.07,5.003,normal,21,0,0,5.024718,0.995677767389135,4.4521,2.7433333333333327,0.9393756791969292,0.3450000000000006,0,0.06650019841557375,0
2024-01-01 21:20:00,36.57,11.097,0.963,4.63,64.45,1002.1,9.821,warning,21,0,0,10.686411,0.9190176196666964,21.4369,3.141666666666666,1.163295605882996,1.040000000000001,1,0.5267646117472953,1
2024-01-01 21:25:00,20.99,11.742,0.552,2.28,58.79,1009.03,6.53,normal,21,0,0,6.481584000000001,1.0,5.1984,3.0483333333333333,1.2137119372679366,0.6450000000000014,0,0.11215523378693304,0
2024-01-01 21:30:00,22.48,11.44,0.458,1.97,58.92,1008.87,5.258,normal,21,0,0,5.23952,1.0,3.8809,2.9733333333333327,1.2727712546513177,0.3020000000000014,0,0.1759537456741621,0
2024-01-01 21:35:00,20.54,11.384,0.358,13.29,63.01,1009.1,3.649,critical,21,0,0,4.075472,0.8953564151587842,176.62409999999997,4.423333333333333,4.456562202714854,0.0559999999999991,2,0.8462087072734772,1
2024-01-01 21:40:00,19.4,11.648,0.575,3.41,70.27,1021.23,6.661,normal,21,0,0,6.6976,0.9945353559483996,11.628100000000002,4.614999999999999,4.368779005626172,0.2639999999999993,0,0.3303393613251756,0
2024-01-01 21:45:00,19.42,12.039,0.498,2.57,60.63,1004.9,6.004,normal,21,0,0,5.995422,1.0,6.604899999999999,4.6916666666666655,4.319788960894579,0.391,0,0.32384084692839954,0
2024-01-01 21:50:00,19.72,12.017,0.507,2.06,59.42,1019.84,6.142,normal,21,0,0,6.092619,1.0,4.2436,4.263333333333333,4.452503415682763,0.0220000000000002,0,0.3321889503385398,0
2024-01-01 21:55:00,22.71,11.801,0.415,2.65,61.39,1017.63,4.849,normal,21,0,0,4.897415,0.9901141724767046,7.0225,4.324999999999999,4.421998417005597,0.2159999999999993,0,0.2961490537549958,0
2024-01-01 22:00:00,21.91,11.862,0.675,3.48,56.0,1019.52,8.01,normal,22,0,0,8.00685,1.0,12.1104,4.576666666666666,4.302518642221863,0.0609999999999999,0,0.19286252118729108,0
2024-01-01 22:05:00,19.85,12.238,0.642,3.76,63.86,1023.63,7.872,normal,22,0,0,7.856796,1.0,14.1376,2.9883333333333333,0.6582223535148983,0.3759999999999994,0,0.23869999256508756,0
2024-01-01 22:10:00,23.83,11.947,0.736,3.34,56.81,1013.96,8.77,normal,22,0,0,8.792992,0.9973851903879816,11.1556,2.9766666666666666,0.6498204880324195,0.2910000000000003,0,0.11211086044508667,0
2024-01-01 22:15:00,35.8,11.339,1.064,5.02,56.48,1011.41,11.073,warning,22,0,0,12.064696,0.9178018244305534,25.200399999999995,3.385,1.0120029644225452,0.6079999999999988,1,0.49081577052499936,1
2024-01-01 22:20:00,22.93,11.925,0.64,2.83,57.97,1008.07,7.605,normal,22,0,0,7.632000000000001,0.9964622641509434,8.0089,3.513333333333333,0.8454978809356558,0.5860000000000003,0,0.0664588695540711,0
2024-01-01 22:25:00,22.27,11.727,0.805,3.85,58.05,1013.16,9.457,normal,22,0,0,9.440235,1.0,14.822500000000002,3.713333333333333,0.7351643807113356,0.1980000000000004,0,0.12037797412279982,0
2024-01-01 22:30:00,23.48,10.053,0.432,4.26,57.74,1014.23,4.058,warning,22,0,0,4.3428960000000005,0.934399534319956,18.1476,3.843333333333333,0.754365075190176,1.6739999999999997,1,0.23491812561732195,0
2024-01-01 22:35:00,21.02,12.069,0.697,3.57,59.31,1008.15,8.441,normal,22,0,0,8.412093,1.0,12.7449,3.811666666666666,0.7625068305705073,2.016,0,0.11362106095156166,0
2024-01-01 22:40:00,23.25,11.989,0.637,3.46,64.21,1006.77,7.586,normal,22,0,0,7.636993,0.9933228955427876,11.9716,3.8316666666666666,0.749117258289168,0.08,0,0.07809380749667649,0
2024-01-01 22:45:00,21.11,11.918,0.678,3.03,52.13,992.63,8.131,normal,22,0,0,8.080404,1.0,9.1809,3.5,0.5246713256887762,0.0710000000000015,0,0.07491390949605414,0
2024-01-01 22:50:00,23.57,11.549,0.775,12.08,60.94,1016.25,8.086,warning,22,0,0,8.950474999999999,0.9034157405053924,145.9264,5.041666666666666,3.4722754307034265,0.3689999999999998,1,0.7741647021938909,1
2024-01-01 22:55:00,21.33,11.926,0.499,13.83,60.65,1013.75,5.378,critical,22,0,0,5.951074,0.9037024241338624,191.2689,6.704999999999999,4.88872478259924,0.3770000000000006,2,0.8599118681214049,1
2024-01-01 23:00:00,23.15,12.873,0.818,12.73,57.14,1020.81,9.5,warning,23,0,0,10.530114,0.902174468386572,162.05290000000002,8.116666666666667,5.250979591149315,0.9469999999999992,1,0.8787797343344592,1
2024-01-01 23:05:00,23.67,12.405,0.856,3.32,60.0,1004.23,10.694,normal,23,0,0,10.61868,1.0,11.0224,8.075000000000001,5.295079791655643,0.4679999999999999,0,0.49012233747242306,1
2024-01-01 23:10:00,20.15,12.029,0.587,10.83,61.17,1013.71,6.377,warning,23,0,0,7.061023,0.9031269265090908,117.2889,9.303333333333333,4.8462012614692975,0.3759999999999994,1,0.9364980306596724,1
2024-01-01 23:15:00,24.33,12.205,0.954,3.5,57.87,1015.02,11.713,normal,23,0,0,11.64357,1.0,12.25,9.381666666666666,4.72684849203638,0.1760000000000001,0,0.5255101831502542,1
2024-01-01 23:20:00,23.47,11.901,1.025,4.58,59.88,1023.96,12.223,normal,23,0,0,12.198524999999998,1.0,20.9764,8.131666666666666,4.860359726055945,0.3040000000000002,0,0.44237676180331986,1
2024-01-01 23:25:00,21.08,12.317,0.811,3.63,63.61,1012.43,9.898,normal,23,0,0,9.989087,0.9908813488159628,13.1769,6.431666666666668,4.208788028241224,0.4160000000000003,0,0.34859525090867294,0
2024-01-01 23:30:00,23.84,12.254,0.781,4.13,53.09,1005.14,9.502,normal,23,0,0,9.570374,0.9928556606042774,17.0569,4.998333333333333,2.8938377056543225,0.0630000000000006,0,0.20973445172341876,0
2024-01-01 23:35:00,21.87,12.374,0.826,4.28,60.6,1016.99,10.207,normal,23,0,0,10.220924,0.9986376965526796,18.3184,5.158333333333334,2.8077422721230434,0.120000000000001,0,0.2516764217240409,0
2024-01-01 23:40:00,25.78,12.0,0.817,3.45,57.67,1011.95,9.861,normal,23,0,0,9.803999999999998,1.0,11.902500000000002,3.928333333333333,0.4669653805869239,0.3740000000000005,0,0.18327155871195389,0
2024-01-01 23:45:00,24.28,12.208,1.005,3.51,58.23,1019.23,12.325,normal,23,0,0,12.26904,1.0,12.320099999999998,3.93,0.4651451386395692,0.2080000000000001,0,0.14805236188378268,0
2024-01-01 23:50:00,22.44,12.43,0.969,4.37,56.19,1007.95,12.02,normal,23,0,0,12.04467,0.9979517911242068,19.0969,3.895,0.4112298627288935,0.2219999999999995,0,0.2035902441300418,0
2024-01-01 23:55:00,23.86,12.339,0.842,3.75,59.61,1007.95,10.365,normal,23,0,0,10.389438,0.9976478034711792,14.0625,3.915,0.3984846295655885,0.0909999999999993,0,0.12346410023993426,0
2024-01-02 00:00:00,24.58,12.451,1.05,4.98,53.57,1017.38,13.098,normal,0,1,0,13.07355,1.0,24.800400000000003,4.056666666666667,0.5935542659830597,0.1120000000000001,0,0.14355692942607556,0
2024-01-02 00:05:00,24.59,12.522,1.166,4.49,52.96,1016.11,14.598,normal,0,1,0,14.600652,0.9998183642757872,20.160100000000003,4.091666666666667,0.6151558068218882,0.0709999999999997,0,0.11565160655271356,0
2024-01-02 00:10:00,24.37,12.724,1.001,3.63,55.23,1014.35,12.789,normal,0,1,0,12.736724,1.0,13.1769,4.121666666666667,0.5810479039345101,0.2019999999999999,0,0.10120407042266233,0
2024-01-02 00:15:00,24.91,12.492,1.013,4.1,55.78,1014.7,12.749,normal,0,1,0,12.654396,1.0,16.81,4.22,0.5012783657809494,0.2319999999999993,0,0.08976311008184201,0
2024-01-02 00:20:00,35.04,11.795,1.343,7.43,58.92,1013.06,14.554,warning,0,1,0,15.840685,0.9187733990038942,55.2049,4.73,1.4126145971212427,0.697000000000001,1,0.6445628804428161,1
2024-01-02 00:25:00,24.5,13.659,0.943,5.36,51.12,1017.81,12.89,warning,0,1,0,12.880437,1.0,28.729600000000005,4.998333333333334,1.3402897696642593,1.8640000000000008,1,0.19404229311042342,0
2024-01-02 00:30:00,24.12,12.478,0.986,4.61,53.61,1009.43,12.299,normal,0,1,0,12.303308,0.9996498502679116,21.2521,4.9366666666666665,1.3497802290249603,1.181000000000001,0,0.12500561626407547,0
2024-01-02 00:35:00,26.4,12.697,0.96,4.95,49.98,1015.27,12.208,normal,0,1,0,12.18912,1.0,24.5025,5.013333333333333,1.3322862555271946,0.2189999999999994,0,0.1275360890066245,0
2024-01-02 00:40:00,22.92,12.463,1.027,4.56,55.2,1018.91,12.794,normal,0,1,0,12.799500999999998,0.9995702176202028,20.7936,5.168333333333333,1.1851314976266014,0.2339999999999999,0,0.1713377870367233,0
2024-01-02 00:45:00,24.33,12.687,1.003,4.41,57.0,1004.31,12.58,normal,0,1,0,12.725060999999998,0.988600368988408,19.4481,5.22,1.1349361215504614,0.2240000000000002,0,0.08481176501663068,0
2024-01-02 00:50:00,25.64,12.572,1.227,4.98,58.58,1016.53,15.41,normal,0,1,0,15.425844,0.9989728925042934,24.800400000000003,4.8116666666666665,0.3502808397081926,0.1150000000000002,0,0.07160594523285557,0
2024-01-02 00:55:00,24.57,12.343,0.987,4.02,59.61,1013.68,12.195,normal,0,1,0,12.182541,1.0,16.160399999999996,4.588333333333334,0.3578500617111582,0.2289999999999992,0,0.1301220573337989,0
2024-01-02 01:00:00,38.25,12.212,1.496,6.3,58.35,1019.44,16.764,critical,1,1,0,18.269152,0.91761237741084,39.69,4.87,0.7865875666446865,0.1310000000000002,2,0.43940288115710713,1
2024-01-02 01:05:00,27.14,13.1,1.224,5.04,51.77,1013.47,15.998,normal,1,1,0,16.034399999999998,0.997729880756374,25.4016,4.885000000000001,0.7892718162965209,0.8879999999999999,0,0.058755200562300436,0
2024-01-02 01:10:00,24.77,12.934,1.251,4.8,52.63,1013.86,16.23,normal,1,1,0,16.180433999999998,1.0,23.04,4.925,0.7754676008706027,0.1660000000000003,0,0.059637369214722735,0
2024-01-02 01:15:00,26.7,11.277,1.422,4.13,50.32,1006.08,16.03,warning,1,1,0,16.035894,0.9996324495534832,17.0569,4.878333333333334,0.8198150197859733,1.657,1,0.20745255244297667,0
2024-01-02 01:20:00,27.96,12.763,1.275,4.91,51.75,1005.83,16.32,normal,1,1,0,16.272824999999997,1.0,24.1081,4.866666666666666,0.8185759993224062,1.4860000000000009,0,0.09377050626391481,0
2024-01-02 01:25:00,28.02,12.758,1.238,5.2,55.95,1007.46,15.788,normal,1,1,0,15.794403999999998,0.9995945399395888,27.040000000000003,5.0633333333333335,0.7088770462264056,0.0050000000000007,0,0.06667695631735471,0
2024-01-02 01:30:00,38.57,12.086,1.552,6.84,53.22,1016.3,17.295,critical,1,1,0,18.757472,0.9220325638764116,46.7856,5.153333333333333,0.9045588243263524,0.6719999999999988,2,0.5012653706684966,1
2024-01-02 01:35:00,25.76,12.736,1.221,5.25,54.21,1006.06,15.61,normal,1,1,0,15.550656000000002,1.0,27.5625,5.1883333333333335,0.9033585482335748,0.6500000000000004,0,0.03947703034110195,0
2024-01-02 01:40:00,27.46,12.272,1.27,11.46,53.28,1021.61,14.045,warning,1,1,0,15.58544,0.901161596977692,131.3316,6.298333333333335,2.678457889657156,0.4640000000000004,1,0.6588315450506559,1
2024-01-02 01:45:00,38.98,12.643,1.622,6.13,52.55,1018.74,18.804,critical,1,1,0,20.506946000000003,0.9169576006100564,37.5769,6.631666666666667,2.471059826606118,0.3710000000000004,2,0.369126485532146,0
2024-01-02 01:50:00,24.65,12.739,1.248,4.66,51.31,1012.71,15.895,normal,1,1,0,15.898272,0.999794191469362,21.7156,6.590000000000001,2.507732043101893,0.096,0,0.18340760739929474,0
2024-01-02 01:55:00,25.27,13.149,1.192,5.4,54.79,1029.47,15.705,normal,1,1,0,15.673607999999998,1.0,29.160000000000004,6.623333333333334,2.486802498524292,0.4099999999999983,0,0.16301099758693804,0
2024-01-02 02:00:00,28.34,10.945,1.287,4.91,50.59,1016.5,13.423,critical,2,1,0,14.086215,0.9529174444660968,24.1081,6.301666666666667,2.576380536075108,2.203999999999999,2,0.17835911753985845,0
2024-01-02 02:05:00,29.13,14.0,1.641,6.13,51.69,1016.39,22.989,warning,2,1,0,22.974,1.0,37.5769,6.448333333333334,2.529153349772738,3.055,1,0.13730998183566512,0
2024-01-02 02:10:00,27.8,13.074,1.342,6.09,46.09,1015.01,17.579,normal,2,1,0,17.545308000000002,1.0,37.0881,5.553333333333334,0.6615940346365493,0.9260000000000002,0,0.08918440781878456,0
2024-01-02 02:15:00,27.32,13.125,1.527,6.11,49.16,1017.4,19.973,normal,2,1,0,20.041875,0.9965634452864316,37.3321,5.550000000000001,0.6581489193184177,0.0510000000000001,0,0.08328092275829313,0
2024-01-02 02:20:00,29.71,13.058,1.366,6.22,51.43,1011.77,17.82,normal,2,1,0,17.837228,0.9990341548585912,38.6884,5.81,0.5323532661682451,0.0670000000000001,0,0.1482991077507113,0
2024-01-02 02:25:00,26.66,12.762,1.464,5.75,50.75,1012.91,18.739,normal,2,1,0,18.683568,1.0,33.0625,5.868333333333333,0.4964037335341713,0.2959999999999994,0,0.029043897018207532,0
2024-01-02 02:30:00,36.86,12.406,1.82,8.6,48.45,1024.27,20.768,warning,2,1,0,22.57892,0.919795986699098,73.96,6.483333333333333,1.0494125340716387,0.3559999999999998,1,0.8044147239453385,1
2024-01-02 02:35:00,29.69,10.0,0.735,5.68,51.09,1013.3,6.953,warning,2,1,0,7.35,0.9459863945578232,32.2624,6.408333333333332,1.0948135305460285,2.4060000000000006,1,0.368978924615858,0
2024-01-02 02:40:00,27.68,13.224,1.447,5.91,45.02,1008.01,19.166,normal,2,1,0,19.135128,1.0,34.9281,6.378333333333333,1.1076717323587613,3.224,0,0.020895380913602546,0
2024-01-02 02:45:00,27.87,12.973,1.427,6.17,52.24,1014.18,18.459,normal,2,1,0,18.512471,0.9971116227541964,38.0689,6.388333333333333,1.1050324278801322,0.2509999999999994,0,0.039271097012990475,0
2024-01-02 02:50:00,28.3,13.097,1.583,5.05,52.25,1014.82,20.721,normal,2,1,0,20.732551,0.999442856790754,25.5025,6.193333333333334,1.2361337575952942,0.1239999999999987,0,0.14988257608185684,0
2024-01-02 02:55:00,28.19,12.983,1.336,5.59,44.94,1023.45,17.396,normal,2,1,0,17.345288,1.0,31.2481,6.166666666666667,1.2492664514292624,0.1139999999999989,0,0.048876904760540074,0
2024-01-02 03:00:00,27.8,13.269,1.747,6.3,46.49,1015.44,23.164,normal,3,1,0,23.180943000000003,0.999269097896492,39.69,5.783333333333334,0.4512944345620344,0.2859999999999996,0,0.092113249461941,0
2024-01-02 03:05:00,36.33,11.908,2.0,7.81,47.73,1015.51,21.946,warning,3,1,0,23.816,0.9214813570708767,60.99609999999999,6.138333333333333,0.9336898128750584,1.3610000000000009,1,0.8011025624334865,1
2024-01-02 03:10:00,28.52,13.361,1.449,6.57,50.98,1004.19,19.42,normal,3,1,0,19.360089,1.0,43.1649,6.248333333333334,0.9402641472834428,1.4530000000000012,0,0.10246607395757912,0
2024-01-02 03:15:00,29.18,13.189,1.678,6.06,43.58,1014.23,22.101,normal,3,1,0,22.131142,0.9986380278071506,36.7236,6.23,0.9431648848425144,0.1720000000000006,0,0.033454174141944404,0
2024-01-02 03:20:00,28.24,13.144,1.667,6.57,54.11,1012.07,21.931,normal,3,1,0,21.911048,1.0,43.1649,6.483333333333333,0.7464493731437226,0.0449999999999999,0,0.02754869086663858,0
2024-01-02 03:25:00,28.82,13.209,1.667,6.85,51.53,1026.42,22.104,normal,3,1,0,22.019403,1.0,46.92249999999999,6.6933333333333325,0.6095462793477238,0.0649999999999995,0,0.04409417088982337,0
2024-01-02 03:30:00,27.41,13.432,1.512,6.83,47.65,1014.13,20.228,normal,3,1,0,20.309184,0.9960025966577484,46.6489,6.781666666666666,0.5787716878585648,0.2230000000000007,0,0.1032534597497844,0
2024-01-02 03:35:00,29.66,13.153,1.566,6.52,47.22,1018.62,20.664,normal,3,1,0,20.597598,1.0,42.5104,6.566666666666666,0.2858437801783607,0.2789999999999999,0,0.11413099948436889,0
2024-01-02 03:40:00,30.98,13.388,1.768,5.87,49.91,998.26,23.562,normal,3,1,0,23.669984,0.9954379352347684,34.456900000000005,6.449999999999999,0.4030384597032765,0.2349999999999994,0,0.18860452958583906,0
2024-01-02 03:45:00,28.73,13.158,1.565,6.03,45.85,1009.84,20.576,normal,3,1,0,20.59227,0.9992098976946204,36.3609,6.445,0.4089865523461494,0.2300000000000004,0,0.02886782631396767,0
2024-01-02 03:50:00,39.84,12.834,1.846,8.24,50.77,1011.11,21.729,critical,3,1,0,23.691564,0.917161906238018,67.8976,6.723333333333334,0.845923558406227,0.3239999999999998,2,0.8041629527361038,1
2024-01-02 03:55:00,29.79,13.632,1.606,6.13,51.76,1014.28,21.875,normal,3,1,0,21.892992,0.999178184507627,37.5769,6.603333333333333,0.8749323783394091,0.798,0,0.0482880491799893,0
2024-01-02 04:00:00,27.67,13.366,1.729,6.66,48.81,1008.73,23.134,normal,4,1,0,23.109814,1.0,44.3556,6.575,0.8688555691252652,0.266,0,0.050074909957028346,0
2024-01-02 04:05:00,30.52,14.0,1.758,7.64,46.36,1011.27,24.557,warning,4,1,0,24.612,0.997765317731188,58.3696,6.761666666666667,0.96919382306464,0.6340000000000003,1,0.33780082594965444,0
2024-01-02 04:10:00,29.06,13.496,1.617,7.78,44.69,1023.38,21.85,normal,4,1,0,21.823032,1.0,60.528400000000005,7.080000000000001,0.9306556828387086,0.5039999999999996,0,0.3843815568426816,0
2024-01-02 04:15:00,29.66,13.419,1.678,6.09,42.89,1019.87,22.479,normal,4,1,0,22.517082,0.9983087506631632,37.0881,7.09,0.917343992186128,0.0769999999999999,0,0.06839249995878871,0
2024-01-02 04:20:00,29.03,12.438,1.687,4.71,46.42,1016.37,20.945,warning,4,1,0,20.982906000000003,0.9981934818751986,22.1841,6.501666666666666,1.1377770724824152,0.981,1,0.260308067510547,0
2024-01-02 04:25:00,27.62,13.43,1.611,6.49,45.24,1012.21,21.64,normal,4,1,0,21.63573,1.0,42.1201,6.561666666666667,1.1236621674981562,0.9919999999999992,0,0.0689903049060856,0
2024-01-02 04:30:00,29.37,13.299,1.704,6.86,51.1,1018.85,22.73,normal,4,1,0,22.661496,1.0,47.0596,6.595,1.1301106140550967,0.1310000000000002,0,0.09489424156577375,0
2024-01-02 04:35:00,30.68,13.541,1.749,6.42,45.85,1020.87,23.652,normal,4,1,0,23.683209,0.9986822309426058,41.2164,6.391666666666667,1.0075994574565117,0.2420000000000008,0,0.12983760548537837,0
2024-01-02 04:40:00,28.41,13.521,1.723,6.58,44.31,1017.26,23.392,normal,4,1,0,23.296683,1.0,43.2964,6.191666666666666,0.7673699672691514,0.0199999999999995,0,0.07510243544318407,0
2024-01-02 04:45:00,28.7,13.302,1.729,6.18,45.67,1012.11,23.001,normal,4,1,0,22.999158,1.0,38.1924,6.206666666666667,0.7658633472537111,0.2190000000000012,0,0.039099369502023196,0
2024-01-02 04:50:00,28.47,13.589,1.673,7.27,49.09,1015.22,22.709,normal,4,1,0,22.734397,0.9988828821806884,52.85289999999999,6.633333333333333,0.3823959553481892,0.2870000000000008,0,0.19110235447755874,0
2024-01-02 04:55:00,29.42,13.547,1.613,6.4,48.86,1003.71,21.723,normal,4,1,0,21.851311000000003,0.9941279953408744,40.96000000000001,6.618333333333333,0.3908153869369199,0.0419999999999998,0,0.04093411362909816,0
2024-01-02 05:00:00,28.34,13.552,1.759,6.99,49.74,1024.71,23.87,normal,5,1,0,23.837968,1.0,48.8601,6.64,0.4100243895184622,0.004999999999999,0,0.11123036864602653,0
2024-01-02 05:05:00,30.3,13.169,2.0,14.04,45.66,1011.36,23.759,critical,5,1,0,26.338,0.9020806439365175,197.1216,7.909999999999999,3.0290196433829832,0.3829999999999991,2,0.7927837530419048,1
2024-01-02 05:10:00,30.63,13.486,1.768,6.71,39.74,1009.2,23.78,normal,5,1,0,23.843248000000003,0.99734734126827,45.0241,7.931666666666666,3.018048486467148,0.3170000000000001,0,0.2830587570717191,0
2024-01-02 05:15:00,29.95,13.623,1.81,6.86,43.9,1017.57,24.726,normal,5,1,0,24.65763,1.0,47.0596,8.045,2.951140457518072,0.1369999999999986,0,0.2911883477867109,0
2024-01-02 05:20:00,31.12,14.0,1.887,6.74,46.68,1001.24,26.46,warning,5,1,0,26.418,1.0,45.427600000000005,7.956666666666667,2.986694940342358,0.3770000000000006,1,0.43067239848661487,1
2024-01-02 05:25:00,31.12,13.936,2.0,7.12,45.05,1011.42,27.859,warning,5,1,0,27.872,0.9995335820895525,50.6944,8.076666666666666,2.9254788781781764,0.064,1,0.5650503547608632,1
2024-01-02 05:30:00,30.75,13.521,1.743,7.45,40.72,1013.49,23.558,normal,5,1,0,23.567103000000003,0.999613741239218,55.502500000000005,8.153333333333334,2.897196345894879,0.4149999999999991,0,0.46735400646008596,1
2024-01-02 05:35:00,30.27,13.574,1.81,7.82,43.23,1005.51,24.564,normal,5,1,0,24.56894,0.999798933124506,61.15240000000001,7.116666666666666,0.4424778713864103,0.052999999999999,0,0.46898470363218536,1
2024-01-02 05:40:00,27.81,13.536,1.833,6.65,49.08,1004.75,24.81,normal,5,1,0,24.811488,0.9999400277806796,44.2225,7.1066666666666665,0.4540337726057927,0.0380000000000002,0,0.1373461784045148,0
2024-01-02 05:45:00,31.3,14.0,1.865,6.89,40.38,1016.86,26.155,warning,5,1,0,26.11,1.0,47.4721,7.111666666666667,0.4509286713734765,0.4640000000000004,1,0.3107372783915143,0
2024-01-02 05:50:00,28.65,13.361,1.688,6.95,46.01,1021.03,22.608,normal,5,1,0,22.553368,1.0,48.3025,7.146666666666667,0.4236350630751054,0.6389999999999993,0,0.10856462027112235,0
2024-01-02 05:55:00,29.5,11.989,2.0,8.13,42.73,1011.25,24.074,warning,5,1,0,23.978,1.0,66.09690000000002,7.315,0.5819879723842932,1.372,1,0.6696855207334442,1
2024-01-02 06:00:00,29.48,13.475,1.809,7.16,42.29,1005.78,24.292,normal,6,1,1,24.376275,0.9965427449435978,51.2656,7.266666666666667,0.5805744281887103,1.4859999999999989,0,0.16167331972164867,0
2024-01-02 06:05:00,32.64,13.337,1.798,7.9,45.37,1008.11,23.935,normal,6,1,1,23.979926,0.998126516320359,62.41,7.280000000000001,0.5965232602338161,0.1379999999999999,0,0.6401713672594636,1
2024-01-02 06:10:00,32.95,13.434,1.85,6.26,43.03,1008.08,24.869,normal,6,1,1,24.8529,1.0,39.1876,7.215,0.6924377228314339,0.0969999999999995,0,0.4084287657128757,1
2024-01-02 06:15:00,30.54,13.608,1.843,6.6,42.3,1018.75,25.038,normal,6,1,1,25.079544,0.9983435105518664,43.56,7.166666666666667,0.7288255392524666,0.1740000000000012,0,0.1846941366904249,0
2024-01-02 06:20:00,28.69,13.714,1.792,7.25,44.57,1015.74,24.546,normal,6,1,1,24.575488,0.9988001052105252,52.5625,7.216666666666666,0.7212396735251386,0.1059999999999998,0,0.20628503151787303,0
2024-01-02 06:25:00,29.39,13.713,1.725,13.3,38.85,1011.97,21.256,critical,6,1,1,23.654925,0.8985866579581209,176.89,8.078333333333333,2.6198810405563537,0.0010000000000012,2,0.6780810256712917,1
2024-01-02 06:30:00,28.26,13.37,1.839,7.77,39.19,995.81,24.605,normal,6,1,1,24.58743,1.0,60.3729,8.18,2.588768046774368,0.3429999999999999,0,0.6070575213156586,1
2024-01-02 06:35:00,29.3,13.395,1.838,5.94,44.15,1012.38,24.592,normal,6,1,1,24.62001,0.9988623075295257,35.28360000000001,7.853333333333333,2.7498193880083552,0.0250000000000003,0,0.30809940348581466,0
2024-01-02 06:40:00,28.74,12.496,2.0,6.57,48.24,1003.51,24.972,warning,6,1,1,24.992,0.9991997439180538,43.1649,7.905,2.716606338798461,0.8989999999999991,1,0.3684012197141905,0
2024-01-02 06:45:00,29.3,13.61,1.75,6.52,46.01,1024.98,23.789,normal,6,1,1,23.8175,0.9988034008607116,42.5104,7.891666666666666,2.7244773199031487,1.113999999999999,0,0.22577110578222315,0
2024-01-02 06:50:00,30.29,13.352,1.748,7.06,45.67,1007.75,23.394,normal,6,1,1,23.339296,1.0,49.8436,7.859999999999999,2.7345127536729423,0.2579999999999991,0,0.28306526697033374,0
2024-01-02 06:55:00,31.24,14.0,2.0,7.75,41.96,1011.85,28.009,critical,6,1,1,28.0,1.0,60.0625,6.935,0.7311019080812092,0.6479999999999997,2,0.620260213757104,1
2024-01-02 07:00:00,30.28,13.62,1.806,7.13,40.97,1028.3,24.681,normal,7,1,1,24.59772,1.0,50.8369,6.828333333333334,0.6237120061908803,0.3800000000000008,0,0.167889009152433,0
2024-01-02 07:05:00,29.2,13.211,1.697,7.13,44.53,1015.29,22.368,normal,7,1,1,22.419067,0.99772216212209,50.8369,7.026666666666666,0.4496517170729485,0.4089999999999989,0,0.1335482090259943,0
2024-01-02 07:10:00,30.42,13.767,1.722,6.94,49.05,1013.22,23.645,normal,7,1,1,23.706774,0.997394246893314,48.1636,7.088333333333334,0.3967576926370179,0.5559999999999992,0,0.12288671906711568,0
2024-01-02 07:15:00,29.94,14.0,2.0,6.88,45.37,1012.56,28.04,warning,7,1,1,28.0,1.0,47.3344,7.148333333333333,0.3117317222655559,0.2330000000000005,1,0.33262838117467053,0
2024-01-02 07:20:00,36.8,13.339,2.0,10.65,41.34,1006.42,21.846,warning,7,1,1,26.678,0.818876977284654,113.4225,7.746666666666667,1.4554541101204954,0.6609999999999996,1,0.8855265548828837,1
2024-01-02 07:25:00,30.32,13.389,1.748,6.43,45.11,1009.85,23.458,normal,7,1,1,23.403972,1.0,41.3449,7.526666666666666,1.551446636744766,0.0499999999999989,0,0.15800473543858806,0
2024-01-02 07:30:00,32.22,13.651,1.892,6.89,46.77,1012.73,25.822,normal,7,1,1,25.827692,0.999779616390036,47.4721,7.4866666666666655,1.5667375870472524,0.2620000000000004,0,0.4418898588101784,1
2024-01-02 07:35:00,29.63,13.303,1.748,7.36,44.19,1007.21,23.317,normal,7,1,1,23.253644,1.0,54.1696,7.525000000000001,1.5590606146009782,0.347999999999999,0,0.24528842152762653,0
2024-01-02 07:40:00,29.14,13.278,1.74,6.75,43.49,1008.34,23.115,normal,7,1,1,23.10372,1.0,45.5625,7.493333333333332,1.5751655997597989,0.0250000000000003,0,0.11237789259752373,0
2024-01-02 07:45:00,29.34,13.544,1.807,7.04,45.05,1010.05,24.511,normal,7,1,1,24.474008,1.0,49.5616,7.52,1.5640204602242196,0.266,0,0.19710079270023162,0
2024-01-02 07:50:00,29.03,13.346,1.72,6.92,45.05,1011.55,22.996,normal,7,1,1,22.95512,1.0,47.8864,6.8983333333333325,0.3082477358662207,0.1980000000000004,0,0.11684013447308494,0
2024-01-02 07:55:00,29.39,10.548,1.139,7.32,49.82,1013.15,11.444,warning,7,1,1,12.014172,0.9525417149013682,53.58240000000001,7.046666666666666,0.2455741571636764,2.798,1,0.37892851319176823,0
2024-01-02 08:00:00,29.88,13.299,1.708,6.73,47.4,1030.83,22.727,normal,8,1,1,22.714692,1.0,45.2929,7.0200000000000005,0.2731300056749232,2.7509999999999994,0,0.11791710296048574,0
2024-01-02 08:05:00,28.79,13.593,1.701,6.51,51.56,1009.23,23.166,normal,8,1,1,23.121693,1.0,42.3801,6.878333333333334,0.2818096284136713,0.2940000000000005,0,0.0867560147683818,0
2024-01-02 08:10:00,27.91,13.144,1.586,7.43,47.69,1017.95,20.897,normal,8,1,1,20.846384,1.0,55.2049,6.991666666666666,0.3486784574169306,0.4489999999999998,0,0.27854814265199757,0
2024-01-02 08:15:00,29.83,13.338,1.784,5.94,49.11,1017.65,23.742,normal,8,1,1,23.794992,0.9977729767675484,35.28360000000001,6.808333333333333,0.5495240364776157,0.193999999999999,0,0.11220981338992386,0
2024-01-02 08:20:00,27.61,13.449,1.683,6.09,49.85,1019.04,22.668,normal,8,1,1,22.634667,1.0,37.0881,6.670000000000001,0.6162142484558326,0.1110000000000006,0,0.010113524211991298,0
2024-01-02 08:25:00,29.91,13.499,1.819,6.8,42.06,1015.45,24.626,normal,8,1,1,24.554681,1.0,46.24,6.583333333333333,0.5381325735045724,0.0500000000000007,0,0.0979237822569351,0
2024-01-02 08:30:00,26.58,13.327,1.713,6.63,50.94,1022.88,22.872,normal,8,1,1,22.829151,1.0,43.9569,6.566666666666666,0.5342159363653,0.1720000000000006,0,0.09231197364901989,0
2024-01-02 08:35:00,28.82,13.171,1.817,6.56,42.01,1013.86,23.9,normal,8,1,1,23.931707,0.998675104955948,43.03359999999999,6.575,0.5335447497633048,0.1560000000000005,0,0.07583154795396185,0
2024-01-02 08:40:00,30.57,13.367,1.773,6.44,45.93,1010.44,23.656,normal,8,1,1,23.699691,0.998156473854448,41.473600000000005,6.41,0.3308171700501487,0.1960000000000015,0,0.14832808168417488,0
2024-01-02 08:45:00,30.14,13.362,1.785,7.48,43.09,1015.0,23.911,normal,8,1,1,23.85117,1.0,55.95040000000001,6.666666666666667,0.463882168946656,0.0050000000000007,0,0.24404444873994735,0
2024-01-02 08:50:00,27.39,13.413,1.695,6.79,49.45,1016.16,22.806,normal,8,1,1,22.735035,1.0,46.1041,6.783333333333334,0.3679492718659096,0.0510000000000001,0,0.10142652468124558,0
2024-01-02 08:55:00,28.61,13.435,1.754,6.24,47.59,1002.57,23.608,normal,8,1,1,23.56499,1.0,38.9376,6.69,0.4288589511715793,0.0220000000000002,0,0.03384215406811897,0
2024-01-02 09:00:00,29.49,13.205,1.58,6.84,47.13,1010.71,20.901,normal,9,1,1,20.8639,1.0,46.7856,6.7250000000000005,0.431543740540848,0.2300000000000004,0,0.08208504017593177,0
2024-01-02 09:05:00,27.79,13.202,1.653,6.12,46.19,1008.92,21.856,normal,9,1,1,21.822906,1.0,37.4544,6.651666666666666,0.4975305685750916,0.0030000000000001,0,0.01231071310977061,0
2024-01-02 09:10:00,28.82,12.991,1.6,6.22,44.24,1015.17,20.762,normal,9,1,1,20.7856,0.9988645985682396,38.6884,6.614999999999999,0.5236697432542647,0.2110000000000003,0,0.010464476160451097,0
2024-01-02 09:15:00,38.51,13.121,1.704,8.14,45.81,1006.87,20.553,critical,9,1,1,22.358184,0.91926070561008,66.2596,6.724999999999999,0.7584128163473945,0.1300000000000007,2,0.7384449527256288,1
2024-01-02 09:20:00,26.66,13.343,1.546,5.43,51.15,1018.13,20.652,normal,9,1,1,20.628278,1.0,29.4849,6.498333333333332,0.920921639808,0.2219999999999995,0,0.06892657839060012,0
2024-01-02 09:25:00,28.42,14.0,1.534,3.24,46.53,1001.22,21.473,warning,9,1,1,21.476,0.999860309182343,10.497600000000002,5.998333333333334,1.6303670343412429,0.657,1,0.4086677535155925,1
2024-01-02 09:30:00,30.49,13.155,1.704,5.87,48.06,1006.96,22.481,normal,9,1,1,22.41612,1.0,34.456900000000005,5.836666666666667,1.5774494181008345,0.8450000000000006,0,0.24136702781825647,0
2024-01-02 09:35:00,27.55,13.095,1.489,5.82,50.47,1022.78,19.591,normal,9,1,1,19.498455000000003,1.0,33.872400000000006,5.786666666666668,1.5714154977811123,0.0599999999999987,0,0.07875210801013766,0
2024-01-02 09:40:00,27.1,13.101,1.544,6.62,49.94,1011.4,20.237,normal,9,1,1,20.227944,1.0,43.8244,5.853333333333334,1.6016699618419084,0.0060000000000002,0,0.1789608292645969,0
2024-01-02 09:45:00,27.92,13.311,1.496,5.95,42.93,1005.48,19.988,normal,9,1,1,19.913256,1.0,35.4025,5.488333333333333,1.1668661734177843,0.209999999999999,0,0.10006325775528613,0
2024-01-02 09:50:00,27.74,13.437,1.618,6.14,47.24,1015.38,21.708,normal,9,1,1,21.741066,0.9984790994149044,37.6996,5.6066666666666665,1.1954190339235284,0.1259999999999994,0,0.12551375357978733,0
2024-01-02 09:55:00,25.37,13.145,1.449,5.66,49.57,1019.74,19.022,normal,9,1,1,19.047105,0.9986819519291776,32.0356,6.010000000000001,0.3378757167953818,0.2919999999999998,0,0.11015241610706872,0
2024-01-02 10:00:00,29.27,12.718,1.485,5.39,48.34,1007.18,18.91,normal,10,1,1,18.88623,1.0,29.0521,5.93,0.4236035882756349,0.4269999999999996,0,0.09279901010934322,0
2024-01-02 10:05:00,27.55,12.972,1.565,6.5,49.27,1014.35,20.293,normal,10,1,1,20.30118,0.9995970677566526,42.25,6.043333333333333,0.4760112043499184,0.2539999999999995,0,0.0856450158734483,0
2024-01-02 10:10:00,27.76,12.901,1.37,6.18,50.85,1013.87,17.618,normal,10,1,1,17.67437,0.996810635966091,38.1924,5.97,0.3966862740251967,0.0709999999999997,0,0.05885045489072405,0
2024-01-02 10:15:00,26.3,12.863,1.487,5.97,48.02,1011.38,19.053,normal,10,1,1,19.127281,0.9961164893222408,35.640899999999995,5.973333333333334,0.3965686153324038,0.0380000000000002,0,0.06307686906530707,0
2024-01-02 10:20:00,27.37,13.572,1.425,11.02,49.13,1008.42,17.473,warning,10,1,1,19.3401,0.9034596511910488,121.4404,6.786666666666666,2.109897311877205,0.7089999999999996,1,0.5988443089904472,1
2024-01-02 10:25:00,25.75,12.964,1.351,5.05,47.99,1014.5,17.471,normal,10,1,1,17.514364,0.997524089370302,25.5025,6.685,2.188284716393182,0.6079999999999988,0,0.1316850179510234,0
2024-01-02 10:30:00,38.68,12.794,1.72,7.89,54.55,1015.28,20.243,critical,10,1,1,22.00568,0.9198988624755062,62.25209999999999,7.101666666666667,2.129614206063308,0.1699999999999999,2,0.7144112412361172,1
2024-01-02 10:35:00,28.21,13.04,1.416,6.36,50.18,1012.47,18.435,normal,10,1,1,18.46464,0.998394769678694,40.4496,7.078333333333333,2.1382742262550547,0.2459999999999986,0,0.1290708465534519,0
2024-01-02 10:40:00,27.75,12.798,1.219,14.78,45.84,1015.81,13.954,critical,10,1,1,15.600762,0.8944434893628913,218.4484,8.511666666666667,3.715994707567093,0.2419999999999991,2,0.7904828568402698,1
2024-01-02 10:45:00,27.23,12.818,1.56,5.52,52.02,1019.32,19.958,normal,10,1,1,19.99608,0.9980956267428416,30.470399999999994,8.436666666666666,3.781516450667199,0.0199999999999995,0,0.3533411869039089,0
2024-01-02 10:50:00,26.71,12.885,1.427,5.03,57.08,1007.99,18.422,normal,10,1,1,18.386895,1.0,25.3009,7.438333333333333,3.7536937363970777,0.0670000000000001,0,0.25384383712476244,0
2024-01-02 10:55:00,28.23,10.654,0.765,5.6,50.26,1021.59,7.739,warning,10,1,1,8.15031,0.949534434886526,31.36,7.53,3.6898780467652297,2.231,1,0.4599854318075186,1
2024-01-02 11:00:00,28.22,12.602,1.159,10.41,55.99,1014.12,13.109,warning,11,1,1,14.605718,0.8975252021160479,108.3681,7.95,3.877690034027989,1.9480000000000004,1,0.7784364604261531,1
2024-01-02 11:05:00,28.93,12.576,1.272,5.83,56.95,1014.08,16.014,normal,11,1,1,15.996672,1.0,33.9889,7.861666666666667,3.926878743565512,0.0259999999999998,0,0.3787564133211777,0
2024-01-02 11:10:00,28.07,13.156,1.359,10.12,53.46,1009.5,16.124,warning,11,1,1,17.879004000000002,0.9018399458940776,102.4144,7.085,2.4786831181092897,0.5800000000000001,1,0.6355784164217942,1
2024-01-02 11:15:00,26.23,12.801,1.378,5.54,51.6,1016.37,17.683,normal,11,1,1,17.639778,1.0,30.6916,7.088333333333332,2.476169757239325,0.3550000000000004,0,0.14772500711326964,0
2024-01-02 11:20:00,25.64,12.701,1.27,5.94,49.5,1014.85,16.133,normal,11,1,1,16.13027,1.0,35.28360000000001,7.239999999999999,2.349510587335156,0.0999999999999996,0,0.24243505021653378,0
2024-01-02 11:25:00,28.13,12.841,1.178,5.14,54.33,1024.18,15.1,normal,11,1,1,15.126697999999998,0.9982350411173676,26.4196,7.163333333333333,2.4201707928711675,0.1399999999999988,0,0.20149957218571535,0
2024-01-02 11:30:00,24.79,12.775,1.226,5.34,51.06,1026.45,15.691,normal,11,1,1,15.66215,1.0,28.5156,6.3183333333333325,1.886037291960756,0.0659999999999989,0,0.13191034771339893,0
2024-01-02 11:35:00,26.25,12.657,1.194,6.14,47.06,1015.94,15.211,normal,11,1,1,15.112458,1.0,37.6996,6.37,1.8741931597356751,0.1180000000000003,0,0.16843763373813103,0
2024-01-02 11:40:00,25.77,12.817,1.213,5.78,47.9,1000.92,15.564,normal,11,1,1,15.547021,1.0,33.4084,5.646666666666667,0.376651917115348,0.1600000000000001,0,0.11739011432557134,0
2024-01-02 11:45:00,25.11,12.811,1.236,4.81,54.74,1016.54,15.915,normal,11,1,1,15.834396,1.0,23.136099999999995,5.525,0.511693267495285,0.0060000000000002,0,0.060947163122131665,0
2024-01-02 11:50:00,24.98,12.758,1.284,4.84,53.61,1015.99,16.324,normal,11,1,1,16.381272,0.9965038124023582,23.4256,5.341666666666666,0.5299968553365852,0.0530000000000008,0,0.08369765391023165,0
2024-01-02 11:55:00,28.18,12.747,1.351,5.48,54.09,1020.56,17.221,normal,11,1,1,17.221197,0.9999885606093468,30.030400000000004,5.398333333333333,0.5222419618018729,0.0109999999999992,0,0.058509348581501586,0
2024-01-02 12:00:00,25.8,12.448,0.999,4.46,48.54,1005.84,12.454,normal,12,1,1,12.435552,1.0,19.8916,5.251666666666666,0.6498743468291928,0.2989999999999995,0,0.07418154531211563,0
2024-01-02 12:05:00,25.48,12.694,1.11,5.03,58.24,1008.84,14.135,normal,12,1,1,14.090340000000005,1.0,25.3009,5.066666666666666,0.4829768800539745,0.2460000000000004,0,0.05631351591370293,0
2024-01-02 12:10:00,22.17,12.729,0.881,12.4,56.27,1017.54,10.052,warning,12,1,1,11.214249,0.8963596224767258,153.76000000000002,6.170000000000001,3.070218233285705,0.0349999999999983,1,0.7808701269478489,1
2024-01-02 12:15:00,23.05,12.506,1.107,4.7,56.74,1010.13,13.893,normal,12,1,1,13.844142,1.0,22.090000000000003,6.151666666666666,3.080275420586066,0.2229999999999989,0,0.23920405610781137,0
2024-01-02 12:20:00,22.76,12.455,0.883,4.91,56.61,1022.21,10.94,normal,12,1,1,10.997765,0.9947475691651896,24.1081,6.163333333333334,3.0744408705757644,0.0510000000000001,0,0.3097164929484383,0
2024-01-02 12:25:00,25.61,12.397,1.039,5.56,51.36,1013.5,12.81,normal,12,1,1,12.880483,0.9945279225942072,30.913599999999995,6.176666666666667,3.07105627865506,0.0579999999999998,0,0.19674073509550083,0
2024-01-02 12:30:00,24.57,11.013,0.778,5.61,56.78,1017.82,8.517,warning,12,1,1,8.568114,0.9940343930998116,31.472100000000005,6.368333333333333,2.976934105193909,1.3840000000000003,1,0.3414383171234472,0
2024-01-02 12:35:00,23.01,12.338,1.042,5.02,56.44,1005.24,12.966,normal,12,1,1,12.856196,1.0,25.200399999999995,6.366666666666667,2.977835903246964,1.3249999999999993,0,0.2536271903648668,0
2024-01-02 12:40:00,23.31,12.328,1.068,5.07,48.38,1012.39,13.211,normal,12,1,1,13.166304,1.0,25.7049,5.145,0.3641290979858769,0.0099999999999997,0,0.18622583397337467,0
2024-01-02 12:45:00,25.44,10.497,0.65,4.42,56.97,1014.09,6.465,warning,12,1,1,6.82305,0.947523468243674,19.5364,5.098333333333334,0.4421500499453501,1.8309999999999995,1,0.20974962877797654,0
2024-01-02 12:50:00,23.6,12.411,1.036,4.23,57.73,1003.01,12.819,normal,12,1,1,12.857796,0.9969826866128534,17.892900000000004,4.985,0.5690254827334273,1.914,0,0.08882946123945623,0
2024-01-02 12:55:00,23.7,10.364,0.607,3.37,50.32,1007.2,5.984,warning,12,1,1,6.290948,0.9512079896384456,11.3569,4.62,0.7870451067124514,2.046999999999999,1,0.10604244533043194,0
2024-01-02 13:00:00,23.05,12.293,0.868,4.17,57.57,1014.22,10.619,normal,13,1,1,10.670324,0.9951900242204454,17.3889,4.38,0.6283311228962134,1.9289999999999985,0,0.11103571635539511,0
2024-01-02 13:05:00,25.16,12.237,0.916,10.11,59.19,1015.94,10.168,warning,13,1,1,11.209092,0.90712075518695,102.2121,5.2283333333333335,2.452724335645299,0.0559999999999991,1,0.7209027437049867,1
2024-01-02 13:10:00,25.22,12.42,0.831,3.78,58.64,1017.48,10.319,normal,13,1,1,10.32102,0.9998042829100228,14.2884,5.013333333333334,2.524857751768736,0.1829999999999998,0,0.2412222462585556,0
2024-01-02 13:15:00,24.46,12.479,0.871,3.64,61.51,1010.89,10.835,normal,13,1,1,10.869209,0.9968526688556638,13.2496,4.883333333333333,2.5809739763637056,0.0589999999999992,0,0.2042779480444883,0
2024-01-02 13:20:00,24.83,12.228,0.908,3.26,59.27,1025.05,11.129,normal,13,1,1,11.103024,1.0,10.6276,4.721666666666667,2.659273710370311,0.2509999999999994,0,0.27144523322089187,0
2024-01-02 13:25:00,21.57,12.219,0.784,3.21,59.42,1021.01,9.599,normal,13,1,1,9.579696,1.0,10.3041,4.695,2.676286606475475,0.0090000000000003,0,0.1987816821533569,0
2024-01-02 13:30:00,23.86,10.957,0.696,4.94,60.52,1016.13,7.206,warning,13,1,1,7.626072,0.9449163343855134,24.403600000000004,4.823333333333333,2.6645124632222457,1.261999999999999,1,0.3228225528887295,0
2024-01-02 13:35:00,24.77,12.175,0.937,3.49,55.02,1013.04,11.526,normal,13,1,1,11.407975000000002,1.0,12.1801,3.72,0.636081755751589,1.218,0,0.13415481032688248,0
2024-01-02 13:40:00,23.73,12.405,0.768,2.79,56.2,1007.26,9.578,normal,13,1,1,9.52704,1.0,7.7841,3.555,0.7376923477982035,0.2299999999999986,0,0.11654796330584438,0
2024-01-02 13:45:00,21.67,10.0,0.513,3.47,58.16,1006.6,4.764,warning,13,1,1,5.13,0.928654970760234,12.0409,3.526666666666667,0.7370391215306638,2.405,1,0.10651488028737999,0
2024-01-02 13:50:00,25.11,12.21,0.856,3.79,59.62,1008.54,10.392,normal,13,1,1,10.45176,0.9942823026935176,14.3641,3.615,0.7304176887233941,2.210000000000001,0,0.12392788090699858,0
2024-01-02 13:55:00,23.5,12.36,0.863,12.82,56.15,1015.88,9.662,warning,13,1,1,10.66668,0.9058113677357904,164.35240000000002,5.216666666666667,3.7906076909470174,0.1499999999999985,1,0.7632148981265212,1
2024-01-02 14:00:00,19.66,12.061,0.628,3.14,53.99,1009.76,7.521,normal,14,1,1,7.574308,0.9929619973204152,9.8596,4.916666666666667,3.886889073110613,0.2989999999999995,0,0.2845761860980961,0
2024-01-02 14:05:00,22.0,11.82,0.734,14.75,63.93,1012.43,7.895,critical,14,1,1,8.67588,0.9099941446861874,217.5625,6.793333333333334,5.46017093749515,0.2409999999999996,2,0.8440679816993548,1
2024-01-02 14:10:00,23.66,11.737,0.665,3.1,62.11,1015.42,7.751,normal,14,1,1,7.805105,0.9930679984446078,9.61,6.845,5.4160012924666106,0.0830000000000001,0,0.4404782179100942,1
2024-01-02 14:15:00,23.59,11.948,0.655,3.21,61.87,1002.48,7.874,normal,14,1,1,7.825940000000001,1.0,10.3041,6.801666666666667,5.449342773827563,0.2110000000000003,0,0.4292632568204774,1
2024-01-02 14:20:00,21.01,11.936,0.628,4.5,56.95,1018.5,7.576,normal,14,1,1,7.495808,1.0,20.25,6.920000000000001,5.378107473823855,0.0120000000000004,0,0.5559691654826171,1
2024-01-02 14:25:00,23.23,12.205,0.526,2.92,61.59,1019.25,6.416,normal,14,1,1,6.41983,0.9994034109937492,8.526399999999999,5.2700000000000005,4.6792136091441705,0.2690000000000001,0,0.2983567336688133,0
2024-01-02 14:30:00,22.8,11.803,0.601,3.81,56.5,1010.36,7.115,normal,14,1,1,7.093603,1.0,14.5161,5.381666666666667,4.625907118248991,0.4019999999999992,0,0.3106329960919706,0
2024-01-02 14:35:00,22.42,11.917,0.705,4.03,59.51,1018.98,8.409,normal,14,1,1,8.401485,1.0,16.240900000000003,3.595,0.6169846027252408,0.1139999999999989,0,0.13258117710080186,0
2024-01-02 14:40:00,23.82,11.81,0.59,4.0,58.16,1011.85,6.987,normal,14,1,1,6.9679,1.0,16.0,3.745,0.5809216814683562,0.1069999999999993,0,0.14658815515390666,0
2024-01-02 14:45:00,25.55,12.081,0.76,2.7,57.07,1014.71,9.16,normal,14,1,1,9.18156,0.9976518151599512,7.290000000000001,3.66,0.6999714279883307,0.270999999999999,0,0.21222854294076077,0
2024-01-02 14:50:00,22.18,11.99,0.691,2.88,61.26,1008.38,8.24,normal,14,1,1,8.28509,0.9945576933986232,8.2944,3.390000000000001,0.618902253994946,0.0909999999999993,0,0.05538953735076413,0
2024-01-02 14:55:00,22.91,12.036,0.556,4.04,57.77,1013.46,6.632,normal,14,1,1,6.692016000000001,0.9910317010598896,16.3216,3.5766666666666667,0.6176946386902593,0.0459999999999993,0,0.18527221518241732,0
2024-01-02 15:00:00,20.54,11.971,0.476,1.88,62.33,1005.17,5.658,normal,15,1,1,5.698195999999999,0.9929458375949162,3.5344,3.2550000000000003,0.906768989324197,0.0649999999999995,0,0.12311518497740281,0
2024-01-02 15:05:00,22.05,11.758,0.598,2.73,57.53,1010.93,6.986,normal,15,1,1,7.031283999999999,0.9935596400316072,7.4529,3.0383333333333336,0.8371957158673794,0.2130000000000009,0,0.03589178417613881,0
2024-01-02 15:10:00,20.76,11.89,0.574,3.49,61.44,1011.35,6.854,normal,15,1,1,6.82486,1.0,12.1801,2.953333333333333,0.7403152481657356,0.1320000000000014,0,0.10005857238138605,0
2024-01-02 15:15:00,21.13,11.782,0.577,3.22,61.89,1008.62,6.716,normal,15,1,1,6.798214,0.987906529567913,10.3684,3.0400000000000005,0.7351462439542403,0.1080000000000005,0,0.04140737124964644,0
2024-01-02 15:20:00,39.29,11.055,0.865,4.48,66.17,1014.77,8.755,critical,15,1,1,9.562575,0.9155483747839888,20.070400000000003,3.306666666666666,0.9298960515383924,0.7270000000000003,2,0.4726021768792893,1
2024-01-02 15:25:00,23.82,11.897,0.644,2.23,64.95,1007.67,7.658,normal,15,1,1,7.661668000000001,0.9995212530743958,4.9729,3.0050000000000003,0.9379712149101528,0.8420000000000005,0,0.18749838272255226,0
2024-01-02 15:30:00,21.47,10.0,0.411,2.44,60.5,1006.79,3.911,warning,15,1,1,4.109999999999999,0.9515815085158152,5.9536,3.098333333333333,0.8246554836213082,1.897,1,0.03936842831165177,0
2024-01-02 15:35:00,20.43,11.805,0.581,3.01,61.77,1021.97,6.88,normal,15,1,1,6.858705,1.0,9.060099999999998,3.145,0.8073846666862252,1.805,0,0.06955116659395544,0
2024-01-02 15:40:00,38.76,11.258,0.782,4.17,61.88,1017.74,8.123,critical,15,1,1,8.803756,0.922674367622183,17.3889,3.2583333333333333,0.9070703758070224,0.5470000000000006,2,0.47713134246784594,1
2024-01-02 15:45:00,18.45,11.54,0.554,2.13,58.45,1008.69,6.414,normal,15,1,1,6.39316,1.0,4.536899999999999,3.0766666666666667,1.0185807119058825,0.282,0,0.26276963173327883,0
2024-01-02 15:50:00,20.84,11.95,0.525,3.43,63.59,1003.65,6.353,normal,15,1,1,6.27375,1.0,11.7649,2.901666666666667,0.7948941229287679,0.4100000000000001,0,0.0971797834874315,0
2024-01-02 15:55:00,20.45,11.952,0.535,2.61,59.36,1010.22,6.419,normal,15,1,1,6.39432,1.0,6.812099999999999,2.965,0.7441975544168551,0.0020000000000006,0,0.05225390678069741,0
2024-01-02 16:00:00,21.09,13.321,0.361,3.16,64.15,1017.49,4.764,warning,16,1,1,4.808881,0.9906670595508604,9.985600000000002,3.0849999999999995,0.699306799623761,1.3689999999999998,1,0.0963539037018799,0
2024-01-02 16:05:00,22.13,11.228,0.347,2.24,60.56,1008.15,3.939,normal,16,1,1,3.896116,1.0,5.017600000000001,2.956666666666667,0.781630773873889,2.093,0,0.07185677268087853,0
2024-01-02 16:10:00,18.6,11.654,0.205,2.62,63.32,1010.71,2.437,normal,16,1,1,2.38907,1.0,6.864400000000001,2.698333333333333,0.5090153894202971,0.4260000000000001,0,0.2415717120857397,0
2024-01-02 16:15:00,19.41,11.364,0.499,2.74,66.49,1010.27,5.693,normal,16,1,1,5.670636,1.0,7.507600000000001,2.8000000000000003,0.4271299568047518,0.2899999999999991,0,0.11367267897817301,0
2024-01-02 16:20:00,19.99,11.436,0.507,1.77,67.68,1010.99,5.875,normal,16,1,1,5.798052,1.0,3.1329,2.523333333333333,0.4726379869061499,0.0719999999999991,0,0.13648317712449887,0
2024-01-02 16:25:00,19.92,11.681,0.368,2.37,60.41,1012.14,4.337,normal,16,1,1,4.298608,1.0,5.6169,2.483333333333334,0.4739901546094583,0.2449999999999992,0,0.029206676027383804,0
2024-01-02 16:30:00,20.59,11.78,0.484,2.12,58.67,1014.48,5.782,normal,16,1,1,5.70152,1.0,4.494400000000001,2.31,0.3513402908862473,0.0990000000000002,0,0.07719505011956074,0
2024-01-02 16:35:00,21.35,11.588,0.378,2.79,53.8,1010.01,4.36,normal,16,1,1,4.380264,0.9953737948214996,7.7841,2.401666666666667,0.3980661586554411,0.1920000000000001,0,0.04598364081308004,0
2024-01-02 16:40:00,20.92,11.661,0.411,2.45,68.53,1010.08,4.724,normal,16,1,1,4.792671,0.9856716640887724,6.002500000000001,2.373333333333333,0.3852618157392439,0.0730000000000004,0,0.024278740073925498,0
2024-01-02 16:45:00,22.76,11.156,0.174,2.54,65.87,1007.93,1.94,warning,16,1,1,1.941144,0.9994106568085624,6.4516,2.3400000000000003,0.35462656414887,0.504999999999999,1,0.20026642101250314,0
2024-01-02 16:50:00,18.21,11.779,0.351,2.37,59.73,1016.41,4.156,normal,16,1,1,4.134429,1.0,5.6169,2.44,0.2212690669751012,0.6229999999999993,0,0.2553856160151631,0
2024-01-02 16:55:00,20.23,11.652,0.403,2.06,66.55,1013.49,4.682,normal,16,1,1,4.695756,0.9970705462549588,4.2436,2.388333333333333,0.2713976172826484,0.1270000000000006,0,0.10720734815710142,0
2024-01-02 17:00:00,21.62,11.069,0.51,10.94,63.33,1006.54,5.02,warning,17,1,1,5.64519,0.8892526203723877,119.68359999999998,3.858333333333333,3.47740947641584,0.5829999999999984,1,0.8114630052679146,1
2024-01-02 17:05:00,21.12,11.772,0.352,1.77,62.49,1013.01,4.205,normal,17,1,1,4.143744,1.0,3.1329,3.688333333333334,3.5639383645998546,0.7029999999999994,0,0.30241184125011134,0
2024-01-02 17:10:00,20.97,11.493,0.266,1.72,59.31,1011.88,3.008,normal,17,1,1,3.057138,0.9839267968930416,2.9584,3.5666666666666664,3.626577817539104,0.2789999999999999,0,0.328116755268794,0
2024-01-02 17:15:00,20.08,11.568,0.241,2.24,66.58,1015.96,2.77,normal,17,1,1,2.787888,0.993583673375688,5.017600000000001,3.516666666666667,3.6455818008469767,0.0749999999999992,0,0.29192073504645777,0
2024-01-02 17:20:00,37.19,11.628,0.482,3.06,63.92,1016.11,5.182,warning,17,1,1,5.604696,0.9245818149637376,9.3636,3.6316666666666655,3.61291249086754,0.0600000000000005,1,0.550611728544216,1
2024-01-02 17:25:00,20.43,11.362,0.319,1.97,67.73,1014.57,3.697,normal,17,1,1,3.624478,1.0,3.8809,3.6166666666666663,3.620920693230755,0.266,0,0.26584604785050847,0
2024-01-02 17:30:00,21.14,11.443,0.312,2.39,66.09,1016.75,3.547,normal,17,1,1,3.570216,0.9934973122074408,5.7121,2.191666666666667,0.4990156978159161,0.0809999999999995,0,0.030917087353281025,0
2024-01-02 17:35:00,20.03,11.496,0.385,2.03,64.98,1022.38,4.459,normal,17,1,1,4.42596,1.0,4.120899999999999,2.235,0.4652203778856195,0.0530000000000008,0,0.04871367441533814,0
2024-01-02 17:40:00,20.14,11.573,0.402,3.22,64.54,1010.35,4.624,normal,17,1,1,4.6523460000000005,0.9939071599575782,10.3684,2.485,0.5314414360962418,0.0769999999999999,0,0.11413193072784134,0
2024-01-02 17:45:00,21.22,11.345,0.259,2.13,68.73,1012.75,2.928,normal,17,1,1,2.938355,0.996475919349432,4.536899999999999,2.466666666666667,0.5433476480732228,0.2279999999999997,0,0.0529092877110352,0
2024-01-02 17:50:00,20.47,11.51,0.331,2.27,60.62,999.01,3.746,normal,17,1,1,3.80981,0.983251133258614,5.1529,2.335,0.4601630145937823,0.1649999999999991,0,0.03395081916900533,0
2024-01-02 17:55:00,19.46,11.496,0.308,1.82,66.02,1020.76,3.546,normal,17,1,1,3.540768,1.0,3.3124,2.31,0.4872371086032321,0.0139999999999993,0,0.0959470891629548,0
2024-01-02 18:00:00,19.1,11.749,0.274,2.44,60.43,1013.0,3.236,normal,18,1,1,3.2192260000000004,1.0,5.9536,2.3183333333333334,0.4893022242609412,0.2530000000000001,0,0.12459432162187578,0
2024-01-02 18:05:00,20.84,11.608,0.193,1.74,68.06,1018.42,2.18,normal,18,1,1,2.2403440000000003,0.9730648507550624,3.0276,2.27,0.5356117997206916,0.141,0,0.1538331463876208,0
2024-01-02 18:10:00,22.07,11.482,0.24,2.76,64.93,1011.76,2.775,normal,18,1,1,2.75568,1.0,7.617599999999999,2.1933333333333334,0.383857612490238,0.1260000000000012,0,0.16259370674301232,0
2024-01-02 18:15:00,18.6,11.512,0.26,2.5,63.64,1005.26,3.039,normal,18,1,1,2.99312,1.0,6.25,2.2550000000000003,0.4009862840547521,0.0300000000000011,0,0.2141920541675012,0
2024-01-02 18:20:00,18.8,11.236,0.346,1.47,66.14,1010.27,3.873,normal,18,1,1,3.887656,0.9962301191257664,2.1609,2.1216666666666666,0.5125004065039427,0.2759999999999998,0,0.2763308194840166,0
2024-01-02 18:25:00,20.23,11.191,0.227,2.52,61.48,1011.73,2.533,normal,18,1,1,2.540357,0.9971039503502852,6.3504000000000005,2.2383333333333333,0.5097613820864672,0.0449999999999999,0,0.1137398653477184,0
2024-01-02 18:30:00,20.39,11.396,0.176,2.23,70.43,1010.73,2.039,normal,18,1,1,2.005696,1.0,4.9729,2.2033333333333336,0.5002665955934951,0.205,0,0.1482045411531011,0
2024-01-02 18:35:00,19.11,11.625,0.346,1.88,66.42,1020.24,4.046,normal,18,1,1,4.02225,1.0,3.5344,2.2266666666666666,0.4770604434101672,0.2289999999999992,0,0.100106580607639,0
2024-01-02 18:40:00,20.11,11.367,0.36,1.52,65.27,1014.42,4.045,normal,18,1,1,4.09212,0.9884851861626736,2.3104,2.02,0.4683161325430089,0.2579999999999991,0,0.21917788348873202,0
2024-01-02 18:45:00,20.81,10.0,0.122,0.56,65.64,1012.8,1.123,warning,18,1,1,1.22,0.9204918032786884,0.3136,1.6966666666666663,0.6885540404839054,1.3670000000000009,1,0.5369955482427177,1
2024-01-02 18:50:00,19.9,11.26,0.227,1.59,58.7,1017.67,2.547,normal,18,1,1,2.55602,0.9964710761261648,2.5281,1.7166666666666666,0.6823684244355913,1.2599999999999998,0,0.3058436466455199,0
2024-01-02 18:55:00,17.74,11.587,0.334,1.75,66.85,1014.97,3.892,normal,18,1,1,3.870058,1.0,3.0625,1.5883333333333332,0.5630423311498993,0.3269999999999999,0,0.3453247679832392,0
2024-01-02 19:00:00,19.31,11.472,0.322,1.23,61.41,1020.26,3.628,normal,19,1,1,3.693984,0.9821374429342412,1.5129,1.4216666666666666,0.4764626603068858,0.1150000000000002,0,0.4226336422133635,1
2024-01-02 19:05:00,19.34,11.584,0.228,1.35,63.73,1006.95,2.639,normal,19,1,1,2.641152,0.9991852040321798,1.8225,1.3333333333333333,0.420317340430675,0.1120000000000001,0,0.44315149174344526,1
2024-01-02 19:10:00,18.58,11.403,0.48,2.07,63.8,1024.83,5.413,normal,19,1,1,5.47344,0.9889575842614516,4.2849,1.425,0.5178320190950423,0.1809999999999991,0,0.2801185106875006,0
2024-01-02 19:15:00,21.06,11.395,0.304,1.3,65.88,1008.29,3.438,normal,19,1,1,3.46408,0.9924713055125748,1.6900000000000002,1.5483333333333331,0.3215224201618192,0.0080000000000008,0,0.4048570679133051,1
2024-01-02 19:20:00,19.33,11.533,0.322,2.17,67.2,1013.11,3.783,normal,19,1,1,3.713626,1.0,4.7089,1.6449999999999998,0.411229862728919,0.1379999999999999,0,0.20545559836242355,0
2024-01-02 19:25:00,22.06,11.432,0.452,2.96,73.31,1013.71,5.135,normal,19,1,1,5.167264,0.993756076716808,8.7616,1.8466666666666665,0.6811363054974459,0.100999999999999,0,0.13911598766408917,0
2024-01-02 19:30:00,21.42,11.45,0.28,2.16,62.91,1005.95,3.196,normal,19,1,1,3.206,0.9968808484092327,4.6656,2.0016666666666665,0.6153833493577058,0.0179999999999989,0,0.08803987229006749,0
2024-01-02 19:35:00,22.68,11.358,0.281,2.13,64.66,1017.62,3.211,normal,19,1,1,3.1915980000000004,1.0,4.536899999999999,2.1316666666666664,0.5260956820452972,0.0919999999999987,0,0.1303953151463476,0
2024-01-02 19:40:00,19.55,11.558,0.341,1.88,67.73,1000.19,3.933,normal,19,1,1,3.941278,0.997899666047409,3.5344,2.1,0.5361716143176923,0.1999999999999993,0,0.07575339788861712,0
2024-01-02 19:45:00,19.91,11.434,0.36,13.85,65.71,1007.51,3.694,critical,19,1,1,4.11624,0.897420947272268,191.8225,4.191666666666666,4.7457240402984535,0.1240000000000005,2,0.8483581599923312,1
2024-01-02 19:50:00,20.14,11.442,0.418,2.29,58.82,1020.67,4.756,normal,19,1,1,4.782756,0.9944057359396968,5.2441,4.211666666666667,4.735742462029231,0.0080000000000008,0,0.29719217457856717,0
2024-01-02 19:55:00,21.57,11.295,0.1,2.91,62.5,1021.22,1.114,normal,19,1,1,1.1295,0.9862771137671538,8.468100000000002,4.203333333333334,4.738428712840015,0.1470000000000002,0,0.4576718913222103,1
2024-01-02 20:00:00,20.21,11.743,0.354,2.82,63.07,1003.41,4.155,normal,20,1,1,4.157022,0.9995135941065504,7.952399999999999,4.3133333333333335,4.688908899378051,0.4480000000000004,0,0.3147935933145435,0
2024-01-02 20:05:00,19.16,11.552,0.272,2.01,63.42,1019.03,3.146,normal,20,1,1,3.142144,1.0,4.040099999999999,4.293333333333333,4.70032622981285,0.1910000000000007,0,0.40968542395534124,1
2024-01-02 20:10:00,19.43,11.442,0.404,2.73,66.05,994.0,4.554,normal,20,1,1,4.622568,0.985166686569024,7.4529,4.435,4.625251344521724,0.1099999999999994,0,0.3256375811081266,0
2024-01-02 20:15:00,21.45,11.569,0.439,1.93,62.36,1011.65,5.139,normal,20,1,1,5.078791000000001,1.0,3.7249,2.4483333333333337,0.4281315997058756,0.1270000000000006,0,0.05190410115455091,0
2024-01-02 20:20:00,20.76,12.054,0.289,13.43,61.85,1006.47,3.18,critical,20,1,1,3.483606,0.9128472048790822,180.3649,4.305000000000001,4.490103562280052,0.4849999999999994,2,0.854494369894908,1
2024-01-02 20:25:00,22.28,11.573,0.369,2.54,67.88,1018.05,4.235,normal,20,1,1,4.270437,0.991701786023304,6.4516,4.243333333333333,4.515562718716979,0.4809999999999998,0,0.29064678254814724,0
2024-01-02 20:30:00,19.47,11.793,0.397,1.99,68.17,1010.7,4.602,normal,20,1,1,4.681821,0.9829508646315184,3.9601,4.105,4.5801386441897165,0.2199999999999988,0,0.3549717563213153,0
2024-01-02 20:35:00,37.63,11.131,0.407,2.96,59.67,1010.47,4.244,warning,20,1,1,4.530317,0.9367997868581822,8.7616,4.263333333333333,4.509100427653689,0.661999999999999,1,0.5859099998147923,1
2024-01-02 20:40:00,20.36,11.713,0.337,1.71,61.41,998.89,3.988,normal,20,1,1,3.947281,1.0,2.9241,4.093333333333334,4.596845295054717,0.581999999999999,0,0.35542646732726213,0
2024-01-02 20:45:00,20.08,12.492,0.278,1.68,65.6,1016.13,3.501,warning,20,1,1,3.4727760000000005,1.0,2.8224,4.051666666666667,4.621443136799011,0.7790000000000017,1,0.3985689930774472,1
2024-01-02 20:50:00,21.09,11.963,0.445,2.14,67.42,1011.41,5.378,normal,20,1,1,5.323535,1.0,4.5796,2.1700000000000004,0.4991993589739973,0.5290000000000017,0,0.030514035459540345,0
2024-01-02 20:55:00,20.66,11.505,0.622,2.3,63.08,1010.74,7.153,normal,20,1,1,7.156110000000001,0.9995654063450672,5.289999999999999,2.1300000000000003,0.4725251316068285,0.4579999999999984,0,0.11308396881216753,0
2024-01-02 21:00:00,36.71,11.656,0.649,5.53,61.93,1018.93,6.948,warning,21,1,0,7.564744000000001,0.9184712661790008,30.580900000000003,2.7200000000000006,1.453836304402955,0.1509999999999998,1,0.663170997621114,1
2024-01-02 21:05:00,19.67,11.629,0.444,2.5,61.48,1019.37,5.137,normal,21,1,0,5.163276,0.9949109828721144,6.25,2.643333333333334,1.4507745057956831,0.027000000000001,0,0.16456849730694745,0
2024-01-02 21:10:00,22.98,11.594,0.46,2.81,60.56,1014.0,5.359,normal,21,1,0,5.33324,1.0,7.896100000000001,2.8266666666666667,1.3768611646301547,0.0350000000000001,0,0.16152947252283367,0
2024-01-02 21:15:00,20.5,10.0,0.288,2.91,56.12,1018.36,2.762,warning,21,1,0,2.88,0.9590277777777778,8.468100000000002,3.0316666666666667,1.2584659974217431,1.5939999999999994,1,0.18370547524900704,0
2024-01-02 21:20:00,21.32,11.722,0.43,3.95,60.19,1014.79,5.082,normal,21,1,0,5.04046,1.0,15.6025,3.333333333333333,1.2182720002801912,1.7219999999999995,0,0.3096757465090688,0
2024-01-02 21:25:00,21.22,11.787,0.474,2.83,61.92,1001.86,5.612,normal,21,1,0,5.587038,1.0,8.0089,3.4216666666666677,1.145398038529269,0.0650000000000012,0,0.09465504631462807,0
2024-01-02 21:30:00,24.92,11.656,0.472,2.53,63.51,1006.93,5.522,normal,21,1,0,5.501632,1.0,6.400899999999999,2.921666666666667,0.5309770867624183,0.1310000000000002,0,0.19814873798071864,0
2024-01-02 21:35:00,21.54,13.352,0.627,3.43,62.37,1009.84,8.455,warning,21,1,0,8.371704,1.0,11.7649,3.0766666666666675,0.5188705683180559,1.6959999999999995,1,0.07991352448444289,0
2024-01-02 21:40:00,21.87,11.771,0.281,2.74,64.44,1013.45,3.289,normal,21,1,0,3.3076510000000003,0.9943612551626516,7.507600000000001,3.065000000000001,0.5267921791371203,1.5809999999999995,0,0.10361146414873434,0
2024-01-02 21:45:00,24.6,11.664,0.462,2.83,58.21,1017.67,5.377,normal,21,1,0,5.388768,0.9978161984334823,8.0089,3.051666666666667,0.5324816115761207,0.1070000000000011,0,0.17696616945731858,0
2024-01-02 21:50:00,21.66,11.604,0.435,2.22,61.8,1007.15,5.014,normal,21,1,0,5.047739999999999,0.9933158205454324,4.928400000000001,2.7633333333333336,0.4008823601341261,0.0600000000000005,0,0.06497444128347851,0
2024-01-02 21:55:00,22.96,11.473,0.758,13.68,58.36,1006.48,7.771,critical,21,1,0,8.696534,0.8935743826218583,187.1424,4.571666666666666,4.480006324400299,0.1309999999999984,2,0.8028110078202622,1
2024-01-02 22:00:00,21.99,11.898,0.716,3.51,59.35,1011.6,8.47,normal,22,1,0,8.518968,0.9942518859091856,12.320099999999998,4.735,4.407968920035622,0.4249999999999989,0,0.20895609967730588,0
2024-01-02 22:05:00,21.04,12.061,0.717,2.77,61.94,1019.82,8.644,normal,22,1,0,8.647737,0.9995678638237958,7.6729,4.625,4.455031986417159,0.1630000000000002,0,0.23609347846282702,0
2024-01-02 22:10:00,21.92,12.102,0.737,2.95,61.27,999.09,8.929,normal,22,1,0,8.919174,1.0,8.7025,4.66,4.438053627436245,0.0410000000000003,0,0.20935166810930705,0
2024-01-02 22:15:00,20.9,12.158,0.613,2.23,57.45,1014.97,7.476,normal,22,1,0,7.452853999999999,1.0,4.9729,4.56,4.493942589753457,0.0559999999999991,0,0.3038234453885327,0
2024-01-02 22:20:00,20.67,11.881,0.749,2.59,61.05,1015.07,8.958,normal,22,1,0,8.898869,1.0,6.708099999999999,4.621666666666667,4.4578040184228245,0.2769999999999992,0,0.28120925814918096,0
2024-01-02 22:25:00,19.57,12.009,0.691,14.34,59.46,1008.75,7.502,critical,22,1,0,8.298219,0.9040494110844748,205.6356,4.7316666666666665,4.726099519335863,0.1280000000000001,2,0.8524818650624783,1
2024-01-02 22:30:00,24.21,11.909,0.773,11.27,57.74,1015.5,8.352,warning,22,1,0,9.205657,0.9072682156200258,127.0129,6.025000000000001,5.346048073109705,0.0999999999999996,1,0.8174737305836969,1
2024-01-02 22:35:00,20.22,13.185,0.745,3.82,61.52,1012.38,9.819,warning,22,1,0,9.822825,0.999610600820029,14.5924,6.199999999999999,5.234202900155856,1.2759999999999998,1,0.4978187811171121,1
2024-01-02 22:40:00,23.22,11.799,0.686,3.4,58.37,1005.32,8.078,normal,22,1,0,8.094114000000001,0.998009170614597,11.56,6.275000000000001,5.181276869652884,1.386000000000001,0,0.3467850979460263,0
2024-01-02 22:45:00,23.05,11.969,0.705,4.48,63.86,1014.6,8.539,normal,22,1,0,8.438144999999999,1.0,20.070400000000003,6.65,4.903965742131564,0.1699999999999999,0,0.4052037296839448,1
2024-01-02 22:50:00,23.02,11.803,0.482,2.75,62.08,1008.06,5.689,normal,22,1,0,5.689046,0.9999919142858048,7.5625,6.676666666666667,4.877838319037096,0.1659999999999986,0,0.4224573421702017,1
2024-01-02 22:55:00,21.37,12.222,0.586,3.3,65.0,1015.29,7.066,normal,22,1,0,7.162092,0.9865832496985518,10.89,4.836666666666667,3.204001664585502,0.4189999999999987,0,0.20862992655084356,0
2024-01-02 23:00:00,24.95,12.447,0.809,4.03,58.93,1021.56,10.074,normal,23,1,0,10.069623,1.0,16.240900000000003,3.63,0.6090648569733941,0.2249999999999996,0,0.11358558715358102,0
2024-01-02 23:05:00,24.11,12.446,0.923,3.16,50.06,1005.75,11.434,normal,23,1,0,11.487658,0.9953290740375452,9.985600000000002,3.52,0.627216071222687,0.0009999999999994,0,0.14452493644173703,0
2024-01-02 23:10:00,23.37,12.146,0.725,3.05,54.54,1015.68,8.762,normal,23,1,0,8.80585,0.9950203557862104,9.302499999999998,3.461666666666668,0.656213887895319,0.2999999999999989,0,0.0738959247416563,0
2024-01-02 23:15:00,22.78,12.513,0.941,13.98,57.13,1006.02,10.635,critical,23,1,0,11.774733,0.9032051936973856,195.4404,5.045000000000001,4.397948385326959,0.3669999999999991,2,0.8113331895830984,1
2024-01-02 23:20:00,23.64,12.138,0.771,4.59,55.55,1008.35,9.375,normal,23,1,0,9.358398,1.0,21.0681,5.351666666666667,4.268149091429055,0.375,0,0.30046007502223393,0
2024-01-02 23:25:00,25.37,12.182,0.952,3.88,56.74,1008.73,11.573,normal,23,1,0,11.597264,0.9979077823872942,15.0544,5.448333333333333,4.21867001158738,0.0440000000000004,0,0.2761228644998269,0
2024-01-02 23:30:00,23.1,14.0,0.728,4.04,60.2,999.18,10.147,critical,23,1,0,10.192,0.9955847723704868,16.3216,5.45,4.217999525841604,1.818,2,0.2726024627357011,0
2024-01-02 23:35:00,21.94,12.339,0.634,13.62,53.05,1007.72,7.016,critical,23,1,0,7.822926000000001,0.896851127059108,185.5044,7.1933333333333325,5.1425117079756495,1.6609999999999996,2,0.8738617923606866,1
2024-01-02 23:40:00,25.07,12.302,1.229,13.13,58.77,1021.81,13.635,critical,23,1,0,15.119158,0.9018359355726026,172.39690000000002,8.873333333333333,5.164678757354285,0.0370000000000008,2,0.8812646115771298,1
2024-01-02 23:45:00,24.56,13.511,0.703,4.82,54.32,1006.8,9.551,warning,23,1,0,9.498233,1.0,23.2324,7.346666666666667,4.684799533242232,1.2089999999999996,1,0.4483743391906192,1
2024-01-02 23:50:00,22.14,12.414,0.84,3.95,61.66,1010.62,10.434,normal,23,1,0,10.42776,1.0,15.6025,7.240000000000001,4.766688578038214,1.0969999999999995,0,0.4055140369776299,1
2024-01-02 23:55:00,24.21,10.0,0.533,3.01,52.22,1012.6,5.066,warning,23,1,0,5.33,0.95046904315197,9.060099999999998,7.095,4.900688727107647,2.414,1,0.4412613883959773,1
2024-01-03 00:00:00,35.58,12.056,1.184,6.44,58.59,1012.2,13.197,warning,0,2,0,14.274304,0.9245284393550816,41.473600000000005,7.495,4.6950985080187575,2.055999999999999,1,0.6311743531973311,1
2024-01-03 00:05:00,25.75,12.478,0.836,11.05,53.05,1015.15,9.401,warning,0,2,0,10.431608,0.9012033427636468,122.10250000000002,7.066666666666667,4.104664013858703,0.4220000000000006,1,0.7808499561433804,1
2024-01-03 00:10:00,25.94,12.488,1.096,5.45,49.94,1010.92,13.77,normal,0,2,0,13.686848,1.0,29.7025,5.786666666666666,2.837623418754973,0.0099999999999997,0,0.16724003816406785,0
2024-01-03 00:15:00,24.48,12.45,1.185,4.19,54.49,1005.69,14.726,normal,0,2,0,14.75325,0.9981529493501432,17.556100000000004,5.681666666666668,2.8916875119325507,0.0380000000000002,0,0.18540572451210613,0
2024-01-03 00:20:00,24.67,12.535,1.056,4.63,52.62,1024.74,13.228,normal,0,2,0,13.236960000000002,0.9993231074204348,21.4369,5.795000000000001,2.8227486604371976,0.0850000000000008,0,0.1581256205160173,0
2024-01-03 00:25:00,24.62,13.954,0.85,4.59,55.85,1005.71,11.789,warning,0,2,0,11.8609,0.99393806540819,21.0681,6.058333333333334,2.573685424962937,1.4190000000000005,1,0.22718119521688618,0
2024-01-03 00:30:00,24.29,12.459,1.149,5.17,51.74,1022.94,14.365,normal,0,2,0,14.315391,1.0,26.7289,5.846666666666668,2.5882014347161357,1.495000000000001,0,0.16427652698375683,0
2024-01-03 00:35:00,24.35,12.394,1.063,4.66,50.62,1015.51,13.273,normal,0,2,0,13.174822,1.0,21.7156,4.781666666666666,0.4521246140907187,0.0649999999999995,0,0.10932849381013754,0
2024-01-03 00:40:00,23.03,12.646,1.09,3.5,50.56,1005.75,13.772,normal,0,2,0,13.784140000000004,0.9991192776625888,12.25,4.456666666666666,0.5629091104847105,0.2520000000000006,0,0.1630314287016258,0
2024-01-03 00:45:00,25.09,12.622,1.17,4.29,52.24,1013.86,14.752,normal,0,2,0,14.767739999999998,0.9989341632504366,18.4041,4.473333333333333,0.5548573390221019,0.0240000000000009,0,0.08609308185665354,0
2024-01-03 00:50:00,26.77,12.372,1.076,3.9,58.33,1014.54,13.27,normal,0,2,0,13.312272,0.996824584113065,15.21,4.351666666666667,0.592399077199391,0.25,0,0.17209391761179837,0
2024-01-03 00:55:00,38.92,11.88,1.435,6.85,52.26,1007.79,15.622,critical,0,2,0,17.047800000000002,0.9163645749011602,46.92249999999999,4.728333333333333,1.190653881976909,0.4919999999999991,2,0.5577693445403933,1
2024-01-03 01:00:00,26.45,12.922,1.137,5.2,56.82,1025.24,14.63,normal,1,2,0,14.692314,0.9957587348051504,27.040000000000003,4.733333333333333,1.1929403449739988,1.0419999999999998,0,0.10341119175844238,0
2024-01-03 01:05:00,36.89,12.277,1.558,6.66,53.23,1009.64,17.518,warning,1,2,0,19.127566,0.9158509765434872,44.3556,5.066666666666667,1.4251689958270484,0.6450000000000014,1,0.4975540436723457,1
2024-01-03 01:10:00,27.32,12.637,1.272,5.37,46.69,1020.0,16.026,normal,1,2,0,16.074264,0.9969974363989544,28.8369,5.378333333333334,1.2008566386820172,0.3600000000000012,0,0.05610837600252683,0
2024-01-03 01:15:00,26.06,12.68,1.339,5.51,50.66,1011.14,16.956,normal,1,2,0,16.97852,0.9986736181952256,30.3601,5.581666666666667,1.076576363602076,0.0429999999999992,0,0.053299771783147265,0
2024-01-03 01:20:00,27.5,12.744,1.478,5.22,51.29,1018.48,18.814,normal,1,2,0,18.835632,0.9988515384033836,27.2484,5.801666666666667,0.7493308125698995,0.064,0,0.06357477785716248,0
2024-01-03 01:25:00,26.65,12.98,1.285,5.35,51.62,1018.54,16.637,normal,1,2,0,16.679299999999998,0.9974639223468612,28.622499999999995,5.551666666666666,0.5545238197468797,0.2360000000000006,0,0.006274419136984122,0
2024-01-03 01:30:00,27.84,12.991,1.211,5.59,47.81,1013.86,15.686,normal,1,2,0,15.732101,0.9970696221693466,31.2481,5.616666666666666,0.5272444088529237,0.0109999999999992,0,0.04704848426358155,0
2024-01-03 01:35:00,27.31,12.504,1.365,5.3,50.63,1007.19,17.044,normal,1,2,0,17.06796,0.9985962001317088,28.09,5.39,0.136674796506181,0.4870000000000001,0,0.10331632144854708,0
2024-01-03 01:40:00,28.08,12.802,1.228,4.58,52.34,1014.54,15.581,normal,1,2,0,15.720856,0.9911037923125816,20.9764,5.258333333333334,0.3591889010906026,0.298,0,0.17039892083091768,0
2024-01-03 01:45:00,27.71,12.504,1.283,4.73,56.12,1017.36,16.011,normal,1,2,0,16.042631999999998,0.9980282537179684,22.372900000000005,5.128333333333333,0.3897392290579392,0.298,0,0.12430749693010401,0
2024-01-03 01:50:00,26.91,12.706,1.287,5.77,55.65,1006.79,16.267,normal,1,2,0,16.352621999999997,0.9947640201063782,33.2929,5.22,0.4716778561688141,0.2019999999999999,0,0.06429613308747961,0
2024-01-03 01:55:00,25.2,12.621,1.222,5.79,52.71,1020.06,15.414,normal,1,2,0,15.422862,0.9994253984766251,33.5241,5.293333333333333,0.5269029006056751,0.084999999999999,0,0.12413008945363013,0
2024-01-03 02:00:00,27.34,13.027,1.398,4.33,48.59,1003.87,18.298,normal,2,2,0,18.211746,1.0,18.7489,5.083333333333333,0.6266631205573513,0.4059999999999988,0,0.14902840563319752,0
2024-01-03 02:05:00,27.29,10.883,1.373,4.54,48.82,1013.53,14.135,critical,2,2,0,14.942358999999998,0.9459684377814775,20.6116,4.956666666666667,0.650466499265473,2.144,2,0.13088515189430738,0
2024-01-03 02:10:00,26.71,12.687,1.475,5.35,53.05,1008.77,18.693,normal,2,2,0,18.713325,0.9989138755405572,28.622499999999995,5.085,0.6371106654263533,1.8040000000000005,0,0.0981310667478188,0
2024-01-03 02:15:00,25.51,13.087,1.369,5.5,56.61,1011.99,17.925,normal,2,2,0,17.916103,1.0,30.25,5.213333333333334,0.6287977947374461,0.4000000000000003,0,0.07729444183590795,0
2024-01-03 02:20:00,26.59,12.931,1.37,5.74,47.29,1007.28,17.704,normal,2,2,0,17.71547,0.9993525432856144,32.9476,5.208333333333333,0.623583728673765,0.1560000000000005,0,0.07345840769607515,0
2024-01-03 02:25:00,26.88,13.122,1.377,5.48,50.15,1022.3,18.065,normal,2,2,0,18.068994,0.9997789583637032,30.030400000000004,5.156666666666667,0.5768419772057826,0.1910000000000007,0,0.043458109808305556,0
2024-01-03 02:30:00,29.47,12.922,1.36,6.14,44.77,1005.0,17.652,normal,2,2,0,17.57392,1.0,37.6996,5.458333333333333,0.5293927338627455,0.1999999999999993,0,0.17964094160971,0
2024-01-03 02:35:00,39.11,12.275,1.856,7.44,51.89,1011.47,20.905,critical,2,2,0,22.782400000000003,0.917594283306412,55.35360000000001,5.941666666666666,0.7852748987881021,0.6470000000000002,2,0.6010046408980736,1
2024-01-03 02:40:00,28.68,13.027,1.403,5.67,49.73,1009.41,18.369,normal,2,2,0,18.276881,1.0,32.1489,5.995,0.746987282354925,0.7519999999999989,0,0.02089383090907626,0
2024-01-03 02:45:00,28.77,10.453,0.882,5.5,51.09,1006.25,8.82,warning,2,2,0,9.219546,0.9566631589017508,30.25,5.995,0.746987282354925,2.574,1,0.22374323489549353,0
2024-01-03 02:50:00,26.59,12.859,1.229,5.51,50.99,1014.72,15.854,normal,2,2,0,15.803711000000002,1.0,30.3601,5.956666666666667,0.7682881403917827,2.4060000000000006,0,0.026244662260539564,0
2024-01-03 02:55:00,28.35,12.931,1.373,5.64,46.49,1022.19,17.844,normal,2,2,0,17.754262999999998,1.0,31.8096,5.983333333333333,0.7510170881322632,0.0719999999999991,0,0.0013499551218015826,0
2024-01-03 03:00:00,28.48,13.262,1.516,5.51,51.9,1004.27,20.031,normal,3,2,0,20.105192,0.996309808928957,30.3601,5.878333333333333,0.768567932369459,0.3310000000000013,0,0.03413565508761074,0
2024-01-03 03:05:00,28.31,13.263,1.582,5.75,50.53,1012.78,21.014,normal,3,2,0,20.982066,1.0,33.0625,5.596666666666667,0.105007936208029,0.0009999999999994,0,0.12950081166631822,0
2024-01-03 03:10:00,28.1,13.094,1.56,6.15,45.36,1012.29,20.339,normal,3,2,0,20.42664,0.9957095244249666,37.822500000000005,5.676666666666667,0.2520052909497504,0.1690000000000004,0,0.11120923273715067,0
2024-01-03 03:15:00,27.12,13.269,1.571,5.88,48.77,1020.94,20.816,normal,3,2,0,20.845599,0.9985800839783976,34.5744,5.739999999999999,0.2464142853001844,0.1750000000000007,0,0.08711663683036863,0
2024-01-03 03:20:00,28.69,13.117,1.607,6.65,43.61,1014.26,21.068,normal,3,2,0,21.079019,0.9994772527127568,44.2225,5.93,0.415258955351956,0.1519999999999992,0,0.09531472259354556,0
2024-01-03 03:25:00,28.13,12.898,1.493,10.31,38.53,1018.66,17.291,warning,3,2,0,19.256714,0.897920590189998,106.2961,6.708333333333333,1.8070795961071149,0.2190000000000012,1,0.5698575617029575,1
2024-01-03 03:30:00,25.49,13.481,1.782,6.86,54.35,1012.43,24.038,normal,3,2,0,24.023142,1.0,47.0596,6.933333333333334,1.709440454261759,0.5830000000000002,0,0.2465662838961714,0
2024-01-03 03:35:00,29.68,13.019,1.627,6.69,47.05,1010.72,21.215,normal,3,2,0,21.181913,1.0,44.7561,7.090000000000001,1.6200370366136632,0.4619999999999997,0,0.10318036852846968,0
2024-01-03 03:40:00,28.52,13.304,1.668,10.19,48.73,1021.74,19.95,warning,3,2,0,22.191072,0.8990101965330922,103.8361,7.763333333333333,1.9559516013098672,0.2850000000000001,1,0.6158037758028954,1
2024-01-03 03:45:00,28.97,13.139,1.448,5.76,46.49,1018.24,19.032,normal,3,2,0,19.025272,1.0,33.1776,7.743333333333333,1.979531931206626,0.1650000000000009,0,0.19592727895054662,0
2024-01-03 03:50:00,28.23,13.253,1.528,5.46,42.5,1016.88,20.295,normal,3,2,0,20.250584,1.0,29.8116,7.545000000000001,2.162172518556272,0.1140000000000007,0,0.18999681902368548,0
2024-01-03 03:55:00,29.56,13.688,1.673,5.98,50.63,1012.71,22.862,normal,3,2,0,22.900024,0.9983395650589708,35.760400000000004,6.823333333333334,1.735173382306982,0.4350000000000005,0,0.12181344745766454,0
2024-01-03 04:00:00,29.99,13.153,1.729,7.27,44.16,1018.5,22.814,normal,4,2,0,22.741537,1.0,52.85289999999999,6.891666666666667,1.7449517662865786,0.5350000000000001,0,0.21385449874509133,0
2024-01-03 04:05:00,28.97,13.301,1.614,7.07,45.44,1018.69,21.432,normal,4,2,0,21.467814,0.9983317351268276,49.9849,6.954999999999999,1.7430633952900227,0.1479999999999997,0,0.16235016864816532,0
2024-01-03 04:10:00,29.45,13.446,1.591,7.24,47.09,1032.86,21.356,normal,4,2,0,21.392586,0.9982897813289148,52.4176,6.463333333333334,0.8193818808508393,0.1449999999999995,0,0.1891863360921714,0
2024-01-03 04:15:00,37.03,13.096,2.0,8.29,51.69,1010.6,24.165,warning,4,2,0,26.192,0.9226099572388516,68.72409999999999,6.885000000000001,1.0131288170810184,0.3499999999999996,1,0.8582024975430048,1
2024-01-03 04:20:00,31.59,13.31,1.817,7.02,44.11,1003.4,24.174,normal,4,2,0,24.18427,0.999575343808186,49.28039999999999,7.1450000000000005,0.7367699776728003,0.2140000000000004,0,0.2647931187245969,0
2024-01-03 04:25:00,29.35,13.351,1.689,5.94,49.82,1008.41,22.47,normal,4,2,0,22.549839,0.9964594425707428,35.28360000000001,7.138333333333333,0.749490938348587,0.0410000000000003,0,0.07789440446565732,0
2024-01-03 04:30:00,29.56,13.183,1.716,6.44,45.11,1004.27,22.565,normal,4,2,0,22.622028,0.9974790942704164,41.473600000000005,7.0,0.7955124134795015,0.168000000000001,0,0.045002064276596476,0
2024-01-03 04:35:00,28.4,13.492,1.587,6.46,48.2,1014.56,21.426,normal,4,2,0,21.411804,1.0,41.7316,6.898333333333333,0.8232719275346695,0.309000000000001,0,0.04961242164696089,0
2024-01-03 04:40:00,28.72,13.715,1.747,6.75,42.89,1006.25,23.997,normal,4,2,0,23.960105,1.0,45.5625,6.816666666666666,0.8067382888314224,0.2229999999999989,0,0.0470914924136977,0
2024-01-03 04:45:00,29.7,13.423,1.751,6.43,46.43,1009.36,23.49,normal,4,2,0,23.503673,0.9994182611373124,41.3449,6.506666666666667,0.3623074201098547,0.2919999999999998,0,0.06996393517069399,0
2024-01-03 04:50:00,29.76,11.82,1.449,6.37,42.24,1010.5,17.202,warning,4,2,0,17.127180000000003,1.0,40.5769,6.398333333333333,0.2611832051772494,1.6029999999999998,1,0.12663560765756787,0
2024-01-03 04:55:00,29.69,13.426,1.643,6.78,43.05,1015.33,22.094,normal,4,2,0,22.058918,1.0,45.9684,6.538333333333333,0.1783722698926551,1.606,0,0.12673197300174477,0
2024-01-03 05:00:00,31.47,13.705,1.853,6.75,41.42,1007.58,25.445,normal,5,2,0,25.395365,1.0,45.5625,6.59,0.1887855926706018,0.2789999999999999,0,0.3229013670954931,0
2024-01-03 05:05:00,29.1,13.431,1.928,5.8,44.65,1029.4,25.839,normal,5,2,0,25.894968,0.9978386534403132,33.64,6.48,0.3775711853412451,0.2740000000000009,0,0.23555238841407555,0
2024-01-03 05:10:00,29.77,13.531,1.804,7.53,43.91,1010.08,24.318,normal,5,2,0,24.409924,0.9962341546003994,56.7009,6.61,0.5728874234960916,0.1000000000000014,0,0.2500717107750202,0
2024-01-03 05:15:00,29.12,13.443,1.79,7.28,45.37,1014.77,23.985,normal,5,2,0,24.06297,0.9967597516017348,52.9984,6.751666666666668,0.622428041356311,0.0880000000000009,0,0.15934830760486585,0
2024-01-03 05:20:00,28.14,13.38,1.764,7.51,43.99,1013.82,23.613,normal,5,2,0,23.60232,1.0,56.4001,6.941666666666666,0.6557260606889508,0.0629999999999988,0,0.23918384285110694,0
2024-01-03 05:25:00,30.62,13.533,1.771,5.85,46.29,1005.57,23.97,normal,5,2,0,23.966943,1.0,34.2225,6.786666666666666,0.7964086053444254,0.1529999999999987,0,0.17870079205407674,0
2024-01-03 05:30:00,30.4,13.564,1.935,7.51,45.65,1017.37,26.276,normal,5,2,0,26.24634,1.0,56.4001,6.913333333333334,0.8481666502914684,0.0310000000000005,0,0.4186923421369799,1
2024-01-03 05:35:00,31.04,13.667,1.712,7.31,46.42,1014.74,23.414,normal,5,2,0,23.397904,1.0,53.4361,7.164999999999999,0.6534141106526382,0.1029999999999997,0,0.2337597201865378,0
2024-01-03 05:40:00,30.89,13.355,1.747,7.34,45.01,1018.39,23.367,normal,5,2,0,23.331185,1.0,53.8756,7.133333333333333,0.6365741643097411,0.3119999999999994,0,0.24171575142554136,0
2024-01-03 05:45:00,28.06,13.589,1.829,5.73,47.83,1013.94,24.909,normal,5,2,0,24.854281,1.0,32.8329,6.874999999999999,0.8454052282781219,0.2339999999999999,0,0.12047711588142573,0
2024-01-03 05:50:00,28.95,13.17,1.753,7.03,43.29,1011.59,23.142,normal,5,2,0,23.08701,1.0,49.4209,6.794999999999999,0.7944746691997078,0.4190000000000005,0,0.08158474288256679,0
2024-01-03 05:55:00,29.63,13.599,1.722,7.06,45.46,1002.04,23.526,normal,5,2,0,23.417478,1.0,49.8436,6.996666666666667,0.646395131994856,0.4290000000000002,0,0.09603382341130062,0
2024-01-03 06:00:00,28.72,13.944,1.868,6.94,50.49,1006.38,25.988,normal,6,2,1,26.047392,0.997719848497692,48.1636,6.901666666666666,0.5957656138672736,0.3450000000000006,0,0.1810615073835925,0
2024-01-03 06:05:00,28.93,13.284,1.767,7.01,46.35,1016.4,23.474,normal,6,2,1,23.472828,1.0,49.1401,6.851666666666667,0.5665127241877718,0.6600000000000001,0,0.08291026805822566,0
2024-01-03 06:10:00,28.16,13.538,2.0,7.74,43.25,1015.33,27.083,normal,6,2,1,27.076,1.0,59.9076,6.918333333333333,0.652484993441726,0.2539999999999995,0,0.5310880333781369,1
2024-01-03 06:15:00,38.52,13.023,2.0,9.32,47.83,1005.82,23.962,critical,6,2,1,26.046,0.9199877140443832,86.86240000000001,7.516666666666667,0.931293007955411,0.5150000000000006,2,0.8626164998019182,1
2024-01-03 06:20:00,29.94,13.377,1.787,7.01,42.94,1008.76,23.827,normal,6,2,1,23.904699,0.9967496348730432,49.1401,7.513333333333333,0.9334166629467452,0.354000000000001,0,0.14347900982825923,0
2024-01-03 06:25:00,28.81,13.72,1.705,8.0,42.45,1015.42,23.283,normal,6,2,1,23.3926,0.9953147576584048,64.0,7.669999999999999,0.9209125908575512,0.3429999999999999,0,0.5320804135759727,1
2024-01-03 06:30:00,29.76,13.458,1.805,6.52,44.36,1014.47,24.345,normal,6,2,1,24.29169,1.0,42.5104,7.6,1.0000599982000924,0.2620000000000004,0,0.1320145592556461,0
2024-01-03 06:35:00,29.57,13.419,1.688,6.82,41.31,1013.48,22.645,normal,6,2,1,22.651272,0.9997231060577968,46.51240000000001,7.568333333333334,1.0251715303629123,0.0389999999999997,0,0.11226284879915227,0
2024-01-03 06:40:00,28.0,13.297,1.685,11.86,48.22,1006.23,20.173,warning,6,2,1,22.405445,0.9003614969486211,140.65959999999998,8.255,2.0403308555231807,0.1219999999999998,1,0.6552829265212308,1
2024-01-03 06:45:00,28.65,13.352,1.878,6.05,46.04,1016.24,25.029,normal,6,2,1,25.075056,0.9981632742913914,36.6025,7.71,2.1335604045819667,0.0549999999999997,0,0.25910015006605536,0
2024-01-03 06:50:00,36.95,13.183,2.0,8.31,42.86,1004.83,24.242,warning,6,2,1,26.366,0.919441705226428,69.05610000000001,7.926666666666667,2.114177539060196,0.1690000000000004,1,0.9052948887135681,1
2024-01-03 06:55:00,30.3,13.569,1.816,6.97,46.26,1015.05,24.576,normal,6,2,1,24.641304,0.9973498155779418,48.5809,7.755,2.148569291412303,0.386000000000001,0,0.25587315741966266,0
2024-01-03 07:00:00,30.74,13.464,1.758,6.95,48.43,1010.17,23.68,normal,7,2,1,23.669712,1.0,48.3025,7.826666666666667,2.1058838207903663,0.1050000000000004,0,0.24478735817062458,0
2024-01-03 07:05:00,30.56,13.449,1.696,6.19,39.95,1007.61,22.736,normal,7,2,1,22.809504,0.9967774836313844,38.316100000000006,7.721666666666667,2.180499178322852,0.0150000000000005,0,0.21760373902475338,0
2024-01-03 07:10:00,29.98,13.173,1.704,6.61,41.63,1011.57,22.53,normal,7,2,1,22.446792,1.0,43.6921,6.846666666666667,0.8110651432940793,0.2759999999999998,0,0.0562515584414367,0
2024-01-03 07:15:00,30.0,13.748,1.732,8.14,48.2,1010.25,23.79,normal,7,2,1,23.811536,0.9990955644356584,66.2596,7.195,0.8484279580494586,0.5749999999999993,0,0.5614352510203386,1
2024-01-03 07:20:00,29.35,13.381,1.607,7.0,43.48,1012.16,21.475,normal,7,2,1,21.503267,0.9986854555635662,49.0,6.976666666666667,0.6492970557969931,0.3669999999999991,0,0.1073420521512144,0
2024-01-03 07:25:00,32.67,13.393,1.809,7.67,51.75,1007.23,24.158,normal,7,2,1,24.227937,0.9971133737057348,58.8289,7.093333333333334,0.7080866237026666,0.0120000000000004,0,0.5421359508969511,1
2024-01-03 07:30:00,38.84,12.617,2.0,9.37,47.3,1018.24,23.233,critical,7,2,1,25.234,0.92070222715384,87.79689999999998,7.496666666666666,1.157024920503718,0.7759999999999998,2,0.8716331122888477,1
2024-01-03 07:35:00,31.31,13.456,1.942,6.11,44.64,1004.35,26.136,normal,7,2,1,26.131552,1.0,37.3321,7.483333333333333,1.1754091486229954,0.8389999999999986,0,0.4208498729539274,1
2024-01-03 07:40:00,25.99,13.586,1.74,7.35,42.66,1003.68,23.677,normal,7,2,1,23.63964,1.0,54.0225,7.606666666666666,1.1019739863838136,0.1300000000000007,0,0.3403636923154889,0
2024-01-03 07:45:00,31.58,13.488,1.788,7.38,46.47,1014.0,24.085,normal,7,2,1,24.116544,0.9986920182261604,54.4644,7.48,1.0716715914868549,0.0980000000000007,0,0.36192725089877764,0
2024-01-03 07:50:00,31.29,13.769,1.555,14.88,46.58,1019.9,19.157,critical,7,2,1,21.410795,0.8947355761427822,221.41440000000003,8.793333333333335,3.159839658379301,0.2810000000000006,2,0.8181742001058815,1
2024-01-03 07:55:00,28.73,13.358,1.734,6.48,47.49,1007.27,23.152,normal,7,2,1,23.162772,0.9995349433996932,41.99040000000001,8.595,3.27952892958729,0.4109999999999996,0,0.35520192219760527,0
2024-01-03 08:00:00,28.09,13.308,1.781,6.34,45.99,1013.62,23.689,normal,8,2,1,23.701548,0.999470583102842,40.1956,8.090000000000002,3.3684061512828234,0.0500000000000007,0,0.2905006362868383,0
2024-01-03 08:05:00,30.83,13.448,1.676,5.61,43.14,1007.4,22.532,normal,8,2,1,22.538848,0.9996961690322416,31.472100000000005,8.006666666666668,3.4327578805774563,0.1400000000000005,0,0.4357195868405005,1
2024-01-03 08:10:00,28.1,13.219,1.925,6.22,48.41,1006.04,25.439,normal,8,2,1,25.446575,0.9997023175024538,38.6884,7.818333333333334,3.506202599204249,0.2290000000000009,0,0.3777279636350308,0
2024-01-03 08:15:00,30.79,13.378,1.692,6.97,44.7,1012.51,22.573,normal,8,2,1,22.635576,0.9972355022023738,48.5809,7.75,3.5204204294373653,0.1590000000000007,0,0.3750236268135353,0
2024-01-03 08:20:00,29.7,14.0,1.462,6.91,48.06,1010.96,20.482,warning,8,2,1,20.468,1.0,47.7481,6.421666666666667,0.4997365972856525,0.6219999999999999,1,0.16886022915058319,0
2024-01-03 08:25:00,31.43,13.316,1.668,6.46,47.78,1017.18,22.176,normal,8,2,1,22.211088,0.998420248481299,41.7316,6.418333333333333,0.4993362260708134,0.6839999999999993,0,0.15628492836082508,0
2024-01-03 08:30:00,30.45,13.106,1.404,12.4,52.24,1012.12,16.525,warning,8,2,1,18.400824,0.8980576087244788,153.76000000000002,7.428333333333334,2.485971976243222,0.2100000000000008,1,0.6795028139638737,1
2024-01-03 08:35:00,29.69,13.221,1.719,12.31,43.16,998.07,20.44,warning,8,2,1,22.726899,0.8993747893190356,151.5361,8.545,2.9645556159397564,0.1150000000000002,1,0.7217994346089867,1
2024-01-03 08:40:00,28.94,13.412,1.724,6.62,43.7,1018.37,23.104,normal,8,2,1,23.122288,0.9992090748112816,43.8244,8.611666666666666,2.9057282506570736,0.1910000000000007,0,0.30490377443141115,0
2024-01-03 08:45:00,30.98,13.385,1.592,6.88,48.08,1014.83,21.347,normal,8,2,1,21.30892,1.0,47.3344,8.596666666666668,2.9161115662242105,0.027000000000001,0,0.4429616931867758,1
2024-01-03 08:50:00,28.39,13.252,1.635,7.14,51.64,1014.47,21.65,normal,8,2,1,21.66702,0.999214474348572,50.9796,8.635,2.890908161806589,0.1329999999999991,0,0.4125114669501685,1
2024-01-03 08:55:00,29.87,13.258,1.511,13.98,47.93,1016.7,18.028,critical,8,2,1,20.032838,0.899922417382899,195.4404,9.888333333333334,3.3526134084720534,0.0059999999999984,2,0.8317830210503652,1
2024-01-03 09:00:00,26.82,13.122,1.538,5.41,46.28,1024.09,20.085,normal,9,2,1,20.181636,0.9952116865054944,29.2681,8.723333333333334,3.5157853556021608,0.1359999999999992,0,0.3904493046132199,0
2024-01-03 09:05:00,29.86,13.074,1.68,6.61,49.11,1015.13,22.006,normal,9,2,1,21.96432,1.0,43.6921,7.773333333333333,3.0980875821491267,0.048,0,0.22535912387597,0
2024-01-03 09:10:00,29.99,13.19,1.579,6.02,47.64,1016.62,20.88,normal,9,2,1,20.82701,1.0,36.2404,7.673333333333333,3.1519750422023685,0.1159999999999996,0,0.2732093514506785,0
2024-01-03 09:15:00,29.87,13.364,1.57,6.29,46.95,1008.24,20.957,normal,9,2,1,20.98148,0.9988332567578644,39.5641,7.574999999999999,3.1906410014290163,0.1740000000000012,0,0.2315875239792068,0
2024-01-03 09:20:00,29.91,13.249,1.523,5.7,48.34,1009.4,20.071,normal,9,2,1,20.178227,0.9946860048704974,32.49,7.335,3.28273514009278,0.1150000000000002,0,0.2975006324851075,0
2024-01-03 09:25:00,29.04,13.27,1.604,5.73,50.38,1014.37,21.245,normal,9,2,1,21.28508,0.9981169908687212,32.8329,5.96,0.4377213725647554,0.020999999999999,0,0.04751856797873222,0
2024-01-03 09:30:00,29.09,13.222,1.562,6.92,52.18,1016.31,20.594,normal,9,2,1,20.652764,0.997154666561822,47.8864,6.211666666666667,0.4893022242608727,0.048,0,0.12787788660207366,0
2024-01-03 09:35:00,30.42,13.46,1.642,6.32,48.72,1004.89,22.04,normal,9,2,1,22.10132,0.9972255050829544,39.942400000000006,6.163333333333334,0.4552215577788884,0.2380000000000013,0,0.10321999919042957,0
2024-01-03 09:40:00,27.88,13.429,1.552,5.15,40.36,1017.74,20.927,normal,9,2,1,20.841808,1.0,26.522500000000004,6.0183333333333335,0.6190772703521262,0.0310000000000005,0,0.06574266876807389,0
2024-01-03 09:45:00,27.41,13.174,1.547,6.98,43.34,1014.47,20.259,normal,9,2,1,20.380178,0.9940541245518072,48.720400000000005,6.133333333333334,0.7332030187244446,0.2550000000000008,0,0.18248217119097598,0
2024-01-03 09:50:00,27.25,13.346,1.486,6.4,49.58,1004.51,19.785,normal,9,2,1,19.832156,0.9976222454079122,40.96000000000001,6.25,0.705634466278377,0.1720000000000006,0,0.06635963504832232,0
2024-01-03 09:55:00,28.57,13.059,1.583,5.48,46.79,1022.33,20.694,normal,9,2,1,20.672397,1.0,30.030400000000004,6.208333333333333,0.7485563884348574,0.2870000000000008,0,0.04354401819463205,0
2024-01-03 10:00:00,39.47,12.45,1.665,7.92,44.69,1013.93,19.146,critical,10,2,1,20.72925,0.9236224175983212,62.7264,6.375,1.005818075001622,0.609,2,0.6812067304524484,1
2024-01-03 10:05:00,27.64,12.966,1.389,5.14,48.58,1007.68,18.057,normal,10,2,1,18.009774,1.0,26.4196,6.178333333333334,1.1268081765174751,0.516,0,0.05867070253935225,0
2024-01-03 10:10:00,29.45,12.943,1.442,6.07,49.31,1015.85,18.692,normal,10,2,1,18.663806,1.0,36.8449,6.331666666666667,1.016039697387182,0.0229999999999996,0,0.08378523419779527,0
2024-01-03 10:15:00,26.49,13.024,1.289,5.05,50.34,1019.27,16.741,normal,10,2,1,16.787936,0.997204182813182,25.5025,6.010000000000001,1.0736107301997184,0.0809999999999995,0,0.06291677934652362,0
2024-01-03 10:20:00,35.74,12.647,1.657,7.68,43.18,1007.5,19.294,warning,10,2,1,20.956079,0.9206875007485896,58.9824,6.223333333333334,1.274906532521752,0.3769999999999989,1,0.6177987715188709,1
2024-01-03 10:25:00,30.35,14.0,1.585,7.19,54.82,1014.82,22.206,warning,10,2,1,22.19,1.0,51.69610000000001,6.508333333333333,1.266608331990057,1.3529999999999998,1,0.23520388146248206,0
2024-01-03 10:30:00,27.77,13.08,1.373,12.73,50.05,1002.75,16.245,warning,10,2,1,17.95884,0.904568446514363,162.05290000000002,7.31,2.8594335103303177,0.92,1,0.6583402248041823,1
2024-01-03 10:35:00,27.79,13.141,1.394,6.2,49.78,1000.93,18.306,normal,10,2,1,18.318554,0.9993146838991768,38.440000000000005,7.486666666666667,2.728286397478576,0.0609999999999999,0,0.17011528069096693,0
2024-01-03 10:40:00,27.58,12.952,1.335,6.28,44.42,1008.85,17.35,normal,10,2,1,17.29092,1.0,39.4384,7.521666666666666,2.7077475263891624,0.189,0,0.2157141503999077,0
2024-01-03 10:45:00,26.92,12.804,1.343,5.5,50.11,1009.0,17.232,normal,10,2,1,17.195772,1.0,30.25,7.596666666666667,2.6307312038037307,0.1479999999999997,0,0.19133667568969348,0
2024-01-03 10:50:00,35.14,12.574,1.726,7.88,47.28,1017.42,19.96,warning,10,2,1,21.702724,0.9197002182767472,62.0944,7.63,2.633264134111874,0.2300000000000004,1,0.7590953979048827,1
2024-01-03 10:55:00,27.49,12.914,1.383,6.14,49.3,1017.25,17.816,normal,10,2,1,17.860062,0.9975329312966552,37.6996,7.455000000000001,2.702337876728216,0.3399999999999998,0,0.17121969761734457,0
2024-01-03 11:00:00,27.71,12.806,1.228,4.99,52.48,1021.67,15.768,normal,11,2,1,15.725768,1.0,24.9001,6.165,0.9776655869979136,0.1080000000000005,0,0.06520135438417674,0
2024-01-03 11:05:00,27.35,12.832,1.295,4.92,52.74,1001.39,16.595,normal,11,2,1,16.61744,0.9986496114925044,24.2064,5.951666666666667,1.1004438498472535,0.0260000000000015,0,0.06588804438602958,0
2024-01-03 11:10:00,24.79,12.514,1.18,5.75,55.32,1012.48,14.811,normal,11,2,1,14.766519999999998,1.0,33.0625,5.863333333333333,1.0900397546267042,0.3180000000000014,0,0.14994592168240128,0
2024-01-03 11:15:00,25.56,12.623,1.188,5.55,55.45,1013.51,14.899,normal,11,2,1,14.996123999999998,0.9935233931114468,30.8025,5.871666666666666,1.086893125687455,0.1089999999999999,0,0.07799474909163095,0
2024-01-03 11:20:00,26.34,12.748,1.268,5.65,53.74,1001.82,16.163,normal,11,2,1,16.164464,0.9999094309591708,31.922500000000003,5.5,0.4676751008980309,0.125,0,0.04581999902721423,0
2024-01-03 11:25:00,26.59,12.917,1.229,5.31,57.3,1022.69,15.893,normal,11,2,1,15.874993000000002,1.0,28.196099999999998,5.361666666666667,0.3479319856906689,0.1690000000000004,0,0.05933212909980634,0
2024-01-03 11:30:00,25.0,12.672,1.381,4.58,53.75,1023.35,17.526,normal,11,2,1,17.500032,1.0,20.9764,5.293333333333333,0.4582866642906519,0.2449999999999992,0,0.13635733600826927,0
2024-01-03 11:35:00,26.67,12.469,0.964,12.88,55.31,1008.34,10.848,warning,11,2,1,12.020116,0.9024871307398366,165.89440000000002,6.62,3.095415965585236,0.2030000000000011,1,0.707712163858635,1
2024-01-03 11:40:00,29.28,10.0,0.802,4.36,52.25,1006.27,7.572,warning,11,2,1,8.02,0.944139650872818,19.0096,6.388333333333333,3.2229391348064027,2.4689999999999994,1,0.4266523506998283,1
2024-01-03 11:45:00,26.13,12.709,1.325,4.75,53.44,1015.74,16.925,normal,11,2,1,16.839425,1.0,22.5625,6.255,3.280589885980869,2.709,0,0.18656665504147396,0
2024-01-03 11:50:00,27.04,12.905,1.24,5.82,53.21,1003.47,15.982,normal,11,2,1,16.0022,0.9987376735698842,33.872400000000006,6.283333333333334,3.2750491090465568,0.1959999999999997,0,0.1734879036826611,0
2024-01-03 11:55:00,26.62,12.741,1.353,10.68,53.22,1017.21,15.522,warning,11,2,1,17.238573,0.9004225581781045,114.0624,7.178333333333334,3.666248309466591,0.1639999999999997,1,0.6993595564297457,1
2024-01-03 12:00:00,24.89,11.522,1.285,4.04,60.4,1010.97,14.844,warning,12,2,1,14.80577,1.0,16.3216,7.088333333333334,3.7484952536540095,1.2189999999999994,1,0.33712202343550157,0
2024-01-03 12:05:00,27.75,11.199,1.187,4.57,57.91,1020.14,13.293,warning,12,2,1,13.293213,0.9999839767857476,20.8849,5.703333333333333,2.511785553479167,0.3230000000000004,1,0.19514517577749046,0
2024-01-03 12:10:00,24.19,12.319,1.141,4.86,51.61,1014.15,14.062,normal,12,2,1,14.055979,1.0,23.6196,5.786666666666666,2.4661846375862955,1.120000000000001,0,0.16104302074261356,0
2024-01-03 12:15:00,23.97,12.626,0.89,12.04,57.43,1004.47,10.152,warning,12,2,1,11.23714,0.9034327239849284,144.96159999999998,7.001666666666666,3.4520279064148123,0.3069999999999986,1,0.7662915863359637,1
2024-01-03 12:20:00,25.27,12.451,0.963,4.34,54.23,1003.9,11.991,normal,12,2,1,11.990313,1.0,18.8356,6.755,3.6029307514855136,0.1749999999999989,0,0.21810240483052346,0
2024-01-03 12:25:00,25.97,12.413,1.101,3.84,55.36,1009.72,13.581,normal,12,2,1,13.666713,0.9937283383356336,14.7456,5.614999999999999,3.168581701645072,0.0380000000000002,0,0.2797270020177286,0
2024-01-03 12:30:00,26.92,10.0,0.674,3.64,56.07,1013.61,6.3,warning,12,2,1,6.74,0.9347181008902076,13.2496,5.548333333333333,3.2122541410459178,2.4130000000000003,1,0.3599079672897153,0
2024-01-03 12:35:00,24.41,12.662,1.228,4.22,51.59,1013.55,15.586,normal,12,2,1,15.548936,1.0,17.8084,5.489999999999999,3.2366587710168,2.662000000000001,0,0.20913783262583652,0
2024-01-03 12:40:00,24.5,12.556,1.013,4.1,59.65,1009.07,12.736,normal,12,2,1,12.719227999999998,1.0,16.81,5.363333333333333,3.2808149394116466,0.1060000000000016,0,0.19081573624139703,0
2024-01-03 12:45:00,25.66,12.384,1.067,3.93,51.01,1014.17,13.204,normal,12,2,1,13.213728,0.999263795955237,15.4449,4.011666666666667,0.2581795241041719,0.1719999999999988,0,0.1820890067286821,0
2024-01-03 12:50:00,22.27,10.0,0.735,4.78,53.44,1018.46,6.94,warning,12,2,1,7.35,0.94421768707483,22.8484,4.085,0.3958661389914394,2.3840000000000003,1,0.29691861671145425,0
2024-01-03 12:55:00,24.68,12.566,1.129,4.48,53.28,1003.43,14.184,normal,12,2,1,14.187014,0.9997875521938584,20.070400000000003,4.191666666666667,0.4028109564878488,2.5660000000000007,0,0.14000564288007633,0
2024-01-03 13:00:00,24.02,12.208,0.825,3.02,60.03,1010.42,10.056,normal,13,2,1,10.0716,0.9984510901942094,9.1204,4.088333333333334,0.6026082198797625,0.3580000000000005,0,0.12473730102466396,0
2024-01-03 13:05:00,23.2,10.0,0.526,4.43,55.03,1009.57,4.993,warning,13,2,1,5.26,0.949239543726236,19.6249,4.123333333333334,0.6176946386902318,2.208,1,0.23745018991902045,0
2024-01-03 13:10:00,24.2,12.34,0.766,3.96,55.57,1017.44,9.454,normal,13,2,1,9.45244,1.0,15.6816,4.1000000000000005,0.6213855485928116,2.34,0,0.08514268912596767,0
2024-01-03 13:15:00,22.17,12.305,0.844,4.83,56.1,1013.35,10.451,normal,13,2,1,10.38542,1.0,23.3289,4.25,0.6781740189656256,0.0350000000000001,0,0.2407891248330457,0
2024-01-03 13:20:00,38.87,11.57,1.295,6.45,56.21,1010.99,13.79,critical,13,2,1,14.98315,0.920367212502044,41.6025,4.528333333333333,1.1308300786000758,0.7349999999999994,2,0.5302233828854428,1
2024-01-03 13:25:00,23.84,12.15,0.854,3.36,59.58,1023.37,10.345,normal,13,2,1,10.3761,0.9970027274216712,11.289599999999998,4.341666666666667,1.2286157522458578,0.5800000000000001,0,0.14116556121010648,0
2024-01-03 13:30:00,24.05,12.276,0.903,3.88,58.79,1023.92,11.074,normal,13,2,1,11.085228,0.998987120517503,15.0544,4.485,1.085407757481025,0.1259999999999994,0,0.1256514461948367,0
2024-01-03 13:35:00,24.58,12.276,0.836,3.68,57.26,1008.68,10.163,normal,13,2,1,10.262736,0.9902817338378384,13.5424,4.36,1.1350594698076346,0.0,0,0.13165924926223393,0
2024-01-03 13:40:00,24.18,12.124,0.912,3.69,60.57,1012.03,11.046,normal,13,2,1,11.057088,0.9989972043272152,13.6161,4.315,1.1591850585648475,0.1519999999999992,0,0.13041254022257787,0
2024-01-03 13:45:00,23.34,12.17,0.762,3.39,57.24,1019.15,9.299,normal,13,2,1,9.27354,1.0,11.4921,4.075,1.180114401234046,0.0459999999999993,0,0.11060913104968839,0
2024-01-03 13:50:00,21.92,11.938,1.006,3.73,57.7,1012.42,11.986,normal,13,2,1,12.009628,0.9980325785278278,13.9129,3.621666666666666,0.2042955375593403,0.2319999999999993,0,0.2725891054616748,0
2024-01-03 13:55:00,23.98,12.324,0.808,4.33,57.04,1014.57,10.024,normal,13,2,1,9.957792,1.0,18.7489,3.783333333333333,0.3114910378592919,0.3859999999999992,0,0.1723851709397406,0
2024-01-03 14:00:00,23.51,12.175,0.662,3.65,57.87,1014.91,8.053,normal,14,2,1,8.05985,0.999150108252635,13.3225,3.745,0.3113679495387931,0.1489999999999991,0,0.1580379884254246,0
2024-01-03 14:05:00,21.69,11.767,0.797,13.68,62.44,1016.84,8.318,critical,14,2,1,9.378299,0.8869412246293277,187.1424,5.411666666666666,4.062464358818013,0.4080000000000012,2,0.8025695184851254,1
2024-01-03 14:10:00,22.66,11.91,0.694,3.55,53.62,1008.35,8.276,normal,14,2,1,8.26554,1.0,12.6025,5.388333333333333,4.074714304913493,0.1430000000000006,0,0.22078847909641763,0
2024-01-03 14:15:00,21.8,13.374,0.614,3.16,60.33,1010.08,8.184,warning,14,2,1,8.211636,0.9966345317790508,9.985600000000002,5.3500000000000005,4.098287447214993,1.4640000000000004,1,0.2408575205515674,0
2024-01-03 14:20:00,22.03,12.278,0.72,2.67,61.64,1010.58,8.822,normal,14,2,1,8.84016,0.997945738538669,7.1289,5.173333333333334,4.203582599006072,1.096,0,0.24529862946064407,0
2024-01-03 14:25:00,21.79,12.495,0.949,11.42,60.27,1012.99,10.697,warning,14,2,1,11.857755,0.9021100537159016,130.4164,6.355,4.863787618718562,0.2169999999999987,1,0.8188039798216358,1
2024-01-03 14:30:00,23.11,12.246,0.666,3.36,59.82,1003.33,8.08,normal,14,2,1,8.155836,0.9907016276443028,11.289599999999998,6.306666666666668,4.897369361878543,0.2489999999999987,0,0.31913307430222293,0
2024-01-03 14:35:00,22.97,11.927,0.615,3.92,55.81,1014.07,7.354,normal,14,2,1,7.335104999999999,1.0,15.3664,4.680000000000001,3.327912258458745,0.3190000000000008,0,0.2742319156750591,0
2024-01-03 14:40:00,19.71,12.078,0.669,13.99,62.11,1026.07,7.27,critical,14,2,1,8.080182,0.8997322090022228,195.7201,6.419999999999999,4.95194103357461,0.1509999999999998,2,0.8797093078114779,1
2024-01-03 14:45:00,20.99,12.016,0.812,3.17,58.94,1011.42,9.763,normal,14,2,1,9.756992,1.0,10.0489,6.421666666666666,4.95062588635686,0.0619999999999993,0,0.40494614606893164,1
2024-01-03 14:50:00,39.01,11.457,1.09,6.4,62.87,1005.92,11.452,critical,14,2,1,12.488130000000002,0.9170308124595116,40.96000000000001,7.043333333333334,4.607605307170596,0.5589999999999993,2,0.6274325832125796,1
2024-01-03 14:55:00,21.81,11.86,0.702,3.17,62.36,1016.26,8.393,normal,14,2,1,8.325719999999999,1.0,10.0489,5.668333333333333,4.258024972527363,0.4029999999999987,0,0.25400763633924417,0
2024-01-03 15:00:00,22.53,11.864,0.6,3.06,63.76,1010.39,7.192,normal,15,2,1,7.1184,1.0,9.3636,5.618333333333333,4.292176215705344,0.0040000000000013,0,0.26099703522696394,0
2024-01-03 15:05:00,21.16,10.0,0.35,3.67,59.23,1005.41,3.28,warning,15,2,1,3.5,0.937142857142857,13.4689,5.576666666666667,4.313122612060391,1.8640000000000008,1,0.4138774180584316,1
2024-01-03 15:10:00,24.75,11.618,0.565,1.67,61.05,1008.35,6.529,normal,15,2,1,6.56417,0.9946421253562904,2.7889,3.523333333333333,1.5617895718267123,1.6180000000000003,0,0.39351676720520024,1
2024-01-03 15:15:00,20.03,11.88,0.549,2.3,61.77,1007.27,6.449,normal,15,2,1,6.522120000000001,0.9887889213936571,5.289999999999999,3.3783333333333334,1.6396025941265973,0.2620000000000004,0,0.20430743450750166,0
2024-01-03 15:20:00,20.41,11.858,0.37,3.23,66.97,1014.01,4.402,normal,15,2,1,4.38746,1.0,10.4329,2.85,0.7291364755654482,0.0220000000000002,0,0.11738711375927835,0
2024-01-03 15:25:00,21.17,11.544,0.546,2.31,59.57,1011.36,6.382,normal,15,2,1,6.303024000000001,1.0,5.3361,2.7066666666666666,0.7381237475292821,0.314,0,0.04796986266188985,0
2024-01-03 15:30:00,36.97,11.473,0.936,4.57,62.36,1015.35,9.883,warning,15,2,1,10.738728000000002,0.9203138397769268,20.8849,2.958333333333333,1.0668911222175717,0.0709999999999997,1,0.5206131485876964,1
2024-01-03 15:35:00,20.01,11.552,0.562,2.09,64.54,1012.65,6.445,normal,15,2,1,6.492224,0.9927260673692097,4.368099999999999,2.6950000000000003,1.0509757371129007,0.0789999999999988,0,0.14035447965305092,0
2024-01-03 15:40:00,18.59,11.857,0.559,3.04,59.61,1003.34,6.557,normal,15,2,1,6.628063,0.98927846642375,9.2416,2.9233333333333333,0.925022522248334,0.3049999999999997,0,0.2292800520385354,0
2024-01-03 15:45:00,21.57,11.803,0.606,1.9,62.72,1009.66,7.132,normal,15,2,1,7.152618,0.9971174191044452,3.61,2.856666666666667,0.9909927682211764,0.0539999999999984,0,0.13441326105635143,0
2024-01-03 15:50:00,21.34,12.034,0.635,2.69,62.28,1009.63,7.587,normal,15,2,1,7.641590000000001,0.9928561987753856,7.236099999999999,2.766666666666667,0.9746931140962632,0.2309999999999998,0,0.06956950371779769,0
2024-01-03 15:55:00,21.23,11.828,0.558,2.29,62.13,1008.75,6.588,normal,15,2,1,6.600024,0.998178188442951,5.2441,2.763333333333333,0.9765995426307916,0.2060000000000013,0,0.083330507169596,0
2024-01-03 16:00:00,21.15,11.437,0.403,2.11,65.5,1007.78,4.424,normal,16,2,1,4.609111,0.9598380251636378,4.4521,2.353333333333333,0.4296355044298293,0.391,0,0.013052312670501554,0
2024-01-03 16:05:00,21.85,10.0,0.275,2.81,64.36,1003.4,2.62,warning,16,2,1,2.75,0.9527272727272728,7.896100000000001,2.473333333333333,0.4417540794001489,1.4369999999999994,1,0.10415607962166062,0
2024-01-03 16:10:00,19.77,11.381,0.318,1.83,62.88,1005.49,3.568,normal,16,2,1,3.619158,0.9858646679697322,3.3489000000000004,2.271666666666667,0.4060747057705939,1.3810000000000002,0,0.0858259085171511,0
2024-01-03 16:15:00,21.08,11.469,0.437,1.69,66.21,1021.2,4.972,normal,16,2,1,5.011953,0.9920284567712429,2.8561,2.236666666666667,0.4510727953076695,0.0879999999999991,0,0.10605884363880913,0
2024-01-03 16:20:00,22.74,13.193,0.128,1.67,60.88,1011.54,1.6,warning,16,2,1,1.688704,0.9474721443189572,2.7889,2.066666666666667,0.4380715314496892,1.7240000000000002,1,0.3575279628686001,0
2024-01-03 16:25:00,21.38,11.549,0.38,2.11,58.15,1009.48,4.41,normal,16,2,1,4.38862,1.0,4.4521,2.036666666666666,0.4257072546559152,1.644,0,0.052865061913594746,0
2024-01-03 16:30:00,39.4,11.121,0.6,5.08,66.17,1016.69,6.142,critical,16,2,1,6.6726,0.9204807721128196,25.8064,2.5316666666666667,1.318520635662056,0.427999999999999,2,0.6504538804813511,1
2024-01-03 16:35:00,20.91,11.696,0.442,2.58,63.19,1018.87,5.167,normal,16,2,1,5.169632,0.9994908728512976,6.6564000000000005,2.4933333333333336,1.31213820410301,0.5749999999999993,0,0.11410219267822652,0
2024-01-03 16:40:00,21.76,10.0,0.322,0.0,63.09,1014.46,3.008,critical,16,2,1,3.22,0.9341614906832296,0.0,2.188333333333333,1.6629541986076088,1.6959999999999995,2,0.49202530728381255,1
2024-01-03 16:45:00,21.17,11.433,0.311,3.22,64.45,1010.56,3.525,normal,16,2,1,3.555663,0.9913762918476808,10.3684,2.4433333333333334,1.6883680483433323,1.4329999999999998,0,0.2240980823194948,0
2024-01-03 16:50:00,21.22,10.0,0.274,2.64,64.03,1004.69,2.58,warning,16,2,1,2.74,0.9416058394160584,6.969600000000001,2.605,1.6454026862747018,1.4329999999999998,1,0.18166445434381873,0
2024-01-03 16:55:00,20.02,11.856,0.282,2.77,61.5,1020.56,3.346,normal,16,2,1,3.343392,1.0,7.6729,2.715,1.627657826448791,1.856,0,0.21542663117085503,0
2024-01-03 17:00:00,22.35,11.359,0.422,1.61,62.73,1018.98,4.85,normal,17,2,1,4.793498,1.0,2.5921000000000003,2.136666666666667,1.1719499420481552,0.4969999999999999,0,0.24963158751925518,0
2024-01-03 17:05:00,21.33,11.018,0.331,13.97,68.75,1009.19,3.274,critical,17,2,1,3.6469580000000006,0.8977344954342769,195.16090000000003,4.035,5.0015307656756445,0.3409999999999993,2,0.8569887915776482,1
2024-01-03 17:10:00,20.4,12.374,0.341,13.8,64.92,1013.67,3.813,critical,17,2,1,4.219534,0.9036542897865024,190.44000000000003,6.335000000000001,5.872146966825676,1.356,2,0.9303400853306716,1
2024-01-03 17:15:00,19.25,11.504,0.299,1.37,61.03,1014.69,3.398,normal,17,2,1,3.439696,0.9878779985207996,1.8769,6.026666666666667,6.112088568293711,0.870000000000001,0,0.7581529107393736,1
2024-01-03 17:20:00,20.05,11.451,0.45,2.14,60.96,1018.24,5.15,normal,17,2,1,5.152950000000001,0.999427512395812,4.5796,5.943333333333334,6.170626116259731,0.052999999999999,0,0.5697266510470259,1
2024-01-03 17:25:00,19.9,11.422,0.353,2.69,68.27,1021.17,4.049,normal,17,2,1,4.031966,1.0,7.236099999999999,5.93,6.178935183346723,0.0289999999999999,0,0.5710833525236318,1
2024-01-03 17:30:00,18.48,11.53,0.233,13.7,62.63,1001.13,2.487,critical,17,2,1,2.68649,0.9257432560701884,187.69,7.945,6.453609067800744,0.1079999999999987,2,1.0,1
2024-01-03 17:35:00,22.79,11.599,0.192,1.97,71.29,1012.44,2.233,normal,17,2,1,2.227008,1.0,3.8809,5.945,6.06045130332717,0.0690000000000008,0,0.6400425929467723,1
2024-01-03 17:40:00,20.41,11.571,0.198,2.33,65.82,1005.3,2.289,normal,17,2,1,2.291058,0.9991017250545382,5.4289000000000005,4.033333333333333,4.755748801888791,0.0280000000000004,0,0.3736021786921895,0
2024-01-03 17:45:00,21.25,11.434,0.301,1.88,65.73,1009.08,3.417,normal,17,2,1,3.441634,0.9928423533705212,3.5344,4.118333333333333,4.7028902460791775,0.1370000000000004,0,0.33950436690280084,0
2024-01-03 17:50:00,22.04,11.467,0.121,11.75,56.47,1017.97,1.235,warning,17,2,1,1.387507,0.8900855995681464,138.0625,5.72,5.468498879948682,0.0330000000000012,1,0.9568940002721754,1
2024-01-03 17:55:00,19.72,11.315,0.266,2.04,69.79,1011.04,2.979,normal,17,2,1,3.00979,0.9897700504021876,4.1616,5.611666666666667,5.546412954934627,0.152000000000001,0,0.5109322940012798,1
2024-01-03 18:00:00,21.4,11.433,0.154,2.16,66.26,1007.9,1.77,normal,18,2,1,1.760682,1.0,4.6656,3.688333333333333,3.952494992617532,0.1180000000000003,0,0.3982156856250143,1
2024-01-03 18:05:00,21.04,11.548,0.218,1.68,62.8,1007.57,2.487,normal,18,2,1,2.517464,0.9878989332121532,2.8224,3.64,3.979391913345556,0.1150000000000002,0,0.36916900072777015,0
2024-01-03 18:10:00,20.58,11.658,0.261,2.92,61.85,1013.05,3.027,normal,18,2,1,3.042738,0.9948276848023064,8.526399999999999,3.738333333333333,3.9477103068318815,0.1099999999999994,0,0.34354854379102173,0
2024-01-03 18:15:00,20.39,11.423,0.326,1.81,66.23,1012.24,3.737,normal,18,2,1,3.723898,1.0,3.2761,3.7266666666666666,3.954398395036427,0.2349999999999994,0,0.3264788596020014,0
2024-01-03 18:20:00,21.32,11.694,0.268,1.79,64.84,998.59,3.148,normal,18,2,1,3.133992000000001,1.0,3.2041,2.066666666666667,0.4537693981161402,0.2710000000000008,0,0.1076362209741093,0
2024-01-03 18:25:00,38.96,11.248,0.547,3.64,64.63,1016.3,5.743,critical,18,2,1,6.152656,0.933418023045657,13.2496,2.333333333333333,0.7845423294295103,0.4460000000000015,2,0.5044185111128774,1
2024-01-03 18:30:00,18.45,11.6,0.351,2.36,66.19,1023.84,4.034,normal,18,2,1,4.071599999999999,0.9907653011101288,5.569599999999999,2.3666666666666667,0.7799401686454429,0.3520000000000003,0,0.14100381786978444,0
2024-01-03 18:35:00,18.61,11.347,0.28,1.33,63.28,1021.48,3.182,normal,18,2,1,3.17716,1.0,1.7689,2.308333333333333,0.8513851459044152,0.2530000000000001,0,0.39421483844892224,1
2024-01-03 18:40:00,18.58,11.589,0.247,2.23,61.82,1014.59,2.792,normal,18,2,1,2.862483,0.975376971671098,4.9729,2.1933333333333334,0.7971114518476593,0.2420000000000008,0,0.21849712916407726,0
2024-01-03 18:45:00,38.23,10.881,0.713,3.62,66.17,1007.07,6.772,critical,18,2,1,7.758153,0.8728881732546394,13.1044,2.495,0.9507207791986112,0.7080000000000002,2,0.4739468429110898,1
2024-01-03 18:50:00,18.2,11.574,0.404,1.85,63.57,1011.85,4.668,normal,18,2,1,4.675896,0.9983113396876236,3.4225000000000003,2.505,0.9420987209417144,0.6929999999999996,0,0.22256703167459457,0
2024-01-03 18:55:00,19.3,11.548,0.346,1.88,64.17,1000.36,4.083,normal,18,2,1,3.995608,1.0,3.5344,2.211666666666667,0.7776738819496787,0.0259999999999998,0,0.09798119099696323,0
2024-01-03 19:00:00,20.42,10.0,0.1,1.81,64.8,1022.38,0.933,warning,19,2,1,1.0,0.933,3.2761,2.12,0.7890247144418334,1.548,1,0.2975085657568356,0
2024-01-03 19:05:00,20.81,11.886,0.447,1.69,68.29,1014.11,5.302,normal,19,2,1,5.313041999999999,0.9979217179160264,2.8561,2.18,0.7282856582413363,1.8859999999999992,0,0.11477350147594256,0
2024-01-03 19:10:00,21.01,11.839,0.516,2.55,69.34,1021.38,6.142,normal,19,2,1,6.108924,1.0,6.5025,2.2333333333333334,0.7442221890448327,0.0469999999999988,0,0.052365509906818875,0
2024-01-03 19:15:00,21.89,11.625,0.287,3.09,64.25,1015.61,3.298,normal,19,2,1,3.336375,0.9884979955790342,9.5481,2.145,0.5538140482147564,0.2140000000000004,0,0.16834035323845897,0
2024-01-03 19:20:00,21.01,11.471,0.13,2.05,65.37,1009.39,1.486,normal,19,2,1,1.49123,0.9964928280681048,4.2025,2.178333333333333,0.5383090809810689,0.1539999999999999,0,0.20336246285174997,0
2024-01-03 19:25:00,21.21,11.312,0.194,2.72,63.62,1012.28,2.202,normal,19,2,1,2.194528,1.0,7.398400000000001,2.3183333333333334,0.5541991218566501,0.1590000000000007,0,0.11164466742771872,0
2024-01-03 19:30:00,19.69,11.317,0.246,1.86,63.94,1013.71,2.817,normal,19,2,1,2.783982,1.0,3.4596000000000005,2.3266666666666667,0.5453317033390614,0.0050000000000007,0,0.12091983727459332,0
2024-01-03 19:35:00,19.01,11.589,0.378,3.3,65.0,1009.75,4.343,normal,19,2,1,4.380642,0.991407195566312,10.89,2.595,0.565145998835711,0.2720000000000002,0,0.2174394977527383,0
2024-01-03 19:40:00,19.84,11.181,0.298,1.84,64.36,1018.86,3.437,normal,19,2,1,3.331938,1.0,3.3856,2.476666666666667,0.6451253108247118,0.4080000000000012,0,0.0875682661735796,0
2024-01-03 19:45:00,21.17,11.822,0.325,2.31,64.33,1017.51,3.935,normal,19,2,1,3.84215,1.0,5.3361,2.346666666666667,0.5711625571294762,0.641,0,0.0,0
2024-01-03 19:50:00,20.03,11.522,0.278,1.19,66.41,1010.77,3.174,normal,19,2,1,3.2031160000000005,0.9909101012888698,1.4161,2.2033333333333336,0.7426618790988825,0.2999999999999989,0,0.34585756621361363,0
2024-01-03 19:55:00,15.82,11.634,0.168,2.75,66.15,1010.14,1.931,normal,19,2,1,1.954512,0.9879703987491506,7.5625,2.208333333333333,0.746924806568026,0.1120000000000001,0,0.4425480703866752,1
2024-01-03 20:00:00,22.54,11.853,0.45,3.56,63.06,1011.73,5.281,normal,20,2,1,5.33385,0.9900915848777148,12.6736,2.4916666666666667,0.8959334052632935,0.2189999999999994,0,0.18411100635051236,0
2024-01-03 20:05:00,23.01,11.655,0.401,2.63,68.19,1023.1,4.73,normal,20,2,1,4.673655,1.0,6.916899999999999,2.38,0.8129452626099835,0.1980000000000004,0,0.09522880528139377,0
2024-01-03 20:10:00,20.21,13.041,0.178,2.55,60.38,1011.07,2.235,warning,20,2,1,2.321298,0.9628233858815196,6.5025,2.498333333333333,0.7691142091176582,1.386000000000001,1,0.1427985272338772,0
2024-01-03 20:15:00,20.2,11.404,0.218,2.61,65.12,1014.04,2.453,normal,20,2,1,2.486072,0.986697086810036,6.812099999999999,2.5483333333333333,0.7641574881310007,1.6370000000000005,0,0.11702496146040964,0
2024-01-03 20:20:00,20.96,10.0,0.239,1.57,66.08,1013.6,2.223,warning,20,2,1,2.39,0.9301255230125524,2.4649,2.611666666666667,0.6336692091830564,1.404,1,0.20198329342312016,0
2024-01-03 20:25:00,20.71,11.659,0.452,2.55,62.41,1025.76,5.225,normal,20,2,1,5.269868000000001,0.9914859347520656,6.5025,2.578333333333333,0.630187802695895,1.6590000000000007,0,0.011291915635609051,0
2024-01-03 20:30:00,21.74,11.641,0.289,2.03,60.82,1005.4,3.347,normal,20,2,1,3.364249,0.9948728527525758,4.120899999999999,2.3233333333333333,0.4318641761789027,0.0180000000000006,0,0.07912140827729541,0
2024-01-03 20:35:00,20.49,11.536,0.376,1.47,64.42,1014.59,4.325,normal,20,2,1,4.337536,0.997109879894945,2.1609,2.13,0.5181505572707775,0.1050000000000004,0,0.19958247188015432,0
2024-01-03 20:40:00,21.32,11.622,0.399,2.98,67.88,1022.21,4.524,normal,20,2,1,4.6371780000000005,0.9755933457805588,8.8804,2.2016666666666667,0.6095380764699473,0.0860000000000003,0,0.07116859725037727,0
2024-01-03 20:45:00,21.48,11.782,0.369,2.73,59.12,1001.88,4.346,normal,20,2,1,4.347558,0.9996416379033932,7.4529,2.2216666666666662,0.6273250088006083,0.1600000000000001,0,0.038161470995563884,0
2024-01-03 20:50:00,20.1,13.071,0.375,2.03,60.62,1006.48,4.93,warning,20,2,1,4.901625,1.0,4.120899999999999,2.2983333333333333,0.5557847305087489,1.2889999999999997,1,0.022545367575821706,0
2024-01-03 20:55:00,22.26,11.627,0.573,2.04,59.93,1017.28,6.677,normal,20,2,1,6.662271,1.0,4.1616,2.2133333333333334,0.5485496027404297,1.443999999999999,0,0.12389479126722003,0
2024-01-03 21:00:00,22.48,11.763,0.527,3.07,65.95,1016.23,6.087,normal,21,2,0,6.199101000000001,0.9819165714512472,9.4249,2.3866666666666667,0.6363227692505445,0.1359999999999992,0,0.09361672847292657,0
2024-01-03 21:05:00,21.95,11.142,0.442,0.94,60.17,998.05,4.867,warning,21,2,0,4.924764,0.9882707069821012,0.8835999999999999,2.2983333333333333,0.8037765029326762,0.6210000000000004,1,0.37285159102313925,0
2024-01-03 21:10:00,20.35,11.82,0.46,3.63,59.27,1014.82,5.461,normal,21,2,0,5.437200000000001,1.0,13.1769,2.4066666666666663,0.9453606013932891,0.6780000000000008,0,0.21974044148178185,0
2024-01-03 21:15:00,21.71,11.754,0.499,2.45,64.9,1009.85,5.808,normal,21,2,0,5.865246,0.9902397955686768,6.002500000000001,2.36,0.9330380485275052,0.0660000000000007,0,0.053881681677054205,0
2024-01-03 21:20:00,21.14,11.935,0.424,2.3,64.9,1021.26,5.11,normal,21,2,0,5.06044,1.0,5.289999999999999,2.405,0.920364058402986,0.1810000000000009,0,0.02865206977185364,0
2024-01-03 21:25:00,21.54,11.604,0.679,2.85,63.8,1001.14,7.825,normal,21,2,0,7.879116,0.9931317168068092,8.1225,2.54,0.9155107863919536,0.3310000000000013,0,0.09662007495380909,0
2024-01-03 21:30:00,21.09,11.914,0.533,2.41,63.8,1019.45,6.286,normal,21,2,0,6.350162,0.9898960058026866,5.8081000000000005,2.43,0.877974942694844,0.3100000000000005,0,0.04064511531367221,0
2024-01-03 21:35:00,20.71,11.688,0.54,2.78,61.95,1019.27,6.295,normal,21,2,0,6.311520000000001,0.9973825639465612,7.728399999999999,2.736666666666667,0.4883304891839933,0.2259999999999991,0,0.03844772283479403,0
2024-01-03 21:40:00,20.98,11.73,0.624,2.16,65.04,1022.73,7.345,normal,21,2,0,7.319520000000001,1.0,4.6656,2.4916666666666667,0.2708074346591702,0.0419999999999998,0,0.17704364341039747,0
2024-01-03 21:45:00,22.29,11.599,0.457,3.29,60.48,1017.8,5.322,normal,21,2,0,5.300743000000001,1.0,10.8241,2.6316666666666664,0.4206384036992809,0.1310000000000002,0,0.12492776034661524,0
2024-01-03 21:50:00,22.68,11.839,0.637,2.26,56.97,1009.51,7.501,normal,21,2,0,7.541443,0.9946372332191598,5.107599999999999,2.625,0.427211891220285,0.2400000000000002,0,0.13336119742413943,0
2024-01-03 21:55:00,22.96,11.697,0.611,3.41,59.18,997.01,7.131,normal,21,2,0,7.146866999999999,0.9977798663386348,11.628100000000002,2.7183333333333333,0.534019350460897,0.1420000000000012,0,0.09170242987476218,0
2024-01-03 22:00:00,21.88,12.075,0.676,3.29,60.87,1002.85,8.169,normal,22,2,0,8.1627,1.0,10.8241,2.865,0.5529104810003244,0.3780000000000001,0,0.07166893571615807,0
2024-01-03 22:05:00,23.36,12.129,0.654,3.23,58.42,1009.89,7.899,normal,22,2,0,7.932366,0.9957936887934824,10.4329,2.94,0.5693505071570668,0.0540000000000002,0,0.07578982327555916,0
2024-01-03 22:10:00,23.96,12.045,0.725,3.52,68.33,1011.47,8.755,normal,22,2,0,8.732625,1.0,12.3904,3.1666666666666665,0.4561870961203017,0.0839999999999996,0,0.15003409935832557,0
2024-01-03 22:15:00,24.0,12.03,0.722,3.85,60.09,1011.21,8.633,normal,22,2,0,8.685659999999999,0.993937133159714,14.822500000000002,3.26,0.5366563145999549,0.0150000000000005,0,0.15048655476078887,0
2024-01-03 22:20:00,21.68,10.446,0.932,4.99,63.22,1013.54,9.324,warning,22,2,0,9.735672,0.9577150914698028,24.9001,3.715,0.6619289992136623,1.5839999999999996,1,0.33600587471551635,0
2024-01-03 22:25:00,22.2,10.0,0.684,3.41,62.09,1016.22,6.509,warning,22,2,0,6.840000000000001,0.9516081871345028,11.628100000000002,3.715,0.6619289992136623,0.4459999999999997,1,0.07989478864881461,0
2024-01-03 22:30:00,24.4,12.137,0.497,2.45,57.55,1015.1,6.033,normal,22,2,0,6.032089,1.0,6.002500000000001,3.575,0.8357930365826232,2.1370000000000005,0,0.18392669599035116,0
2024-01-03 22:35:00,22.87,12.033,0.606,4.09,58.55,1010.41,7.321,normal,22,2,0,7.291997999999999,1.0,16.728099999999998,3.718333333333333,0.8385324481894945,0.1040000000000009,0,0.16507089797156338,0
2024-01-03 22:40:00,24.13,11.938,0.754,3.53,55.8,1025.25,8.992,normal,22,2,0,9.001252000000001,0.9989721429863312,12.4609,3.72,0.8380692095525288,0.0949999999999988,0,0.09851244480177013,0
2024-01-03 22:45:00,22.12,11.824,0.67,2.82,55.0,1012.46,7.932,normal,22,2,0,7.92208,1.0,7.952399999999999,3.5483333333333333,0.9086345066453668,0.1140000000000007,0,0.07480021729656317,0
2024-01-03 22:50:00,21.2,11.829,0.528,3.91,63.29,1011.5,6.234,normal,22,2,0,6.245712000000001,0.9981247934582956,15.288100000000002,3.3683333333333336,0.6302512726418491,0.0050000000000007,0,0.21410705205390723,0
2024-01-03 22:55:00,22.33,12.847,0.714,4.17,60.38,1016.97,9.173,warning,22,2,0,9.172758,1.0,17.3889,3.495,0.7114421972303882,1.017999999999999,1,0.15476668745769306,0
2024-01-03 23:00:00,22.7,12.106,0.85,3.35,55.43,1012.49,10.306,normal,23,2,0,10.2901,1.0,11.2225,3.645,0.5147329404652485,0.7409999999999997,0,0.09269982451602587,0
2024-01-03 23:05:00,22.76,12.274,0.853,4.05,60.19,1012.81,10.504,normal,23,2,0,10.469722,1.0,16.4025,3.638333333333333,0.5080321512135505,0.1679999999999992,0,0.12282794721417234,0
2024-01-03 23:10:00,23.12,12.223,0.913,4.2,53.81,1012.92,11.192,normal,23,2,0,11.159599000000002,1.0,17.64,3.75,0.5512531179050149,0.0509999999999983,0,0.12802784223457997,0
2024-01-03 23:15:00,22.67,12.14,0.874,2.89,56.82,1010.94,10.635,normal,23,2,0,10.61036,1.0,8.3521,3.7616666666666663,0.5278794054200889,0.0830000000000001,0,0.13298210916078712,0
2024-01-03 23:20:00,25.23,12.129,0.839,3.9,61.41,1021.98,10.136,normal,23,2,0,10.176231,0.996046571662927,15.21,3.76,0.5273329119256639,0.011000000000001,0,0.10995214927690011,0
2024-01-03 23:25:00,21.38,12.884,0.947,14.33,65.95,1023.51,10.992,critical,23,2,0,12.201148,0.9008988334540324,205.3489,5.453333333333333,4.375909810161385,0.7550000000000008,2,0.8230734435559849,1
2024-01-03 23:30:00,25.61,12.082,0.827,4.03,58.13,1017.24,9.95,normal,23,2,0,9.991814,0.9958151743016832,16.240900000000003,5.566666666666666,4.318975187086243,0.8019999999999996,0,0.29839745722255395,0
2024-01-03 23:35:00,25.7,12.396,0.711,4.22,60.57,1000.09,8.84,normal,23,2,0,8.813556,1.0,17.8084,5.595,4.307578205906422,0.314,0,0.31919872529195936,0
2024-01-03 23:40:00,23.83,12.021,0.856,3.63,59.39,1009.35,10.318,normal,23,2,0,10.289976,1.0,13.1769,5.5,4.350567779037581,0.375,0,0.24233047716042966,0
2024-01-03 23:45:00,21.91,12.012,0.767,3.52,59.84,1013.74,9.24,normal,23,2,0,9.213204,1.0,12.3904,5.605,4.282040401490858,0.0090000000000003,0,0.24947380923387308,0
2024-01-03 23:50:00,23.84,12.342,0.687,3.41,67.13,1010.25,8.457,normal,23,2,0,8.478954000000002,0.9974107655260306,11.628100000000002,5.523333333333333,4.325513456997522,0.33,0,0.2478664775432975,0
2024-01-03 23:55:00,21.56,12.299,0.759,4.98,62.55,1018.46,9.308,normal,23,2,0,9.334941,0.9971139614058624,24.800400000000003,3.965,0.5861313845888113,0.043000000000001,0,0.3122931380628049,0
2024-01-04 00:00:00,24.22,12.594,0.954,4.83,57.13,1020.92,12.02,normal,0,3,0,12.014676,1.0,23.3289,4.098333333333334,0.686306539868784,0.2949999999999999,0,0.15762149826112504,0
2024-01-04 00:05:00,26.01,12.62,0.976,4.63,53.43,1014.36,12.361,normal,0,3,0,12.31712,1.0,21.4369,4.166666666666667,0.7204072922081385,0.0259999999999998,0,0.1594694820494783,0
2024-01-04 00:10:00,39.52,12.204,1.472,6.1,57.52,1009.79,16.478,critical,0,3,0,17.964288,0.9172642968093142,37.21,4.578333333333333,1.0027844567336786,0.4159999999999986,2,0.46381842760241576,1
2024-01-04 00:15:00,25.73,12.665,1.087,5.26,50.96,1017.26,13.734,normal,0,3,0,13.766854999999998,0.9976134709053012,27.6676,4.868333333333333,0.8795320725628237,0.4609999999999985,0,0.08354077039279195,0
2024-01-04 00:20:00,25.21,12.753,0.846,10.2,58.25,1012.64,9.713,warning,0,3,0,10.789038,0.9002656214576313,104.04,6.0,2.12055653072489,0.0880000000000009,1,0.7015615849199112,1
2024-01-04 00:25:00,26.45,11.07,1.135,3.23,57.34,1017.83,12.529,warning,0,3,0,12.56445,0.9971785474095562,10.4329,5.708333333333333,2.391898130495245,1.6829999999999998,1,0.3511008682646505,0
2024-01-04 00:30:00,23.68,12.436,1.21,4.78,57.92,1012.15,15.104,normal,0,3,0,15.04756,1.0,22.8484,5.7,2.395654399115194,1.3659999999999997,0,0.1781154269546229,0
2024-01-04 00:35:00,27.08,12.452,0.879,4.93,50.68,1010.91,10.917,normal,0,3,0,10.945308,0.9974136863028432,24.3049,5.75,2.371868461782816,0.016,0,0.24159383908116683,0
2024-01-04 00:40:00,25.05,12.685,1.065,4.0,53.48,1006.17,13.527,normal,0,3,0,13.509525,1.0,16.0,5.4,2.463079373467284,0.2330000000000005,0,0.17480083828382798,0
2024-01-04 00:45:00,25.7,12.425,0.97,4.22,55.67,1013.39,12.094,normal,0,3,0,12.05225,1.0,17.8084,5.226666666666667,2.511029005540687,0.2599999999999998,0,0.1610341886817278,0
2024-01-04 00:50:00,25.11,12.736,1.007,4.01,55.78,1012.96,12.805,normal,0,3,0,12.825152,0.9984287125797808,16.080099999999998,4.194999999999999,0.614255647104684,0.3109999999999999,0,0.07888225192704412,0
2024-01-04 00:55:00,25.12,12.381,1.062,5.0,52.38,1005.09,13.23,normal,0,3,0,13.148622,1.0,25.0,4.489999999999999,0.4650161287525334,0.3550000000000004,0,0.11470029311476204,0
2024-01-04 01:00:00,25.71,12.932,1.238,5.08,51.24,1020.02,16.002,normal,1,3,0,16.009816,0.999511799511,25.8064,4.54,0.5157906552080918,0.5510000000000002,0,0.09837280863599085,0
2024-01-04 01:05:00,27.57,11.226,1.094,6.37,54.49,1021.54,12.286,warning,1,3,0,12.281244000000004,1.0,40.5769,4.78,0.9144834607580344,1.7059999999999995,1,0.2914372848243272,0
2024-01-04 01:10:00,26.33,10.758,0.751,6.04,53.13,1002.86,7.702,warning,1,3,0,8.079258,0.953305365418458,36.4816,5.12,0.945198391873362,0.4680000000000017,1,0.3281094564491559,0
2024-01-04 01:15:00,27.96,13.073,1.306,12.81,53.55,1025.2,15.394,warning,1,3,0,17.073338,0.9016397379352532,164.0961,6.551666666666667,3.1778950056077453,2.3150000000000013,1,0.6781590204762389,1
2024-01-04 01:20:00,26.6,12.667,1.261,5.6,54.31,999.3,15.997,normal,1,3,0,15.973086999999998,1.0,31.36,6.816666666666666,2.9839347624682837,0.4060000000000006,0,0.14655785854529835,0
2024-01-04 01:25:00,27.37,13.011,1.303,4.86,51.21,1018.45,16.915,normal,1,3,0,16.953332999999997,0.9977389106908948,23.6196,6.793333333333333,3.0014774139857607,0.3439999999999994,0,0.2104480964140939,0
2024-01-04 01:30:00,39.95,12.226,1.475,8.44,53.28,1010.42,16.476,critical,1,3,0,18.03335,0.9136405604061364,71.2336,7.353333333333334,2.9304857390314405,0.7849999999999984,2,0.85543508776205,1
2024-01-04 01:35:00,36.59,11.986,1.421,6.13,50.92,1004.48,15.592,warning,1,3,0,17.032106000000002,0.9154475670830136,37.5769,7.313333333333333,2.948176837753571,0.2400000000000002,1,0.4449415443170468,1
2024-01-04 01:40:00,25.06,12.903,1.04,4.37,49.9,1006.66,13.427,normal,1,3,0,13.41912,1.0,19.0969,7.034999999999999,3.163407972424673,0.9169999999999998,0,0.24202515029744587,0
2024-01-04 01:45:00,27.95,12.768,1.133,5.6,54.47,1009.88,14.484,normal,1,3,0,14.466144000000002,1.0,31.36,5.833333333333333,1.4198826242568972,0.1349999999999998,0,0.10975118457481448,0
2024-01-04 01:50:00,26.1,10.378,0.632,4.25,54.06,1013.47,6.302,warning,1,3,0,6.558896,0.960832432775272,18.0625,5.608333333333333,1.563910696512641,2.390000000000001,1,0.2566257152714523,0
2024-01-04 01:55:00,26.39,12.728,1.397,5.29,48.78,1021.59,17.763,normal,1,3,0,17.781016,0.9989867845571928,27.9841,5.68,1.5322924002944045,2.35,0,0.061770549595911994,0
2024-01-04 02:00:00,28.28,13.002,1.547,5.62,43.67,1009.81,20.047,normal,2,3,0,20.114094,0.9966643290023404,31.5844,5.21,0.7483582030017373,0.2740000000000009,0,0.08898177505333182,0
2024-01-04 02:05:00,26.72,11.95,1.433,6.47,51.79,1012.38,17.18,warning,2,3,0,17.12435,1.0,41.8609,5.266666666666667,0.8393012967145087,1.0520000000000014,1,0.2132218339869565,0
2024-01-04 02:10:00,27.73,12.993,1.452,6.03,48.05,1006.68,18.805,normal,2,3,0,18.865836,0.9967753350553878,36.3609,5.543333333333333,0.7538611720115678,1.043000000000001,0,0.0661878319213488,0
2024-01-04 02:15:00,36.8,12.601,1.818,6.38,48.71,1020.43,21.09,warning,2,3,0,22.908618,0.9206142422035236,40.7044,5.673333333333333,0.8290878522006302,0.3919999999999994,1,0.4272569219930673,1
2024-01-04 02:20:00,26.51,13.309,1.431,5.22,47.97,1021.29,19.139,normal,2,3,0,19.045179,1.0,27.2484,5.835,0.5403239768879283,0.7079999999999984,0,0.025332671345271285,0
2024-01-04 02:25:00,28.8,13.066,1.495,5.61,48.84,1020.08,19.572,normal,2,3,0,19.53367,1.0,31.472100000000005,5.888333333333333,0.4891386988029599,0.2429999999999985,0,0.044169506035045436,0
2024-01-04 02:30:00,26.23,13.206,1.431,5.73,48.69,1008.25,18.95,normal,2,3,0,18.897786,1.0,32.8329,5.906666666666667,0.4790267911783772,0.1399999999999988,0,0.03558919892667933,0
2024-01-04 02:35:00,26.02,12.805,1.506,5.43,47.85,1017.34,19.313,normal,2,3,0,19.28433,1.0,29.4849,5.733333333333333,0.4187919133252863,0.4009999999999998,0,0.08385796337138707,0
2024-01-04 02:40:00,27.96,12.69,1.468,5.63,49.91,1027.07,18.639,normal,2,3,0,18.62892,1.0,31.6969,5.666666666666667,0.3931751094190153,0.1150000000000002,0,0.04426139743248425,0
2024-01-04 02:45:00,24.5,12.946,1.315,5.63,50.67,1003.08,17.037,normal,2,3,0,17.023989999999998,1.0,31.6969,5.541666666666667,0.1853015560286948,0.2560000000000002,0,0.1989621045193376,0
2024-01-04 02:50:00,26.55,10.0,0.896,7.0,52.08,1013.14,8.567,warning,2,3,0,8.96,0.9561383928571427,49.0,5.838333333333334,0.5773877957375385,2.946,1,0.3969644032857267,1
2024-01-04 02:55:00,28.14,13.197,1.446,5.96,49.42,1013.13,19.149,normal,2,3,0,19.082862,1.0,35.5216,5.896666666666667,0.56729768787353,3.196999999999999,0,0.0028158847486609018,0
2024-01-04 03:00:00,37.13,12.849,1.915,8.55,44.42,1019.24,22.616,warning,3,3,0,24.605835000000003,0.919131579968735,73.1025,6.366666666666667,1.2079845473625273,0.347999999999999,1,0.8724260416467499,1
2024-01-04 03:05:00,29.74,10.183,1.124,6.34,45.32,1011.99,10.837,warning,3,3,0,11.445692,0.946819117620848,40.1956,6.5183333333333335,1.1208464063673702,2.6660000000000004,1,0.22168885765852886,0
2024-01-04 03:10:00,29.04,13.191,1.544,6.28,52.75,1012.79,20.375,normal,3,3,0,20.366904,1.0,39.4384,6.626666666666666,1.0467791871577534,3.008000000000001,0,0.05147270375755453,0
2024-01-04 03:15:00,27.3,13.25,1.626,6.65,45.78,1015.47,21.588,normal,3,3,0,21.5445,1.0,44.2225,6.796666666666667,0.9287123702560688,0.0589999999999992,0,0.07144520080464178,0
2024-01-04 03:20:00,27.96,13.165,1.58,5.36,47.91,1009.22,20.852,normal,3,3,0,20.8007,1.0,28.729600000000005,6.523333333333333,1.0850744982104443,0.0850000000000008,0,0.07627531350055705,0
2024-01-04 03:25:00,31.73,10.0,0.853,6.62,50.17,1008.33,8.139,warning,3,3,0,8.53,0.9541617819460728,43.8244,6.633333333333334,1.0494125340716332,3.164999999999999,1,0.46100846651889094,1
2024-01-04 03:30:00,28.7,13.169,1.779,5.82,42.88,1013.94,23.352,normal,3,3,0,23.427651,0.9967708670408312,33.872400000000006,6.178333333333334,0.5004164932000643,3.1690000000000005,0,0.09995034252271806,0
2024-01-04 03:35:00,29.33,13.067,1.641,6.17,48.47,1014.51,21.359,normal,3,3,0,21.442947,0.9960850996833598,38.0689,6.150000000000001,0.4942064345999388,0.1020000000000003,0,0.04190524202660517,0
2024-01-04 03:40:00,28.71,13.135,1.638,6.3,45.78,1009.69,21.562,normal,3,3,0,21.51513,1.0,39.69,6.153333333333333,0.4953248092581778,0.0679999999999996,0,0.027259157144073787,0
2024-01-04 03:45:00,27.21,12.695,1.907,14.63,50.38,1025.04,21.814,critical,3,3,0,24.209365,0.9010562647967016,214.03690000000003,7.483333333333333,3.527620538927995,0.4399999999999995,2,0.7708329378213195,1
2024-01-04 03:50:00,28.63,12.651,1.449,10.02,40.7,1010.18,16.491,warning,3,3,0,18.331299,0.8996089147855806,100.4004,8.26,3.4792930316373125,0.0440000000000004,1,0.7400578593071727,1
2024-01-04 03:55:00,26.68,14.0,1.938,5.99,42.47,1009.27,27.043,warning,3,3,0,27.132,0.99671974052779,35.880100000000006,8.155000000000001,3.5475216701240826,1.3490000000000002,1,0.44711731565648416,1
2024-01-04 04:00:00,27.69,13.305,1.688,6.45,52.12,1019.37,22.408,normal,4,3,0,22.45884,0.9977363033887772,41.6025,8.26,3.473131152144987,0.6950000000000003,0,0.3383825208123521,0
2024-01-04 04:05:00,30.42,11.988,1.481,8.66,44.9,1001.23,17.657,warning,4,3,0,17.754228,0.9945236706434096,74.9956,8.674999999999999,3.31878742916746,1.3170000000000002,1,0.8047333862666758,1
2024-01-04 04:10:00,28.59,13.308,1.649,6.86,47.95,1018.68,22.026,normal,4,3,0,21.944892,1.0,47.0596,8.768333333333334,3.245707421605746,1.3200000000000005,0,0.374235361183048,0
2024-01-04 04:15:00,29.05,13.461,1.855,6.2,45.24,1004.27,24.974,normal,4,3,0,24.970155,1.0,38.440000000000005,7.363333333333333,1.6165477619503346,0.1530000000000004,0,0.21993668934020638,0
2024-01-04 04:20:00,28.49,11.82,1.78,5.02,46.18,1019.82,21.05,warning,4,3,0,21.0396,1.0,25.200399999999995,6.53,1.2110161022876524,1.641,1,0.23071547281428983,0
2024-01-04 04:25:00,30.88,13.575,1.629,6.55,47.31,1011.99,22.042,normal,4,3,0,22.113675,0.9967587929188614,42.9025,6.623333333333332,1.1823141150585337,1.754999999999999,0,0.15456007234697156,0
2024-01-04 04:30:00,30.01,13.408,1.69,6.9,38.72,1008.96,22.624,normal,4,3,0,22.65952,0.9984324469362106,47.61000000000001,6.698333333333333,1.1833920173242014,0.1669999999999998,0,0.11455432889189754,0
2024-01-04 04:35:00,30.69,13.457,1.749,6.07,49.05,1026.25,23.592,normal,4,3,0,23.536293000000004,1.0,36.8449,6.266666666666667,0.697242186522479,0.0490000000000012,0,0.11120892667438509,0
2024-01-04 04:40:00,28.73,13.504,1.719,5.78,50.06,1015.19,23.237,normal,4,3,0,23.213376,1.0,33.4084,6.086666666666667,0.6513268508718563,0.0469999999999988,0,0.0707304482627713,0
2024-01-04 04:45:00,29.08,13.659,1.709,6.29,44.27,1006.13,23.427,normal,4,3,0,23.343231000000003,1.0,39.5641,6.101666666666667,0.6554820109405362,0.1550000000000011,0,0.03413247112014117,0
2024-01-04 04:50:00,29.09,13.289,1.697,5.69,48.36,1011.56,22.558,normal,4,3,0,22.551433,1.0,32.3761,6.213333333333334,0.4632350015560651,0.370000000000001,0,0.08592306702191188,0
2024-01-04 04:55:00,29.05,13.323,1.853,6.03,44.83,1019.41,24.656,normal,4,3,0,24.687519,0.9987232819952462,36.3609,6.126666666666668,0.4354614410790565,0.0340000000000006,0,0.1568106167393004,0
2024-01-04 05:00:00,30.04,13.86,1.562,11.13,47.77,1015.04,19.474,warning,5,3,0,21.64932,0.899520169686623,123.87690000000002,6.831666666666667,2.116661679784146,0.536999999999999,1,0.6239560925298899,1
2024-01-04 05:05:00,27.12,13.382,1.914,7.17,46.3,1001.33,25.598,normal,5,3,0,25.613148,0.9994085849970492,51.4089,7.015000000000001,2.084895680843522,0.4779999999999997,0,0.3999296665011357,1
2024-01-04 05:10:00,31.02,13.545,1.75,7.04,45.75,1007.0,23.698,normal,5,3,0,23.70375,0.9997574223487844,49.5616,7.225,1.997235589508652,0.1630000000000002,0,0.2622902512011771,0
2024-01-04 05:15:00,28.86,13.574,1.815,7.17,49.47,1008.67,24.54,normal,5,3,0,24.63681,0.9960705139991743,51.4089,7.371666666666667,1.9465088406340816,0.0289999999999999,0,0.24083043222434253,0
2024-01-04 05:20:00,32.47,13.672,1.689,7.12,47.68,1010.08,23.119,normal,5,3,0,23.092008000000003,1.0,50.6944,7.61,1.7798314526943182,0.0980000000000007,0,0.4095106918401096,1
2024-01-04 05:25:00,29.33,13.274,1.894,7.62,46.0,1009.27,25.193,normal,5,3,0,25.140956,1.0,58.0644,7.875,1.6075664838506567,0.3980000000000014,0,0.4791639705733588,1
2024-01-04 05:30:00,30.56,13.441,1.845,7.08,43.08,1022.0,24.68,normal,5,3,0,24.798645,0.995215666017236,50.1264,7.2,0.2119433886677523,0.1670000000000016,0,0.3068719142813724,0
2024-01-04 05:35:00,30.3,13.388,1.793,6.85,48.01,1017.86,23.968,normal,5,3,0,24.004684,0.9984717982540408,46.92249999999999,7.146666666666666,0.2565670802473249,0.0530000000000008,0,0.2041827806311166,0
2024-01-04 05:40:00,30.72,13.657,1.77,6.05,47.39,1010.37,24.247,normal,5,3,0,24.17289,1.0,36.6025,6.9816666666666665,0.5209766469493997,0.2690000000000001,0,0.15515701378082847,0
2024-01-04 05:45:00,29.73,13.325,1.908,13.21,48.17,1016.57,22.899,critical,5,3,0,25.4241,0.9006808500595892,174.50410000000002,7.988333333333333,2.608964673326688,0.3320000000000007,2,0.7582606661091826,1
2024-01-04 05:50:00,30.55,13.236,1.762,6.71,44.18,997.84,23.281,normal,5,3,0,23.321832,0.99824919414564,45.0241,7.920000000000001,2.641423858452097,0.0889999999999986,0,0.24564757072159105,0
2024-01-04 05:55:00,29.18,13.56,1.825,6.69,50.01,1013.0,24.65,normal,5,3,0,24.747,0.9960803329696528,44.7561,7.765000000000001,2.689399561240384,0.3239999999999998,0,0.23187762959482583,0
2024-01-04 06:00:00,28.81,13.883,1.932,12.69,44.29,1011.17,24.17,warning,6,3,1,26.821956,0.9011274196408348,161.03609999999998,8.7,3.3077303396740114,0.3229999999999986,1,0.8374287683036199,1
2024-01-04 06:05:00,28.42,13.721,1.907,6.98,45.05,1008.91,26.161,normal,6,3,1,26.165947,0.9998109374753378,48.720400000000005,8.721666666666668,3.2935841672358426,0.161999999999999,0,0.5200929777457957,1
2024-01-04 06:10:00,29.01,13.548,1.852,7.2,45.85,1020.61,25.091,normal,6,3,1,25.090896,1.0,51.84,8.913333333333332,3.1367414089571706,0.173,0,0.5111634548288426,1
2024-01-04 06:15:00,35.23,12.922,2.0,8.38,46.79,1016.57,23.745,warning,6,3,1,25.844,0.9187819223030492,70.22440000000002,8.108333333333333,2.3294069345364767,0.6259999999999994,1,0.9381274863255139,1
2024-01-04 06:20:00,29.36,10.49,1.283,6.86,44.65,1007.81,12.773,warning,6,3,1,13.45867,0.9490536583481132,47.0596,8.133333333333333,2.3121389808284936,2.4320000000000004,1,0.3917344849840443,0
2024-01-04 06:25:00,30.65,13.418,1.699,6.78,45.38,1015.58,22.783,normal,6,3,1,22.797182,0.9993779055674512,45.9684,8.148333333333333,2.30116854373308,2.927999999999999,0,0.2897432046843301,0
2024-01-04 06:30:00,31.91,13.447,1.761,5.84,41.66,1016.57,23.713,normal,6,3,1,23.680167,1.0,34.105599999999995,7.006666666666668,0.8195283196245543,0.0289999999999999,0,0.2959521896114823,0
2024-01-04 06:35:00,28.73,13.579,1.786,7.7,38.62,1015.52,24.204,normal,6,3,1,24.252094000000003,0.998016913508582,59.290000000000006,7.126666666666666,0.8662255287548639,0.1320000000000014,0,0.3512168164966689,0
2024-01-04 06:40:00,28.49,13.643,1.927,6.64,41.01,1009.63,26.371,normal,6,3,1,26.290061,1.0,44.0896,7.033333333333334,0.8866716791838145,0.064,0,0.19861317124520705,0
2024-01-04 06:45:00,27.76,13.619,1.767,6.53,50.33,1013.07,24.054,normal,6,3,1,24.064773,0.9995523331967436,42.6409,6.7250000000000005,0.6000583304979469,0.0240000000000009,0,0.04929013857945219,0
2024-01-04 06:50:00,30.45,13.536,1.739,8.14,49.38,1007.38,23.62,normal,6,3,1,23.539104,1.0,66.2596,6.9383333333333335,0.8380075576429168,0.0830000000000001,0,0.5698449391940061,1
2024-01-04 06:55:00,30.51,13.425,1.876,6.53,52.28,1013.63,25.193,normal,6,3,1,25.1853,1.0,42.6409,6.896666666666667,0.8535260199118989,0.1109999999999988,0,0.22617753793751927,0
2024-01-04 07:00:00,29.33,13.457,1.811,7.33,43.06,1019.36,24.384,normal,7,3,1,24.370627,1.0,53.7289,7.1450000000000005,0.6846531968814403,0.032,0,0.1988296541738378,0
2024-01-04 07:05:00,29.84,12.925,1.733,11.3,43.45,1016.12,20.128,warning,7,3,1,22.399025,0.8986105421999394,127.69,7.745,1.851472387047662,0.532,1,0.6302237402552777,1
2024-01-04 07:10:00,28.08,13.429,1.952,6.61,44.43,1010.22,26.177,normal,7,3,1,26.213408,0.9986110924607742,43.6921,7.740000000000001,1.8550902942983576,0.5039999999999996,0,0.2806358498499357,0
2024-01-04 07:15:00,30.14,13.547,1.72,7.36,40.89,1007.22,23.273,normal,7,3,1,23.30084,0.998805193289169,54.1696,7.878333333333334,1.776079014758812,0.1180000000000003,0,0.3072490334388379,0
2024-01-04 07:20:00,32.71,11.006,1.342,7.63,40.6,1011.77,14.757,warning,7,3,1,14.770052000000002,0.9991163199696248,58.2169,7.793333333333333,1.773253131018421,2.5410000000000004,1,0.6568895015397476,1
2024-01-04 07:25:00,29.47,13.572,1.808,7.74,45.42,1015.66,24.499,normal,7,3,1,24.538176,0.998403467315582,59.9076,7.995,1.6664303165749128,2.565999999999999,0,0.4963653742741976,1
2024-01-04 07:30:00,32.74,13.154,1.653,6.93,45.83,1006.84,21.716,normal,7,3,1,21.743562,0.9987324064014904,48.0249,7.928333333333334,1.70588882013648,0.4179999999999992,0,0.428216675408312,1
2024-01-04 07:35:00,28.5,13.475,1.766,6.36,45.7,1013.71,23.825,normal,7,3,1,23.79685,1.0,40.4496,7.105,0.5611684239156504,0.3209999999999997,0,0.06685464774442107,0
2024-01-04 07:40:00,35.21,12.655,2.0,9.52,53.3,1005.85,23.295,warning,7,3,1,25.31,0.9203871987356778,90.6304,7.59,1.0724178290199993,0.8200000000000003,1,0.8876038293094674,1
2024-01-04 07:45:00,27.24,13.437,1.795,6.61,46.65,1018.11,24.12,normal,7,3,1,24.119415,1.0,43.6921,7.465,1.1457879384947156,0.782,0,0.15811582219556308,0
2024-01-04 07:50:00,30.9,14.0,1.949,6.49,44.83,1008.12,27.221,warning,7,3,1,27.286,0.9976178259913508,42.1201,7.275000000000001,1.2058980056372812,0.5630000000000006,1,0.35334252956841705,0
2024-01-04 07:55:00,30.04,13.122,1.744,11.78,47.85,1020.86,20.563,warning,7,3,1,22.884768,0.8985452681888668,138.7684,7.948333333333333,2.219436114572039,0.8780000000000001,1,0.6655659195067791,1
2024-01-04 08:00:00,28.62,12.128,1.348,6.74,46.15,1013.48,16.255,warning,8,3,1,16.348544,0.9942781448916796,45.427600000000005,7.916666666666667,2.238148043956572,0.9939999999999998,1,0.29655308698434335,0
2024-01-04 08:05:00,30.74,13.223,1.714,5.97,51.47,1013.45,22.744,normal,8,3,1,22.664222,1.0,35.640899999999995,7.851666666666667,2.297280276036564,1.0950000000000006,0,0.2752700503159039,0
2024-01-04 08:10:00,28.4,13.351,1.784,7.3,45.8,1021.75,23.922,normal,8,3,1,23.818184,1.0,53.29,7.481666666666666,2.1488175042722077,0.1280000000000001,0,0.2826736774051012,0
2024-01-04 08:15:00,29.42,13.471,1.762,6.6,45.97,1010.19,23.747,normal,8,3,1,23.735902,1.0,43.56,7.479999999999999,2.1496325267356675,0.1199999999999992,0,0.12646439240220775,0
2024-01-04 08:20:00,27.86,13.259,1.606,6.71,40.02,1029.57,21.283,normal,8,3,1,21.293954000000003,0.9994855816820116,45.0241,7.516666666666666,2.1311655652873704,0.2119999999999997,0,0.13334237775698832,0
2024-01-04 08:25:00,28.76,13.329,1.569,6.79,46.38,1002.55,20.89,normal,8,3,1,20.913201,0.9988906050298086,46.1041,6.685,0.4269309077590678,0.0700000000000002,0,0.05845949072478551,0
2024-01-04 08:30:00,31.38,13.464,1.689,6.52,44.94,1016.87,22.766,normal,8,3,1,22.740696,1.0,42.5104,6.648333333333333,0.4306932396342539,0.1349999999999998,0,0.15240627605309198,0
2024-01-04 08:35:00,28.22,13.353,1.732,6.04,46.03,1012.56,23.157,normal,8,3,1,23.127396,1.0,36.4816,6.66,0.4090476744830387,0.1110000000000006,0,0.037677152612305864,0
2024-01-04 08:40:00,29.23,13.439,1.664,5.96,44.43,1012.42,22.311,normal,8,3,1,22.362496,0.9976972159100664,35.5216,6.4366666666666665,0.3514920577575708,0.0860000000000003,0,0.06268066179010301,0
2024-01-04 08:45:00,29.92,13.292,1.666,7.1,46.63,1010.26,22.089,normal,8,3,1,22.144472,0.9974949955907731,50.41,6.52,0.4448370488167367,0.1470000000000002,0,0.1383180895909557,0
2024-01-04 08:50:00,29.69,13.436,1.709,6.74,47.56,1009.09,22.993,normal,8,3,1,22.962124,1.0,45.427600000000005,6.525000000000001,0.4475600518366041,0.1440000000000001,0,0.058889978041643976,0
2024-01-04 08:55:00,31.61,13.471,1.692,6.51,43.67,1018.0,22.801,normal,8,3,1,22.792932,1.0,42.3801,6.478333333333333,0.428598491209023,0.0350000000000001,0,0.1867734507807267,0
2024-01-04 09:00:00,28.19,11.094,0.854,7.08,48.36,1017.39,9.475,warning,9,3,1,9.474276,1.0,50.1264,6.571666666666666,0.4952743347546386,2.3770000000000007,1,0.35947072385017265,0
2024-01-04 09:05:00,28.11,13.408,1.579,6.85,50.14,1011.46,21.159,normal,9,3,1,21.171232,0.9994222348515192,46.92249999999999,6.706666666666667,0.4270675200324279,2.314,0,0.07919952736387814,0
2024-01-04 09:10:00,29.04,12.844,1.462,11.19,45.71,1005.06,16.864,warning,9,3,1,18.777928,0.8980756556314414,125.21609999999998,7.578333333333333,1.7830245838649104,0.5640000000000001,1,0.617198511311979,1
2024-01-04 09:15:00,28.28,13.244,1.562,6.18,51.85,1015.43,20.789,normal,9,3,1,20.687128,1.0,38.1924,7.425,1.8698315432145145,0.4000000000000003,0,0.0990356426919089,0
2024-01-04 09:20:00,28.04,13.498,1.691,5.96,48.74,1009.42,22.796,normal,9,3,1,22.825118,0.9987243001328624,35.5216,7.295000000000001,1.952278156411113,0.2539999999999995,0,0.11641106786453592,0
2024-01-04 09:25:00,26.53,13.189,1.47,6.66,48.75,1009.61,19.453,normal,9,3,1,19.38783,1.0,44.3556,7.319999999999999,1.9411439925981724,0.3089999999999993,0,0.19859302450123228,0
2024-01-04 09:30:00,27.26,13.066,1.664,6.66,50.11,1006.67,21.778,normal,9,3,1,21.741824,1.0,44.3556,7.25,1.9590201632448745,0.1229999999999993,0,0.12788292093177256,0
2024-01-04 09:35:00,27.08,13.129,1.549,7.56,48.32,1023.14,20.306,normal,9,3,1,20.336821,0.9984844730648909,57.1536,7.368333333333332,1.951455012719135,0.0629999999999988,0,0.3917341534017339,0
2024-01-04 09:40:00,31.44,13.276,1.494,5.68,55.39,1019.0,19.822,normal,9,3,1,19.834344,0.9993776451593256,32.2624,6.45,0.6672630665636948,0.1470000000000002,0,0.2090943814517019,0
2024-01-04 09:45:00,29.68,13.196,1.538,6.06,49.39,1005.3,20.361,normal,9,3,1,20.295448,1.0,36.7236,6.43,0.6786751800382759,0.08,0,0.05603672896311518,0
2024-01-04 09:50:00,28.57,10.787,0.903,5.59,47.59,1012.56,9.251,warning,9,3,1,9.740661,0.9497302082476742,31.2481,6.368333333333333,0.743624008936407,2.408999999999999,1,0.21182753634564722,0
2024-01-04 09:55:00,29.14,12.978,1.434,6.22,48.53,1020.31,18.637,normal,9,3,1,18.610452,1.0,38.6884,6.294999999999999,0.7306914533508572,2.190999999999999,0,0.07045091010793125,0
2024-01-04 10:00:00,27.77,12.943,1.511,6.23,49.3,1030.98,19.467,normal,10,3,1,19.556873,0.99540453118451,38.812900000000006,6.223333333333333,0.7084819451945514,0.0350000000000001,0,0.016439370394588537,0
2024-01-04 10:05:00,25.12,11.343,1.447,5.98,46.72,1025.95,16.364,warning,10,3,1,16.413321,0.99699506272984,35.760400000000004,5.96,0.2706288972005622,1.5999999999999996,1,0.1778037418768651,0
2024-01-04 10:10:00,29.03,12.834,1.291,6.36,49.57,1017.53,16.544,normal,10,3,1,16.568693999999997,0.998509598885706,40.4496,6.073333333333333,0.2722988554266392,1.4909999999999997,0,0.15110236472090366,0
2024-01-04 10:15:00,27.19,12.961,1.382,5.54,45.49,1017.36,17.871,normal,10,3,1,17.912101999999997,0.9977053502710068,30.6916,5.986666666666667,0.3492658967987841,0.1270000000000006,0,0.011537568841009649,0
2024-01-04 10:20:00,27.88,11.353,1.551,5.43,51.21,1021.11,17.622,warning,10,3,1,17.608503,1.0,29.4849,5.960000000000001,0.3894098098404722,1.6080000000000003,1,0.04050066279185338,0
2024-01-04 10:25:00,28.2,12.972,1.31,6.05,51.26,1010.05,16.997,normal,10,3,1,16.99332,1.0,36.6025,5.931666666666668,0.3725274039136716,1.6189999999999998,0,0.0738295105806277,0
2024-01-04 10:30:00,28.03,12.964,1.43,6.84,52.7,1011.23,18.561,normal,10,3,1,18.53852,1.0,46.7856,6.033333333333332,0.5230551277510415,0.0079999999999991,0,0.165871555051475,0
2024-01-04 10:35:00,27.4,12.956,1.396,10.22,45.24,1011.38,16.206,warning,10,3,1,18.086576,0.8960236586515878,104.4484,6.739999999999999,1.7830872104302644,0.0080000000000008,1,0.5828339399758747,1
2024-01-04 10:40:00,27.51,13.165,1.622,5.49,51.25,1018.27,21.418,normal,10,3,1,21.35363,1.0,30.140100000000004,6.595,1.8541278273085664,0.2089999999999996,0,0.1001208235871992,0
2024-01-04 10:45:00,28.71,12.808,1.438,5.47,47.52,1020.99,18.428,normal,10,3,1,18.417904,1.0,29.9209,6.583333333333333,1.862296073847188,0.3569999999999993,0,0.10811004224518961,0
2024-01-04 10:50:00,27.16,13.079,1.532,6.4,51.51,1021.65,20.071,normal,10,3,1,20.037028000000003,1.0,40.96000000000001,6.745,1.7825459320870196,0.2710000000000008,0,0.10942438400037713,0
2024-01-04 10:55:00,28.11,13.028,1.416,5.5,44.31,1012.17,18.46,normal,10,3,1,18.447648,1.0,30.25,6.653333333333333,1.83869156376665,0.0510000000000001,0,0.0727422248629428,0
2024-01-04 11:00:00,25.81,11.671,1.253,5.71,50.63,1017.29,14.613,warning,11,3,1,14.623763,0.9992640061248258,32.6041,6.465000000000001,1.8732938904507177,1.357000000000001,1,0.09864227691064531,0
2024-01-04 11:05:00,27.25,13.021,1.288,5.22,53.66,1004.27,16.73,normal,11,3,1,16.771048,0.9975524487199608,27.2484,5.631666666666667,0.4073041451626327,1.3500000000000014,0,0.020313597681176243,0
2024-01-04 11:10:00,26.76,14.0,1.395,4.17,53.73,1018.74,19.613,warning,11,3,1,19.53,1.0,17.3889,5.411666666666666,0.7287637934658021,0.9789999999999992,1,0.16041834840835933,0
2024-01-04 11:15:00,25.4,12.837,1.226,4.9,52.12,1010.68,15.702,normal,11,3,1,15.738162,0.997702272984609,24.010000000000005,5.316666666666666,0.7562715561666109,1.1630000000000005,0,0.038673928973417926,0
2024-01-04 11:20:00,24.81,12.592,1.065,4.55,55.45,1014.52,13.407,normal,11,3,1,13.41048,0.9997405014585607,20.7025,5.008333333333334,0.5836922705216088,0.2449999999999992,0,0.05439484912513026,0
2024-01-04 11:25:00,26.81,12.692,1.32,4.97,54.31,1012.88,16.705,normal,11,3,1,16.75344,0.9971086535063842,24.7009,4.92,0.532240547121323,0.0999999999999996,0,0.056892676129180475,0
2024-01-04 11:30:00,26.59,12.552,1.162,5.43,49.81,1015.81,14.525,normal,11,3,1,14.585423999999998,0.9958572339069472,29.4849,4.873333333333333,0.455923970269904,0.1400000000000005,0,0.10136539287763746,0
2024-01-04 11:35:00,25.98,12.585,1.294,4.86,53.69,1007.67,16.207,normal,11,3,1,16.28499,0.9952109273631732,23.6196,4.8133333333333335,0.4237294734458213,0.0330000000000012,0,0.09423385500119008,0
2024-01-04 11:40:00,26.04,12.767,1.056,4.7,50.31,1032.16,13.497,normal,11,3,1,13.481952,1.0,22.090000000000003,4.901666666666666,0.2999611085902174,0.1819999999999986,0,0.13483187210999792,0
2024-01-04 11:45:00,26.09,14.0,1.201,7.63,49.0,1022.46,16.84,critical,11,3,1,16.814,1.0,58.2169,5.3566666666666665,1.153389208665777,1.2330000000000003,2,0.4949165993275946,1
2024-01-04 11:50:00,26.52,13.142,1.278,4.61,56.96,1010.79,16.852,normal,11,3,1,16.795476,1.0,21.2521,5.366666666666667,1.145227779381319,0.8580000000000005,0,0.10355137752757226,0
2024-01-04 11:55:00,26.05,12.5,1.223,5.3,51.41,1019.33,15.345,normal,11,3,1,15.2875,1.0,28.09,5.421666666666667,1.1301931988233989,0.6419999999999995,0,0.05095298365123768,0
2024-01-04 12:00:00,25.72,12.49,0.917,4.37,55.67,1009.85,11.413,normal,12,3,1,11.45333,0.9964787533407314,19.0969,5.245,1.2087472854157737,0.0099999999999997,0,0.13409189089040807,0
2024-01-04 12:05:00,24.08,12.273,1.142,5.36,56.44,1014.81,14.097,normal,12,3,1,14.015766,1.0,28.729600000000005,5.328333333333333,1.1940421544764102,0.2170000000000005,0,0.14485013712205042,0
2024-01-04 12:10:00,25.4,13.381,0.849,2.6,54.56,1012.98,11.435,warning,12,3,1,11.360469,1.0,6.760000000000001,4.9783333333333335,1.6396757809599647,1.1080000000000003,1,0.33399469505347057,0
2024-01-04 12:15:00,27.69,12.549,1.158,4.56,46.79,1010.77,14.563,normal,12,3,1,14.531741999999998,1.0,20.7936,4.466666666666667,1.0015521287814606,0.8320000000000007,0,0.19005511439064382,0
2024-01-04 12:20:00,24.96,12.268,1.006,5.16,51.16,1019.02,12.356,normal,12,3,1,12.341608,1.0,26.6256,4.558333333333334,1.0416605333152804,0.2809999999999988,0,0.13645641879582648,0
2024-01-04 12:25:00,24.36,12.547,1.07,3.73,56.42,1004.83,13.367,normal,12,3,1,13.425290000000002,0.9956581943481294,13.9129,4.296666666666667,1.014941706043592,0.2789999999999999,0,0.1427847422378853,0
2024-01-04 12:30:00,25.96,12.486,1.053,4.07,55.43,1010.87,13.08,normal,12,3,1,13.147758,0.9948464217245252,16.5649,4.246666666666667,1.0179914865393902,0.0609999999999999,0,0.1617621118057151,0
2024-01-04 12:35:00,36.57,11.551,1.112,6.25,57.33,1013.96,11.802,warning,12,3,1,12.844712,0.918821690980693,39.0625,4.3950000000000005,1.2508676988394931,0.9350000000000004,1,0.5392065506401827,1
2024-01-04 12:40:00,24.76,12.736,1.173,4.37,57.96,1016.4,14.981,normal,12,3,1,14.939328,1.0,19.0969,4.69,0.9033050426074276,1.1850000000000005,0,0.08441388055510946,0
2024-01-04 12:45:00,25.7,12.886,1.21,10.76,54.93,1010.24,14.0,warning,12,3,1,15.592059999999998,0.8978929019000698,115.7776,5.723333333333334,2.626828252221044,0.1499999999999985,1,0.6892639023963689,1
2024-01-04 12:50:00,22.57,11.786,1.081,5.19,56.43,1020.96,12.737,warning,12,3,1,12.740666,0.9997122599399436,26.936100000000003,5.728333333333333,2.625569779432012,1.0999999999999996,1,0.2640501764264739,0
2024-01-04 12:55:00,22.97,12.526,0.914,3.67,54.25,1009.99,11.525,normal,12,3,1,11.448764,1.0,13.4689,5.718333333333334,2.634801067759512,0.7400000000000002,0,0.23669490341808674,0
2024-01-04 13:00:00,35.49,11.638,1.06,4.0,56.68,1008.95,11.284,warning,13,3,1,12.33628,0.914700379693068,16.0,5.706666666666667,2.6436994282003137,0.8879999999999999,1,0.5035610395371948,1
2024-01-04 13:05:00,25.15,12.133,0.888,4.22,53.62,1018.58,10.834,normal,13,3,1,10.774104,1.0,17.8084,5.368333333333333,2.6897540160146,0.4949999999999992,0,0.18270502998317706,0
2024-01-04 13:10:00,24.36,11.816,0.913,4.69,56.89,1014.84,10.777,normal,13,3,1,10.788008,0.9989796077273948,21.9961,5.421666666666667,2.669092854635572,0.3169999999999984,0,0.18977604019119343,0
2024-01-04 13:15:00,21.16,12.093,0.813,4.16,60.01,1027.89,9.773,normal,13,3,1,9.831608999999998,0.994038717365591,17.305600000000002,4.321666666666666,0.5393112892075206,0.2769999999999992,0,0.19138537839963143,0
2024-01-04 13:20:00,24.61,12.149,0.807,4.3,56.22,1007.14,9.83,normal,13,3,1,9.804243,1.0,18.49,4.173333333333333,0.3372634973825053,0.0559999999999991,0,0.15619027086519277,0
2024-01-04 13:25:00,38.5,11.658,1.135,5.37,59.48,1014.77,12.127,critical,13,3,1,13.23183,0.9165021013722215,28.8369,4.456666666666667,0.5031368269831544,0.4909999999999996,2,0.40705679401592043,1
2024-01-04 13:30:00,24.8,13.747,0.889,3.65,58.88,1009.61,12.319,warning,13,3,1,12.221083,1.0,13.3225,4.398333333333333,0.5809446330474851,2.0890000000000004,1,0.11324224004963646,0
2024-01-04 13:35:00,25.62,12.367,0.885,3.58,55.04,1016.86,10.924,normal,13,3,1,10.944795,0.9981000100961231,12.8164,4.291666666666667,0.6718754844959578,1.379999999999999,0,0.15435958147999151,0
2024-01-04 13:40:00,23.67,10.0,0.665,4.17,56.11,1005.77,6.3,warning,13,3,1,6.65,0.9473684210526316,17.3889,4.205,0.6431407311001318,2.367000000000001,1,0.13019004482329355,0
2024-01-04 13:45:00,24.47,12.227,0.989,3.97,52.65,1017.12,12.059,normal,13,3,1,12.092503,0.9972294404227148,15.7609,4.173333333333333,0.650435751374937,2.2270000000000003,0,0.0743058609144236,0
2024-01-04 13:50:00,24.13,12.507,0.936,3.36,58.33,1015.97,11.722,normal,13,3,1,11.706552,1.0,11.289599999999998,4.016666666666667,0.7229845549295505,0.2799999999999993,0,0.11673900283449379,0
2024-01-04 13:55:00,24.27,13.629,0.83,3.42,63.77,1013.8,11.34,warning,13,3,1,11.31207,1.0,11.6964,3.6916666666666655,0.3175793864007593,1.122,1,0.15593399302254007,0
2024-01-04 14:00:00,22.23,11.867,0.666,3.3,58.35,1011.15,7.917,normal,14,3,1,7.903422000000001,1.0,10.89,3.633333333333333,0.3565202191554966,1.761999999999999,0,0.10441006973371081,0
2024-01-04 14:05:00,20.92,11.804,0.885,4.01,63.93,1017.18,10.416,normal,14,3,1,10.44654,0.9970765440040434,16.080099999999998,3.705,0.3856812155135585,0.0630000000000006,0,0.25152204966992897,0
2024-01-04 14:10:00,22.41,12.135,0.701,3.07,57.39,1016.89,8.557,normal,14,3,1,8.506635,1.0,9.4249,3.5216666666666665,0.3818594855004709,0.3309999999999995,0,0.11056888740805937,0
2024-01-04 14:15:00,22.27,12.039,0.639,2.0,59.74,1012.93,7.734,normal,14,3,1,7.692921,1.0,4.0,3.1933333333333334,0.6628323065954821,0.096,0,0.14540658365338754,0
2024-01-04 14:20:00,23.19,11.979,0.714,3.67,61.21,1019.21,8.482,normal,14,3,1,8.553006,0.9916981234433836,13.4689,3.245,0.6899492734977116,0.0600000000000005,0,0.10642485131222124,0
2024-01-04 14:25:00,24.92,12.011,0.662,3.72,63.87,1011.61,7.916,normal,14,3,1,7.951282,0.9955627281235908,13.838400000000002,3.2949999999999995,0.7155627156301674,0.032,0,0.182384976895812,0
2024-01-04 14:30:00,23.75,11.867,0.615,3.75,56.57,1009.07,7.214,normal,14,3,1,7.298205,0.9884622314665044,14.0625,3.37,0.739378117068675,0.1439999999999983,0,0.16229347793988458,0
2024-01-04 14:35:00,22.2,12.089,0.771,2.78,61.41,1015.44,9.308,normal,14,3,1,9.320619,0.9986461199626332,7.728399999999999,3.165,0.6956651493355268,0.2219999999999995,0,0.09776466754877222,0
2024-01-04 14:40:00,23.53,12.047,0.816,2.8,56.21,1008.48,9.921,normal,14,3,1,9.830352,1.0,7.839999999999999,3.12,0.7115897694599194,0.0419999999999998,0,0.117710687617682,0
2024-01-04 14:45:00,22.44,11.851,0.725,3.26,63.45,1018.27,8.478,normal,14,3,1,8.591975,0.9867347146610644,10.6276,3.33,0.454400704224828,0.1959999999999997,0,0.09270433980517212,0
2024-01-04 14:50:00,23.55,11.981,0.625,3.42,61.91,1011.65,7.441,normal,14,3,1,7.488125,0.9937067022786078,11.6964,3.2883333333333327,0.4276641984860161,0.129999999999999,0,0.09175972320709258,0
2024-01-04 14:55:00,22.83,12.325,0.639,2.46,61.13,1019.37,7.924,normal,14,3,1,7.875674999999999,1.0,6.0516,3.078333333333333,0.4795171182207036,0.3439999999999994,0,0.08737116122528776,0
2024-01-04 15:00:00,20.9,11.8,0.485,3.74,57.34,1018.81,5.714,normal,15,3,1,5.723,0.998427398217718,13.987600000000002,3.0766666666666667,0.4767249381631805,0.5249999999999986,0,0.20369235487763648,0
2024-01-04 15:05:00,23.75,11.919,0.471,3.02,62.94,1007.04,5.617,normal,15,3,1,5.613849,1.0,9.1204,3.1166666666666667,0.4564938845884883,0.1189999999999997,0,0.13469641506231889,0
2024-01-04 15:10:00,19.91,11.609,0.763,2.33,65.99,1016.46,8.865,normal,15,3,1,8.857667,1.0,5.4289000000000005,3.0383333333333336,0.5520295885789896,0.3100000000000005,0,0.22864598041123196,0
2024-01-04 15:15:00,24.69,12.164,0.512,14.52,63.59,1021.07,5.601,critical,15,3,1,6.227968,0.8993302470404473,210.8304,4.915,4.736495539953564,0.5549999999999997,2,0.860502566679037,1
2024-01-04 15:20:00,20.18,11.951,0.425,2.09,61.72,1021.74,5.118,normal,15,3,1,5.079175,1.0,4.368099999999999,4.693333333333334,4.85021099197413,0.2129999999999992,0,0.323222780298423,0
2024-01-04 15:25:00,20.06,10.0,0.281,2.51,61.83,1020.6,2.64,warning,15,3,1,2.8100000000000005,0.9395017793594304,6.300099999999999,4.701666666666667,4.845647187596996,1.9510000000000003,1,0.35034748498315127,0
2024-01-04 15:30:00,18.86,11.905,0.584,2.41,64.66,1015.8,6.918,normal,15,3,1,6.952519999999999,0.9950348938226716,5.8081000000000005,4.48,4.928155841691698,1.9049999999999996,0,0.40665165563464645,1
2024-01-04 15:35:00,21.63,11.971,0.546,1.87,68.47,1010.84,6.546,normal,15,3,1,6.536166000000001,1.0,3.496900000000001,4.288333333333333,5.017841833564175,0.0660000000000007,0,0.3435430994993217,0
2024-01-04 15:40:00,19.72,11.666,0.439,3.17,60.98,1026.86,5.155,normal,15,3,1,5.121374,1.0,10.0489,4.428333333333334,4.9637019115441126,0.3049999999999997,0,0.35115788090069733,0
2024-01-04 15:45:00,20.99,12.104,0.444,2.75,61.26,1010.42,5.4,normal,15,3,1,5.374175999999999,1.0,7.5625,2.466666666666667,0.4643131127447239,0.4379999999999988,0,0.025944113620368525,0
2024-01-04 15:50:00,20.45,11.851,0.512,2.55,61.44,1013.07,6.023,normal,15,3,1,6.067712,0.9926311598177368,6.5025,2.543333333333333,0.4260829340242273,0.2529999999999983,0,0.058428775239353525,0
2024-01-04 15:55:00,20.44,11.705,0.565,3.32,68.11,1014.36,6.603,normal,15,3,1,6.613325,0.9984387581133544,11.0224,2.678333333333333,0.5292415957449802,0.1460000000000008,0,0.09138769120500356,0
2024-01-04 16:00:00,20.48,11.492,0.334,2.78,73.11,1010.12,3.907,normal,16,3,1,3.8383280000000006,1.0,7.728399999999999,2.74,0.5130302135352517,0.2129999999999992,0,0.051379874253567825,0
2024-01-04 16:05:00,21.37,11.64,0.493,3.16,62.79,1014.27,5.765,normal,16,3,1,5.73852,1.0,9.985600000000002,2.955,0.3027044763461957,0.1479999999999997,0,0.10693268369615361,0
2024-01-04 16:10:00,21.22,11.744,0.377,1.11,62.67,1016.74,4.442,normal,16,3,1,4.427488,1.0,1.2321000000000002,2.611666666666667,0.788502800671433,0.1039999999999992,0,0.3306430024423562,0
2024-01-04 16:15:00,19.79,11.872,0.32,2.29,66.75,1010.27,3.81,normal,16,3,1,3.79904,1.0,5.2441,2.5350000000000006,0.7947012017104462,0.1280000000000001,0,0.032566011344364654,0
2024-01-04 16:20:00,21.36,11.479,0.467,2.38,61.25,1001.43,5.318,normal,16,3,1,5.360693,0.9920359177442172,5.6644,2.5066666666666677,0.7970863608585297,0.3930000000000007,0,0.012810026974264033,0
2024-01-04 16:25:00,21.48,11.658,0.398,1.42,56.51,1000.61,4.591,normal,16,3,1,4.639884,0.9894643917822084,2.0164,2.19,0.7866892652121483,0.1790000000000002,0,0.23551662811737328,0
2024-01-04 16:30:00,19.53,11.597,0.379,2.4,60.15,1016.34,4.407,normal,16,3,1,4.395263,1.0,5.76,2.126666666666667,0.7438189743927598,0.0609999999999999,0,0.06467307865480776,0
2024-01-04 16:35:00,19.08,11.904,0.473,2.23,63.38,1009.97,5.662,normal,16,3,1,5.630592,1.0,4.9729,1.971666666666667,0.5594789242381684,0.3070000000000004,0,0.15457515657604037,0
2024-01-04 16:40:00,20.81,11.831,0.452,1.73,61.32,1022.53,5.41,normal,16,3,1,5.347612,1.0,2.9929,2.0750000000000006,0.4042152891715387,0.0730000000000004,0,0.09539852390344894,0
2024-01-04 16:45:00,21.43,11.643,0.448,1.31,65.49,1018.35,5.17,normal,16,3,1,5.216064,0.9911688200144784,1.7161000000000002,1.911666666666667,0.4890569155698532,0.1879999999999988,0,0.29170805549631684,0
2024-01-04 16:50:00,20.22,11.598,0.508,3.07,60.71,1008.62,5.825,normal,16,3,1,5.891784,0.98866489334979,9.4249,2.026666666666667,0.6691686384363046,0.0449999999999999,0,0.16254482509554413,0
2024-01-04 16:55:00,22.93,11.753,0.378,2.63,66.53,1004.11,4.462,normal,16,3,1,4.442634,1.0,6.916899999999999,2.228333333333334,0.6310124140353313,0.1549999999999993,0,0.09515894532898883,0
2024-01-04 17:00:00,18.84,11.598,0.388,1.6,67.79,1012.62,4.544,normal,17,3,1,4.500024000000001,1.0,2.5600000000000005,2.095,0.6707533078561972,0.1549999999999993,0,0.23275972019079916,0
2024-01-04 17:05:00,19.79,10.0,0.212,3.22,68.87,1024.03,2.007,warning,17,3,1,2.12,0.9466981132075472,10.3684,2.26,0.81652924013781,1.5980000000000008,1,0.2367224949361877,0
2024-01-04 17:10:00,19.89,11.686,0.305,2.91,63.76,1021.93,3.513,normal,17,3,1,3.56423,0.98562662903348,8.468100000000002,2.456666666666667,0.8053736193014362,1.686,0,0.11644427914096322,0
2024-01-04 17:15:00,21.07,11.48,0.242,2.84,63.06,1020.62,2.672,normal,17,3,1,2.77816,0.9617876580182568,8.0656,2.711666666666668,0.5805313657905945,0.2059999999999995,0,0.1071215712440845,0
2024-01-04 17:20:00,21.01,11.509,0.363,2.1,66.67,1011.92,4.144,normal,17,3,1,4.177767,0.9919174525530026,4.41,2.5500000000000003,0.5956509044734404,0.0289999999999999,0,0.02073602810923536,0
2024-01-04 17:25:00,21.81,11.652,0.281,3.32,62.97,1014.44,3.188,normal,17,3,1,3.274212,0.9736693897646214,11.0224,2.6650000000000005,0.6754479994788841,0.1429999999999989,0,0.18843784397236618,0
2024-01-04 17:30:00,22.38,11.797,0.355,2.02,62.23,1012.36,4.155,normal,17,3,1,4.187935,0.9921357423169176,4.0804,2.7350000000000008,0.5538140482147652,0.1450000000000013,0,0.0835307125311906,0
2024-01-04 17:35:00,21.62,11.642,0.393,2.78,65.57,1008.6,4.646,normal,17,3,1,4.575306,1.0,7.728399999999999,2.661666666666666,0.5036036801560264,0.1550000000000011,0,0.030566383503782046,0
2024-01-04 17:40:00,20.22,11.501,0.396,2.51,58.39,1019.05,4.489,normal,17,3,1,4.554396,0.9856411256289528,6.300099999999999,2.595,0.4904589687221828,0.141,0,0.016167590976860602,0
2024-01-04 17:45:00,19.34,11.552,0.387,2.03,67.27,1012.22,4.491,normal,17,3,1,4.470624,1.0,4.120899999999999,2.4600000000000004,0.5201153718167038,0.0510000000000001,0,0.059007250001475886,0
2024-01-04 17:50:00,17.9,11.328,0.514,2.71,62.47,1007.73,5.83,normal,17,3,1,5.822592,1.0,7.3441,2.561666666666667,0.4946682389912394,0.2240000000000002,0,0.22787144500125878,0
2024-01-04 17:55:00,20.24,11.615,0.359,1.57,65.83,1023.83,4.137,normal,17,3,1,4.169785,0.9921374843067448,2.4649,2.27,0.4735820942561376,0.2870000000000008,0,0.17251152189090946,0
2024-01-04 18:00:00,21.28,11.653,0.123,1.97,61.06,1010.5,1.443,normal,18,3,1,1.433319,1.0,3.8809,2.2616666666666667,0.4792668011313697,0.0380000000000002,0,0.22933430358571627,0
2024-01-04 18:05:00,21.12,11.518,0.249,1.95,70.96,1011.12,2.897,normal,18,3,1,2.867982,1.0,3.8025,2.123333333333333,0.4152429008022857,0.1349999999999998,0,0.10096740898511014,0
2024-01-04 18:10:00,19.15,12.96,0.343,1.05,70.67,1010.98,4.399,warning,18,3,1,4.44528,0.989588957276032,1.1025,1.88,0.5494360745346377,1.4420000000000002,1,0.40309213379050235,1
2024-01-04 18:15:00,19.73,11.58,0.205,1.99,71.83,1018.51,2.412,normal,18,3,1,2.3739,1.0,3.9601,1.8733333333333333,0.5474912480274902,1.3800000000000008,0,0.20784831654312963,0
2024-01-04 18:20:00,20.31,11.389,0.331,1.45,68.54,1018.0,3.808,normal,18,3,1,3.769759,1.0,2.1025,1.6633333333333338,0.3777124126457855,0.1910000000000007,0,0.3022639455221411,0
2024-01-04 18:25:00,18.62,11.592,0.354,1.91,64.35,1004.71,4.116,normal,18,3,1,4.103568,1.0,3.6481,1.7200000000000004,0.3863159328839972,0.2030000000000011,0,0.25772822914746263,0
2024-01-04 18:30:00,20.11,11.531,0.41,1.89,64.89,1015.2,4.679,normal,18,3,1,4.72771,0.9896969145738636,3.5721,1.7066666666666668,0.3772355585926383,0.0609999999999999,0,0.17988255374331208,0
2024-01-04 18:35:00,21.57,11.419,0.316,1.55,67.9,1016.45,3.592,normal,18,3,1,3.608404,0.9954539458442014,2.4025000000000003,1.6400000000000003,0.3606105932997998,0.1120000000000001,0,0.30524298537752914,0
2024-01-04 18:40:00,21.57,11.448,0.213,1.63,64.87,1010.34,2.541,normal,18,3,1,2.438424,1.0,2.6569,1.736666666666667,0.2218708332942832,0.0289999999999999,0,0.3731138571897433,0
2024-01-04 18:45:00,20.07,12.985,0.326,4.1,67.6,1016.5,4.217,warning,18,3,1,4.23311,0.9961942874151628,16.81,2.0883333333333334,1.0025251451543231,1.536999999999999,1,0.3891816967266474,0
2024-01-04 18:50:00,20.97,11.509,0.463,2.01,69.45,1018.58,5.314,normal,18,3,1,5.328667,0.997247529260132,4.040099999999999,2.181666666666666,0.9562095307340834,1.475999999999999,0,0.09500179558908606,0
2024-01-04 18:55:00,20.06,11.524,0.394,2.03,69.5,1013.99,4.454,normal,18,3,1,4.540456,0.9809587407079816,4.120899999999999,2.2016666666666667,0.9506296159213092,0.0149999999999987,0,0.0664571767322738,0
2024-01-04 19:00:00,21.92,11.684,0.212,1.88,67.84,1009.43,2.476,normal,19,3,1,2.477008,0.9995930574305776,3.5344,2.2,0.9512938557564792,0.1600000000000001,0,0.1992360660357141,0
2024-01-04 19:05:00,21.5,11.314,0.312,2.72,65.85,1008.51,3.458,normal,19,3,1,3.529968,0.9796122797713748,7.398400000000001,2.395,0.9104449461664488,0.3699999999999992,0,0.06355701112827761,0
2024-01-04 19:10:00,19.22,11.508,0.278,2.27,64.89,1004.49,3.246,normal,19,3,1,3.199224,1.0,5.1529,2.501666666666667,0.8374584566811022,0.193999999999999,0,0.09653679804436921,0
2024-01-04 19:15:00,20.13,11.442,0.348,3.04,68.52,1014.52,4.042,normal,19,3,1,3.981816,1.0,9.2416,2.325,0.4592493875880825,0.0659999999999989,0,0.13415452096874259,0
2024-01-04 19:20:00,19.76,11.742,0.527,1.31,65.66,1011.74,6.21,normal,19,3,1,6.188034000000001,1.0,1.7161000000000002,2.208333333333333,0.6170710385901259,0.3000000000000007,0,0.31197024776886584,0
2024-01-04 19:25:00,19.65,11.228,0.223,2.03,67.01,1010.03,2.536,normal,19,3,1,2.503844,1.0,4.120899999999999,2.208333333333333,0.6170710385901259,0.5140000000000011,0,0.13316574635715794,0
2024-01-04 19:30:00,18.53,11.385,0.255,10.04,62.42,1014.55,2.638,warning,19,3,1,2.903175,0.9086603460004994,100.80159999999998,3.568333333333334,3.225941206325168,0.157,1,0.8923920746417111,1
2024-01-04 19:35:00,19.87,11.451,0.309,1.9,63.12,1006.37,3.54,normal,19,3,1,3.5383590000000003,1.0,3.61,3.431666666666667,3.2858814139689647,0.0660000000000007,0,0.2971437761692277,0
2024-01-04 19:40:00,19.8,11.808,0.317,2.09,67.83,1015.29,3.686,normal,19,3,1,3.743136,0.9847357937301772,4.368099999999999,3.401666666666667,3.299402471155449,0.3569999999999993,0,0.2777298271341212,0
2024-01-04 19:45:00,21.99,10.0,0.208,2.16,66.21,1014.01,1.97,warning,19,3,1,2.08,0.9471153846153846,4.6656,3.2550000000000003,3.3380278608783387,1.808,1,0.3293776259990584,0
2024-01-04 19:50:00,18.9,11.638,0.301,1.87,66.83,1010.56,3.459,normal,19,3,1,3.503038,0.9874286262381397,3.496900000000001,3.348333333333334,3.2800940027180143,1.638,0,0.39074702799492544,0
2024-01-04 19:55:00,18.08,11.324,0.365,2.56,68.51,1023.56,4.197,normal,19,3,1,4.13326,1.0,6.5536,3.436666666666667,3.244433181106784,0.314,0,0.41348613508527954,1
2024-01-04 20:00:00,19.15,11.547,0.427,2.19,66.95,1020.86,4.97,normal,20,3,1,4.930569,1.0,4.7961,2.1283333333333334,0.2495930020387167,0.2230000000000007,0,0.18039182480405913,0
2024-01-04 20:05:00,21.87,12.617,0.474,2.1,62.19,1017.26,6.017,warning,20,3,1,5.9804580000000005,1.0,4.41,2.161666666666667,0.2251592029358305,1.0700000000000005,1,0.17237271349200556,0
2024-01-04 20:10:00,17.68,11.714,0.404,2.12,65.26,1000.14,4.802,normal,20,3,1,4.732456000000001,1.0,4.494400000000001,2.166666666666667,0.223576981522469,0.9030000000000004,0,0.3101549469218977,0
2024-01-04 20:15:00,22.69,11.401,0.282,2.45,64.56,1005.3,3.204,normal,20,3,1,3.215082,0.9965531205735968,6.002500000000001,2.2150000000000003,0.2514557615168747,0.3130000000000006,0,0.1829025905860091,0
2024-01-04 20:20:00,21.02,11.693,0.309,14.93,62.37,1009.78,3.304,critical,20,3,1,3.613137,0.9144408307794584,222.9049,4.391666666666667,5.16606394333894,0.2919999999999998,2,0.8730676905929206,1
2024-01-04 20:25:00,21.67,11.684,0.37,1.82,65.35,1006.03,4.293,normal,20,3,1,4.32308,0.993041997834877,3.3124,4.2683333333333335,5.227012212217097,0.0090000000000003,0,0.39071892049656565,0
2024-01-04 20:30:00,38.2,11.237,0.8,5.58,59.1,1005.33,8.354,critical,20,3,1,8.989600000000001,0.9292960754649816,31.1364,4.833333333333334,5.13992088136254,0.4469999999999992,2,0.7103236274834822,1
2024-01-04 20:35:00,19.83,11.811,0.536,1.96,62.23,1010.18,6.326,normal,20,3,1,6.3306960000000005,0.9992582174219072,3.8416,4.8100000000000005,5.155106206471406,0.5739999999999998,0,0.40150250524743114,1
2024-01-04 20:40:00,20.88,10.0,0.208,3.24,64.07,1007.03,1.944,warning,20,3,1,2.08,0.9346153846153844,10.497600000000002,4.996666666666667,5.05757517657095,1.811,1,0.44709786107663374,1
2024-01-04 20:45:00,19.69,11.57,0.444,2.37,61.56,1011.32,5.136,normal,20,3,1,5.13708,0.9997897638347076,5.6169,4.983333333333333,5.065730615288053,1.5700000000000005,0,0.36573767876684193,0
2024-01-04 20:50:00,19.78,11.511,0.409,2.87,59.02,1012.33,4.747,normal,20,3,1,4.707998999999999,1.0,8.2369,2.973333333333334,1.3854626182855672,0.059000000000001,0,0.17099993233066757,0
2024-01-04 20:55:00,20.02,11.811,0.418,2.07,65.44,1004.89,4.932,normal,20,3,1,4.936998,0.9989876439083024,4.2849,3.015000000000001,1.3470671846645337,0.3000000000000007,0,0.15258383060332115,0
2024-01-04 21:00:00,22.06,11.664,0.425,1.71,59.03,1018.06,4.995,normal,21,3,0,4.957199999999999,1.0,2.9241,2.370000000000001,0.5831980795579141,0.1470000000000002,0,0.11790992485431051,0
2024-01-04 21:05:00,21.06,11.681,0.571,3.23,63.37,1017.91,6.692,normal,21,3,0,6.669850999999999,1.0,10.4329,2.581666666666667,0.6329744597270127,0.0169999999999994,0,0.06034616608911969,0
2024-01-04 21:10:00,20.83,11.832,0.56,2.37,65.07,1008.79,6.572,normal,21,3,0,6.625920000000001,0.9918622621462376,5.6169,2.436666666666667,0.5456250238641049,0.1510000000000015,0,0.06274597333406284,0
2024-01-04 21:15:00,19.17,11.996,0.546,2.65,63.57,1019.7,6.58,normal,21,3,0,6.549816000000001,1.0,7.0225,2.483333333333334,0.5507328450952462,0.1639999999999997,0,0.12411458014530385,0
2024-01-04 21:20:00,20.3,11.747,0.428,2.52,66.05,1011.09,4.995,normal,21,3,0,5.027716,0.9934928703212352,6.3504000000000005,2.4250000000000003,0.5192205697004294,0.2490000000000005,0,0.016263364107648615,0
2024-01-04 21:25:00,20.95,11.673,0.429,13.33,58.28,1006.05,4.432,critical,21,3,0,5.007717,0.8850340384650333,177.6889,4.301666666666667,4.449936703669692,0.0739999999999998,2,0.8326582194298042,1
2024-01-04 21:30:00,21.47,12.405,0.429,14.87,61.1,1016.9,4.741,critical,21,3,0,5.321745,0.8908732004258001,221.1169,6.495,5.918079925110845,0.7319999999999993,2,0.8945800870071641,1
2024-01-04 21:35:00,21.84,11.834,0.447,2.91,61.57,1012.99,5.282,normal,21,3,0,5.289798,0.9985258416294912,8.468100000000002,6.441666666666667,5.954717177722772,0.5709999999999997,0,0.5052924188259523,1
2024-01-04 21:40:00,21.25,11.936,0.604,2.42,62.73,1015.54,7.198,normal,21,3,0,7.209344,0.998426486515278,5.8564,6.45,5.947910557498321,0.1020000000000003,0,0.47351974569818767,1
2024-01-04 21:45:00,19.66,12.037,0.381,2.57,62.32,1014.51,4.596,normal,21,3,0,4.5860970000000005,1.0,6.604899999999999,6.4366666666666665,5.958213378745902,0.1010000000000008,0,0.5521193525021072,1
2024-01-04 21:50:00,21.6,11.803,0.526,2.83,63.38,1012.33,6.144,normal,21,3,0,6.208378000000001,0.9896304638667296,8.0089,6.488333333333333,5.918670177216049,0.2339999999999999,0,0.4657447929063223,1
2024-01-04 21:55:00,22.19,11.449,0.469,2.68,60.01,1006.78,5.394,normal,21,3,0,5.369580999999999,1.0,7.182400000000001,4.713333333333334,4.978845917144521,0.354000000000001,0,0.294568754247431,0
2024-01-04 22:00:00,24.67,10.821,0.466,2.38,57.18,1012.97,4.768,warning,22,3,0,5.042586,0.9455465905787228,5.6644,2.6316666666666677,0.2149806192815684,0.6280000000000001,1,0.2732931498023681,0
2024-01-04 22:05:00,22.44,12.276,0.696,3.02,59.02,1013.02,8.635,normal,22,3,0,8.544096,1.0,9.1204,2.6500000000000004,0.2459268183830703,1.455,0,0.16031344110626855,0
2024-01-04 22:10:00,21.63,11.937,0.617,3.17,61.79,1015.45,7.297,normal,22,3,0,7.365129,0.9907497886323512,10.0489,2.7750000000000004,0.2919417750169002,0.3390000000000004,0,0.1098115815021925,0
2024-01-04 22:15:00,22.32,12.154,0.609,4.59,58.41,1020.7,7.346,normal,22,3,0,7.401785999999999,0.9924631703753662,21.0681,3.111666666666667,0.7743750168146448,0.2170000000000005,0,0.3062436885735855,0
2024-01-04 22:20:00,22.32,13.641,0.59,3.9,59.37,1009.47,8.023,warning,22,3,0,8.04819,0.9968701037127602,15.21,3.2900000000000005,0.8184864079506836,1.487,1,0.17845478776010304,0
2024-01-04 22:25:00,25.12,12.253,0.832,13.06,63.23,1020.71,9.23,critical,22,3,0,10.194496,0.9053905166081776,170.5636,5.0200000000000005,4.011807572653503,1.388,2,0.7721971922241783,1
2024-01-04 22:30:00,23.24,12.174,0.696,2.94,62.25,1011.43,8.43,normal,22,3,0,8.473104,0.9949128442186004,8.6436,5.113333333333334,3.9440469909303393,0.0790000000000006,0,0.21116987059244174,0
2024-01-04 22:35:00,21.73,11.994,0.697,2.35,65.52,1014.23,8.263,normal,22,3,0,8.359817999999999,0.988418647391606,5.522500000000001,5.001666666666668,4.023846004342943,0.1799999999999997,0,0.28541041048314353,0
2024-01-04 22:40:00,21.99,12.242,0.719,3.07,57.96,1004.06,8.752,normal,22,3,0,8.801998000000001,0.994319698777482,9.4249,4.985,4.03314641440154,0.2480000000000011,0,0.18718673641899652,0
2024-01-04 22:45:00,37.18,11.793,0.809,5.67,60.72,1001.16,8.789,warning,22,3,0,9.540537,0.9212269707669494,32.1489,5.165,4.036090930591133,0.4490000000000016,1,0.6344985029453859,1
2024-01-04 22:50:00,24.47,12.026,0.674,3.08,64.07,1006.12,8.016,normal,22,3,0,8.105524,0.9889551866110076,9.4864,5.028333333333333,4.100855601781983,0.2330000000000005,0,0.2899611174034361,0
2024-01-04 22:55:00,23.05,12.041,0.641,2.94,60.72,1013.76,7.7,normal,22,3,0,7.718281,0.997631467421308,8.6436,3.341666666666667,1.1721333826261742,0.0150000000000005,0,0.09668226332333352,0
2024-01-04 23:00:00,25.29,12.241,0.956,3.04,56.07,1013.41,11.705,normal,23,3,0,11.702395999999998,1.0,9.2416,3.358333333333333,1.1659745566120543,0.1999999999999993,0,0.2551726072940791,0
2024-01-04 23:05:00,22.05,10.0,0.549,3.31,62.8,1014.76,5.292,warning,23,3,0,5.49,0.963934426229508,10.9561,3.518333333333334,1.061082780308245,2.241,1,0.0823268456520696,0
2024-01-04 23:10:00,23.31,12.104,0.846,4.18,57.57,1020.6,10.329,normal,23,3,0,10.239984,1.0,17.472399999999997,3.7033333333333336,1.0640426056632666,2.103999999999999,0,0.13282283352778024,0
2024-01-04 23:15:00,26.19,12.049,0.962,4.72,58.19,1022.8,11.699,normal,23,3,0,11.591138,1.0,22.2784,3.5450000000000004,0.7316214868359243,0.0549999999999997,0,0.21184157057144193,0
2024-01-04 23:20:00,23.15,12.262,0.919,3.94,53.47,1010.17,11.199,normal,23,3,0,11.268778,0.9938078467780622,15.5236,3.688333333333334,0.7060996152574183,0.2130000000000009,0,0.12074646483270579,0
2024-01-04 23:25:00,25.2,11.942,0.861,3.74,59.68,1015.46,10.292,normal,23,3,0,10.282062,1.0,13.987600000000002,3.8216666666666663,0.6047947310176179,0.3200000000000003,0,0.11529396002742132,0
2024-01-04 23:30:00,23.92,12.262,0.784,3.73,59.43,1011.22,9.681,normal,23,3,0,9.613408000000002,1.0,13.9129,3.936666666666667,0.4789432812626897,0.3200000000000003,0,0.10826174893253915,0
2024-01-04 23:35:00,23.97,10.153,0.46,3.14,62.9,1004.56,4.364,warning,23,3,0,4.670380000000001,0.9343993422376764,9.8596,3.9083333333333337,0.5261336965702463,2.109,1,0.16737918827635423,0
2024-01-04 23:40:00,24.56,12.058,0.939,3.42,57.49,1010.95,11.234,normal,23,3,0,11.322462,0.9921870349399274,11.6964,3.7816666666666663,0.5389774268618985,1.9049999999999996,0,0.14000374250480385,0
2024-01-04 23:45:00,24.94,12.156,0.897,4.27,56.32,1006.02,10.901,normal,23,3,0,10.903932,0.9997311061734426,18.2329,3.706666666666667,0.3941404149115817,0.0980000000000007,0,0.15615381153621088,0
2024-01-04 23:50:00,20.98,12.677,0.767,13.08,57.94,1013.77,8.794,critical,23,3,0,9.723259,0.9044292659487936,171.0864,5.23,3.86415320607245,0.520999999999999,2,0.8069993959540458,1
2024-01-04 23:55:00,22.57,11.973,0.93,4.31,60.95,1015.21,11.118,normal,23,3,0,11.13489,0.9984831462187772,18.5761,5.325,3.827023647692812,0.7039999999999988,0,0.24462227120275348,0
2024-01-05 00:00:00,25.85,12.119,1.094,3.54,56.45,1019.03,13.27,normal,0,4,0,13.258186,1.0,12.5316,5.293333333333333,3.843611149253611,0.145999999999999,0,0.3086203356490258,0
2024-01-05 00:05:00,25.08,12.455,1.039,4.67,56.02,1017.47,12.977,normal,0,4,0,12.940745,1.0,21.8089,5.548333333333335,3.7209752305903168,0.3360000000000003,0,0.18011093992517746,0
2024-01-05 00:10:00,26.85,12.442,1.017,4.38,54.01,1024.94,12.643,normal,0,4,0,12.653514,0.9991690845720802,19.1844,5.708333333333333,3.630699198042528,0.0129999999999999,0,0.24588518337381382,0
2024-01-05 00:15:00,25.25,12.227,1.173,4.71,55.55,1008.23,14.416,normal,0,4,0,14.342271,1.0,22.1841,5.781666666666666,3.600152311592755,0.2149999999999998,0,0.18409537637853202,0
2024-01-05 00:20:00,25.71,12.588,0.992,4.37,54.87,1017.62,12.421,normal,0,4,0,12.487296,0.9946909242801644,19.0969,4.330000000000001,0.4215684997719854,0.3609999999999989,0,0.1222865194563264,0
2024-01-05 00:25:00,24.72,12.562,1.015,4.93,55.98,1006.27,12.773,normal,0,4,0,12.750429999999998,1.0,24.3049,4.433333333333334,0.4866484014837287,0.0259999999999998,0,0.1341619748476347,0
2024-01-05 00:30:00,23.88,12.378,1.175,4.24,51.15,1003.46,14.588,normal,0,4,0,14.54415,1.0,17.977600000000002,4.55,0.2614574535177777,0.1839999999999992,0,0.18640144133271053,0
2024-01-05 00:35:00,24.22,12.465,1.227,4.82,52.24,1021.25,15.304,normal,0,4,0,15.294555,1.0,23.2324,4.575,0.2816203117674588,0.0869999999999997,0,0.17567305229536223,0
2024-01-05 00:40:00,24.86,12.534,0.956,4.1,50.78,1006.1,11.96,normal,0,4,0,11.982504,0.9981219284383298,16.81,4.528333333333333,0.3379595636561685,0.0690000000000008,0,0.1337131957540677,0
2024-01-05 00:45:00,25.5,12.549,1.082,4.5,60.52,1022.46,13.682,normal,0,4,0,13.578018,1.0,20.25,4.493333333333333,0.326047031372267,0.0149999999999987,0,0.1285992570289397,0
2024-01-05 00:50:00,26.31,12.351,1.025,4.4,55.56,1020.01,12.563,normal,0,4,0,12.659775,0.992355709323428,19.360000000000003,4.498333333333334,0.3240010288049531,0.1979999999999986,0,0.1674686081052119,0
2024-01-05 00:55:00,24.62,12.532,1.032,5.44,54.83,1005.79,12.923,normal,0,4,0,12.933024,0.9992249299158495,29.59360000000001,4.583333333333334,0.4861961195512232,0.1809999999999991,0,0.18673665387579175,0
2024-01-05 01:00:00,27.16,12.519,1.281,5.42,52.63,1023.24,16.061,normal,1,4,0,16.036839,1.0,29.3764,4.78,0.5535341001239209,0.0129999999999999,0,0.0795468225523458,0
2024-01-05 01:05:00,26.03,12.865,1.344,4.78,46.27,1009.39,17.247,normal,1,4,0,17.290560000000003,0.9974807062350785,22.8484,4.773333333333333,0.553196770296669,0.3460000000000001,0,0.11751483219268843,0
2024-01-05 01:10:00,25.49,12.588,1.244,11.3,49.01,1016.8,14.08,warning,1,4,0,15.659472,0.8991363182615608,127.69,5.973333333333334,2.647041115409176,0.277000000000001,1,0.6797665199246556,1
2024-01-05 01:15:00,38.86,12.086,1.506,5.85,54.95,1018.47,16.774,critical,1,4,0,18.201516,0.9215715877732382,34.2225,6.198333333333334,2.5524452328437244,0.5019999999999989,2,0.4253978668591102,1
2024-01-05 01:20:00,26.94,12.787,1.259,4.45,45.89,1008.35,16.131,normal,1,4,0,16.098833,1.0,19.8025,6.206666666666667,2.545471796478337,0.7010000000000005,0,0.17495949350070494,0
2024-01-05 01:25:00,26.93,10.0,0.81,6.8,52.31,1022.01,7.768,warning,1,4,0,8.100000000000001,0.9590123456790122,46.24,6.433333333333334,2.5240100369583818,2.787000000000001,1,0.40428473902017137,1
2024-01-05 01:30:00,27.58,12.437,1.239,4.68,50.02,998.7,15.361,normal,1,4,0,15.409443,0.9968562783223248,21.9024,6.310000000000001,2.600353822078832,2.4369999999999994,0,0.1764257938102669,0
2024-01-05 01:35:00,26.68,12.679,1.25,5.49,47.0,1016.54,15.927,normal,1,4,0,15.84875,1.0,30.140100000000004,6.428333333333335,2.5320617422698546,0.2420000000000008,0,0.10575389994443174,0
2024-01-05 01:40:00,28.73,12.919,1.165,5.68,48.88,1024.03,15.012,normal,1,4,0,15.050635000000002,0.9974329986741424,32.2624,5.491666666666667,0.8508211719666235,0.2400000000000002,0,0.1264163223948912,0
2024-01-05 01:45:00,27.18,10.735,0.827,5.66,48.42,1012.57,8.463,warning,1,4,0,8.877844999999999,0.9532718807323174,32.0356,5.46,0.8382601028320461,2.184000000000001,1,0.20953675630588942,0
2024-01-05 01:50:00,25.24,12.93,1.359,5.0,51.25,1017.71,17.422,normal,1,4,0,17.57187,0.9914710272725668,25.0,5.551666666666667,0.7286265618728558,2.1950000000000003,0,0.07168684428507222,0
2024-01-05 01:55:00,26.65,12.665,1.235,5.39,55.93,1005.61,15.633,normal,1,4,0,15.641275,0.9994709510573786,29.0521,5.316666666666667,0.3977268744586669,0.2650000000000005,0,0.039432346626873116,0
2024-01-05 02:00:00,28.78,10.0,0.781,5.87,51.86,1009.73,7.464,warning,2,4,0,7.81,0.9556978233034572,34.456900000000005,5.515,0.3019105827889979,2.664999999999999,1,0.33265033180202763,0
2024-01-05 02:05:00,35.13,12.338,1.772,8.84,56.38,1015.21,20.118,warning,2,4,0,21.862936,0.9201874807665356,78.1456,6.073333333333333,1.3885484027093384,2.337999999999999,1,0.8066519153702462,1
2024-01-05 02:10:00,27.34,12.891,1.383,4.82,46.38,1015.45,17.778,normal,2,4,0,17.828253,0.997181271771272,23.2324,5.93,1.4787291841307484,0.5530000000000008,0,0.11724940571557552,0
2024-01-05 02:15:00,38.97,12.328,1.584,7.64,49.51,1024.96,17.981,critical,2,4,0,19.527552,0.9208015423541056,58.3696,6.260000000000001,1.6205554603283363,0.5630000000000006,2,0.6109742538729077,1
2024-01-05 02:20:00,27.22,12.979,1.353,6.79,54.18,1002.64,17.455,normal,2,4,0,17.560586999999998,0.9939872738878262,46.1041,6.558333333333334,1.5026831557805695,0.6509999999999998,0,0.1920751473481539,0
2024-01-05 02:25:00,28.63,11.432,1.293,7.77,50.72,1007.96,14.806,warning,2,4,0,14.781576,1.0,60.3729,6.954999999999999,1.4456382673407555,1.5469999999999988,1,0.4770627105252927,1
2024-01-05 02:30:00,26.89,13.068,1.512,6.23,51.13,1019.37,19.811,normal,2,4,0,19.758816,1.0,38.812900000000006,7.015000000000001,1.3982953908241211,1.6359999999999992,0,0.12700076700637475,0
2024-01-05 02:35:00,28.73,12.897,1.315,5.79,51.91,1012.3,16.956,normal,2,4,0,16.959554999999998,0.9997903836509862,33.5241,6.506666666666667,1.1309936634069402,0.1709999999999993,0,0.09165703996071728,0
2024-01-05 02:40:00,27.17,13.013,1.499,4.53,48.43,1005.35,19.483,normal,2,4,0,19.506487,0.9987959390124936,20.5209,6.458333333333333,1.2201707530778845,0.1159999999999996,0,0.2115695619741177,0
2024-01-05 02:45:00,29.16,12.843,1.351,5.26,46.01,1019.3,17.311,normal,2,4,0,17.350893,0.9977008099813652,27.6676,6.061666666666667,1.143650587665067,0.1699999999999999,0,0.13314929602139536,0
2024-01-05 02:50:00,27.23,14.0,1.509,6.14,51.49,1028.11,21.116,warning,2,4,0,21.126,0.9995266496260532,37.6996,5.953333333333333,1.0904066519728568,1.157,1,0.07276723600625079,0
2024-01-05 02:55:00,28.03,12.751,1.452,12.54,48.47,1004.14,16.704,warning,2,4,0,18.514452,0.9022141190028202,157.25159999999997,6.748333333333332,2.9064302273866214,1.2490000000000006,1,0.6368587329718773,1
2024-01-05 03:00:00,30.15,13.303,1.547,6.72,44.58,1022.57,20.533,normal,3,4,0,20.579741,0.997728785799588,45.15839999999999,6.830000000000001,2.895817673818568,0.5520000000000014,0,0.23089509089263005,0
2024-01-05 03:05:00,28.97,13.059,1.705,6.08,49.95,1010.52,22.314,normal,3,4,0,22.265595,1.0,36.9664,6.878333333333334,2.877348895540241,0.2440000000000015,0,0.1730007069298971,0
2024-01-05 03:10:00,27.89,10.603,0.771,5.73,47.13,1015.28,7.677,warning,3,4,0,8.174913,0.9390925628199346,32.8329,7.078333333333333,2.71881162765401,2.4559999999999995,1,0.37563578634642203,0
2024-01-05 03:15:00,30.12,13.073,1.526,5.77,50.45,1021.72,19.928,normal,3,4,0,19.949398,0.9989273861797734,33.2929,7.163333333333333,2.6578838700489995,2.4700000000000006,0,0.25337091492719166,0
2024-01-05 03:20:00,29.14,11.899,1.58,6.4,49.98,1019.2,18.897,warning,3,4,0,18.80042,1.0,40.96000000000001,7.206666666666667,2.639921716011034,1.1740000000000013,1,0.1520572274977824,0
2024-01-05 03:25:00,28.73,13.218,1.558,6.24,48.05,1005.67,20.604,normal,3,4,0,20.593644,1.0,38.9376,6.156666666666666,0.3797191944933179,1.3190000000000008,0,0.03245889899563803,0
2024-01-05 03:30:00,27.29,13.515,1.243,14.31,44.56,1022.77,15.172,critical,3,4,0,16.799145000000003,0.9031412015313872,204.7761,7.421666666666667,3.384644245214946,0.2970000000000006,2,0.7087642395125198,1
2024-01-05 03:35:00,29.19,13.198,1.481,6.46,46.53,1003.67,19.535,normal,3,4,0,19.546238,0.99942505560405,41.7316,7.485,3.357968135643932,0.3170000000000001,0,0.2736017827957983,0
2024-01-05 03:40:00,27.52,12.841,1.62,10.5,46.36,1018.82,18.786,warning,3,4,0,20.80242,0.9030680084336342,110.25,8.28,3.423384290435413,0.3570000000000011,1,0.7334256627247613,1
2024-01-05 03:45:00,28.23,13.106,1.616,6.1,45.66,1017.45,21.255,normal,3,4,0,21.179296,1.0,37.21,8.335,3.3773347479928573,0.2650000000000005,0,0.32101144926574066,0
2024-01-05 03:50:00,37.26,12.608,1.698,8.02,47.81,1022.67,19.642,warning,3,4,0,21.408384,0.9174910166035884,64.32039999999999,8.604999999999999,3.254214190860825,0.4979999999999993,1,0.886350590764585,1
2024-01-05 03:55:00,28.98,13.164,1.556,5.95,49.93,1016.27,20.47,normal,3,4,0,20.483184,0.9993563500674504,35.4025,8.556666666666667,3.2982217431013705,0.5559999999999992,0,0.3597404001266884,0
2024-01-05 04:00:00,30.83,12.569,1.633,5.13,44.91,1018.27,20.568,warning,4,4,0,20.525177000000003,1.0,26.3169,7.026666666666666,1.9486987111061196,0.5949999999999989,1,0.31606891825048067,0
2024-01-05 04:05:00,29.5,14.0,1.644,6.5,45.63,1009.97,22.98,warning,4,4,0,23.016,0.9984358706986444,42.25,7.033333333333334,1.9464394844604471,1.4309999999999992,1,0.12426844356311095,0
2024-01-05 04:10:00,28.96,13.001,1.797,7.14,42.85,1024.88,23.303,normal,4,4,0,23.362797,0.9974405033780844,50.9796,6.473333333333333,1.0054982181320138,0.9990000000000006,0,0.16686650245788237,0
2024-01-05 04:15:00,30.75,12.995,1.781,7.17,48.95,1021.48,23.157,normal,4,4,0,23.144095,1.0,51.4089,6.651666666666666,1.0208117684797002,0.0060000000000002,0,0.2193859688008366,0
2024-01-05 04:20:00,30.36,13.386,1.645,6.91,51.09,1003.06,21.982,normal,4,4,0,22.01997,0.9982756561430374,47.7481,6.466666666666668,0.7999166623259294,0.391,0,0.13112694421959936,0
2024-01-05 04:25:00,29.73,13.258,1.648,6.5,50.32,1008.75,21.827,normal,4,4,0,21.849184,0.9989846760409912,42.25,6.558333333333334,0.7593527945998846,0.1280000000000001,0,0.05257387960745985,0
2024-01-05 04:30:00,28.53,13.21,1.699,7.22,46.04,1005.83,22.549,normal,4,4,0,22.443790000000003,1.0,52.1284,6.906666666666666,0.3324855886600993,0.0479999999999982,0,0.18759347453817854,0
2024-01-05 04:35:00,28.26,13.087,1.677,7.18,45.24,1001.47,21.95,normal,4,4,0,21.946899,1.0,51.5524,7.02,0.2774887385102065,0.1230000000000011,0,0.2054353924849759,0
2024-01-05 04:40:00,29.59,13.347,1.665,6.08,47.25,1018.13,22.214,normal,4,4,0,22.222755,0.999606034445324,36.9664,6.843333333333334,0.4619379467706165,0.2599999999999998,0,0.06406644918319349,0
2024-01-05 04:45:00,29.7,13.266,1.679,5.87,44.62,1013.68,22.191,normal,4,4,0,22.273614,0.9962909476656996,34.456900000000005,6.626666666666666,0.57025140654509,0.0809999999999995,0,0.0674630102119419,0
2024-01-05 04:50:00,28.99,13.219,1.642,6.31,51.84,1018.37,21.704,normal,4,4,0,21.705598,0.9999263784393316,39.81609999999999,6.526666666666666,0.563193276475007,0.0470000000000006,0,0.014202378604885935,0
2024-01-05 04:55:00,30.83,13.351,1.635,6.65,45.69,1010.97,21.852,normal,4,4,0,21.828885000000003,1.0,44.2225,6.551666666666666,0.5650988114185462,0.1320000000000014,0,0.11880361667112549,0
2024-01-05 05:00:00,30.29,13.546,1.436,13.34,41.52,1013.54,17.477,critical,5,4,0,19.452056,0.8984654372781983,177.9556,7.571666666666666,2.863182960739088,0.1949999999999985,2,0.6957459802798547,1
2024-01-05 05:05:00,29.95,13.494,1.732,7.43,47.22,995.36,23.459,normal,5,4,0,23.371608,1.0,55.2049,7.613333333333333,2.8581579149281886,0.0519999999999996,0,0.3494129294812467,0
2024-01-05 05:10:00,28.69,13.524,1.738,6.53,51.06,1019.8,23.48,normal,5,4,0,23.504712,0.9989486363415132,42.6409,7.688333333333333,2.8154602939247164,0.0299999999999993,0,0.19755345070793484,0
2024-01-05 05:15:00,29.83,13.338,1.785,6.31,42.63,1010.85,23.8,normal,5,4,0,23.80833,0.99965012245714,39.81609999999999,7.761666666666667,2.7638843439381926,0.1859999999999999,0,0.2172544944798872,0
2024-01-05 05:20:00,31.54,14.0,1.76,5.48,41.48,1026.91,24.581,warning,5,4,0,24.64,0.9976055194805196,30.030400000000004,7.623333333333334,2.8698130020380512,0.6620000000000008,1,0.3977716560113841,1
2024-01-05 05:25:00,28.81,13.489,1.712,6.21,46.44,1018.65,23.108,normal,5,4,0,23.093168,1.0,38.5641,7.550000000000001,2.9050645431728337,0.5109999999999992,0,0.18594864860940752,0
2024-01-05 05:30:00,31.33,13.573,1.894,7.45,52.44,1012.81,25.711,normal,5,4,0,25.707262,1.0,55.502500000000005,6.5683333333333325,0.7616932891043817,0.0839999999999996,0,0.43924752304874604,1
2024-01-05 05:35:00,29.7,13.528,1.77,8.04,45.29,1012.01,23.934,normal,5,4,0,23.944560000000003,0.9995589812466796,64.64159999999998,6.669999999999999,0.9232767732375728,0.0449999999999999,0,0.5231943635514745,1
2024-01-05 05:40:00,29.63,13.427,1.717,5.97,44.81,1019.76,22.96,normal,5,4,0,23.054159,0.9959157477832958,35.640899999999995,6.576666666666665,0.9675053832752823,0.1010000000000008,0,0.06948389225932372,0
2024-01-05 05:45:00,30.89,13.24,1.684,6.95,39.98,1031.5,22.355,normal,5,4,0,22.29616,1.0,48.3025,6.683333333333334,0.9675053832752823,0.1869999999999994,0,0.14587079815806192,0
2024-01-05 05:50:00,28.41,13.534,1.746,6.83,45.64,1011.43,23.53,normal,5,4,0,23.630364,0.9957527526871784,46.6489,6.908333333333332,0.768125423786149,0.2940000000000005,0,0.06274403421473007,0
2024-01-05 05:55:00,30.68,13.424,1.808,7.0,47.64,1014.15,24.133,normal,5,4,0,24.270592,0.994330917020895,49.0,7.039999999999999,0.6880116278087053,0.1100000000000012,0,0.16934507285048972,0
2024-01-05 06:00:00,29.06,13.652,1.667,6.68,46.42,1020.77,22.83,normal,6,4,1,22.757884,1.0,44.6224,6.911666666666666,0.6677549450709079,0.2279999999999997,0,0.030993186568282205,0
2024-01-05 06:05:00,31.32,10.756,0.865,7.97,42.77,1019.79,8.786,warning,6,4,1,9.30394,0.9443311113356276,63.5209,6.9,0.6442980676674305,2.895999999999999,1,0.683109947982421,1
2024-01-05 06:10:00,29.93,13.542,1.751,6.99,43.75,1008.48,23.71,normal,6,4,1,23.712042,0.9999138834183916,48.8601,7.07,0.4572526653831386,2.786,0,0.10491428561877236,0
2024-01-05 06:15:00,27.71,13.394,1.887,6.79,47.4,1013.1,25.214,normal,6,4,1,25.274478,0.997607151372226,46.1041,7.043333333333333,0.4701347324615054,0.1479999999999997,0,0.19993150256083736,0
2024-01-05 06:20:00,29.42,13.631,1.625,6.3,45.34,1021.17,22.16,normal,6,4,1,22.150375,1.0,39.69,6.955000000000001,0.5595265856060682,0.2370000000000001,0,0.04303112263524933,0
2024-01-05 06:25:00,27.9,13.482,1.741,7.37,45.59,1018.69,23.411,normal,6,4,1,23.472162,0.9973942749713468,54.3169,7.016666666666667,0.5852748642019846,0.1490000000000009,0,0.20692248591487727,0
2024-01-05 06:30:00,30.64,13.42,1.786,6.7,43.87,1013.12,23.996,normal,6,4,1,23.96812,1.0,44.89,7.0200000000000005,0.5830265860147243,0.0619999999999993,0,0.13075617491027647,0
2024-01-05 06:35:00,30.81,14.0,1.743,7.62,45.29,1016.83,24.411,warning,6,4,1,24.402,1.0,58.0644,6.961666666666667,0.4767983501089863,0.5800000000000001,1,0.3339609690070381,0
2024-01-05 06:40:00,28.55,13.689,1.767,7.36,47.19,1004.97,24.242,normal,6,4,1,24.188463,1.0,54.1696,7.023333333333333,0.5043279356397496,0.3109999999999999,0,0.20256680723165799,0
2024-01-05 06:45:00,31.28,13.32,1.685,8.1,44.87,1007.48,22.366,normal,6,4,1,22.4442,0.9965158036374652,65.61,7.241666666666667,0.6466039488486374,0.3689999999999998,0,0.5997817293758496,1
2024-01-05 06:50:00,29.37,13.523,1.861,7.53,44.57,1020.15,25.138,normal,6,4,1,25.166303,0.9988753612320412,56.7009,7.446666666666666,0.4549139112696499,0.2029999999999994,0,0.34434344703478037,0
2024-01-05 06:55:00,29.07,13.527,1.706,6.1,42.5,1007.81,23.067,normal,6,4,1,23.077062,0.9995639826248248,37.21,7.235,0.7174329236939051,0.0039999999999995,0,0.06848044921334928,0
2024-01-05 07:00:00,30.34,13.332,1.786,7.18,41.26,1023.0,23.793,normal,7,4,1,23.810952,0.9992460612242636,51.5524,7.315,0.6711110191316968,0.1949999999999985,0,0.1726500387323009,0
2024-01-05 07:05:00,29.38,13.393,1.695,6.47,46.73,1003.41,22.673,normal,7,4,1,22.701135,0.9987606346554918,41.8609,7.123333333333334,0.7283588858980521,0.0609999999999999,0,0.052583359636093396,0
2024-01-05 07:10:00,28.0,13.327,1.72,6.8,43.13,1013.74,22.931,normal,7,4,1,22.92244,1.0,46.24,7.03,0.727846137586774,0.0660000000000007,0,0.07729678821960928,0
2024-01-05 07:15:00,30.62,13.329,1.718,7.09,44.39,1025.59,22.84,normal,7,4,1,22.899222,0.9974137985997952,50.2681,6.861666666666667,0.5172007991744134,0.0020000000000006,0,0.14967520281030378,0
2024-01-05 07:20:00,29.08,13.276,1.704,5.7,46.27,1016.1,22.604,normal,7,4,1,22.622304,0.999190887011332,32.49,6.556666666666666,0.5800229880501739,0.0530000000000008,0,0.06365874032683594,0
2024-01-05 07:25:00,29.23,13.24,1.894,7.39,44.66,1007.52,25.106,normal,7,4,1,25.07656,1.0,54.6121,6.771666666666666,0.6149281800882535,0.0359999999999995,0,0.30071717343722304,0
2024-01-05 07:30:00,30.69,13.494,1.821,6.8,42.69,1017.05,24.602,normal,7,4,1,24.572574,1.0,46.24,6.708333333333333,0.5832123684102145,0.2539999999999995,0,0.15010658700457902,0
2024-01-05 07:35:00,30.63,13.38,1.776,6.87,42.84,1012.44,23.775,normal,7,4,1,23.762880000000003,1.0,47.1969,6.775,0.5732974794990684,0.1139999999999989,0,0.1286071158921145,0
2024-01-05 07:40:00,30.29,13.322,1.788,6.55,42.48,1011.15,23.828,normal,7,4,1,23.819736,1.0,42.9025,6.733333333333333,0.5801608972230476,0.0580000000000016,0,0.09077499407743317,0
2024-01-05 07:45:00,30.86,13.785,1.744,7.28,43.86,1007.15,23.995,normal,7,4,1,24.04104,0.998084941416844,52.9984,6.765,0.6080378277705959,0.4630000000000009,0,0.2190436197472969,0
2024-01-05 07:50:00,27.66,13.274,1.589,7.94,42.3,1008.76,21.11,normal,7,4,1,21.092386,1.0,63.043600000000005,7.138333333333333,0.5017336610858891,0.511000000000001,0,0.4799539398785213,1
2024-01-05 07:55:00,30.21,13.601,1.709,6.62,47.32,1008.41,23.276,normal,7,4,1,23.244109,1.0,43.8244,7.010000000000001,0.5225322956526075,0.3270000000000017,0,0.07902541591039536,0
2024-01-05 08:00:00,29.74,13.489,1.743,6.79,45.44,1013.0,23.537,normal,8,4,1,23.511327,1.0,46.1041,7.008333333333334,0.5233513797312955,0.1120000000000001,0,0.0697692507844776,0
2024-01-05 08:05:00,37.59,13.027,2.0,8.81,50.51,1008.37,23.962,warning,8,4,1,26.054,0.9197052276042068,77.6161,7.331666666666667,0.8909638975102461,0.4620000000000015,1,0.8538240328563712,1
2024-01-05 08:10:00,27.59,13.489,1.768,6.64,41.85,1019.15,23.842,normal,8,4,1,23.848552,0.9997252663390211,44.0896,7.346666666666668,0.8758005861305691,0.4620000000000015,0,0.10438596447611881,0
2024-01-05 08:15:00,28.31,13.39,1.698,6.42,42.66,1011.22,22.775,normal,8,4,1,22.73622,1.0,41.2164,7.203333333333333,0.955628937750762,0.0990000000000002,0,0.05203808718679126,0
2024-01-05 08:20:00,26.87,13.589,1.522,6.9,41.11,1012.86,20.703,normal,8,4,1,20.682458,1.0,47.61000000000001,7.030000000000001,0.887152748967158,0.1989999999999998,0,0.17225765423091943,0
2024-01-05 08:25:00,27.53,13.321,1.818,6.41,48.67,1014.68,24.215,normal,8,4,1,24.217578,0.9998935483969535,41.0881,6.995,0.9104010105442468,0.2680000000000007,0,0.10952839211708876,0
2024-01-05 08:30:00,30.77,13.324,1.705,7.04,41.76,1004.98,22.676,normal,8,4,1,22.71742,0.9981767295758056,49.5616,7.036666666666666,0.90484621161093,0.0030000000000001,0,0.14430179372094032,0
2024-01-05 08:35:00,30.87,13.482,1.701,6.56,47.6,1008.69,22.928,normal,8,4,1,22.932882,0.9997871179034542,43.03359999999999,6.661666666666666,0.2578694760274206,0.1579999999999994,0,0.15882572342860146,0
2024-01-05 08:40:00,30.32,13.437,1.708,6.6,43.51,1016.25,22.889,normal,8,4,1,22.950396,0.99732483918796,43.56,6.655,0.2590559785065573,0.0449999999999999,0,0.11668284417137564,0
2024-01-05 08:45:00,28.74,13.349,1.531,6.71,47.47,1009.96,20.406,normal,8,4,1,20.437319,0.9984675582937272,45.0241,6.703333333333333,0.2320919358070329,0.0879999999999991,0,0.10927744273046103,0
2024-01-05 08:50:00,30.43,10.201,0.835,6.44,41.36,1003.97,8.03,warning,8,4,1,8.517835,0.9427278175733622,41.473600000000005,6.626666666666666,0.230101426911388,3.148,1,0.3674070297639037,0
2024-01-05 08:55:00,28.11,13.345,1.628,6.39,46.87,1010.44,21.694,normal,8,4,1,21.72566,0.998542737021568,40.8321,6.623333333333334,0.2339800561301261,3.144,0,0.057203482666585814,0
2024-01-05 09:00:00,27.91,12.967,1.735,6.79,49.05,1012.81,22.584,normal,9,4,1,22.497745,1.0,46.1041,6.581666666666667,0.1532862246474144,0.3780000000000001,0,0.12479114990269391,0
2024-01-05 09:05:00,28.07,12.949,1.546,6.21,39.13,1004.6,20.004,normal,9,4,1,20.019154,0.9992430249550006,38.5641,6.523333333333333,0.2166717948110883,0.0180000000000006,0,0.06602001814700542,0
2024-01-05 09:10:00,27.79,13.16,1.617,6.81,47.0,1017.42,21.328,normal,9,4,1,21.27972,1.0,46.3761,6.558333333333333,0.2464481013654961,0.2110000000000003,0,0.11543693512817488,0
2024-01-05 09:15:00,28.88,13.277,1.715,6.05,48.96,1017.46,22.737,normal,9,4,1,22.770055,0.998548312685235,36.6025,6.448333333333334,0.305445030515573,0.1169999999999991,0,0.06436275362339317,0
2024-01-05 09:20:00,26.47,13.156,1.566,5.93,49.17,1011.2,20.541,normal,9,4,1,20.602296000000003,0.9970247976244976,35.1649,6.363333333333333,0.3719498174037198,0.1209999999999986,0,0.055728383644796264,0
2024-01-05 09:25:00,27.29,13.052,1.524,5.64,45.35,1008.77,19.901,normal,9,4,1,19.891248,1.0,31.8096,6.238333333333333,0.4733884944384076,0.1040000000000009,0,0.012821607305103955,0
2024-01-05 09:30:00,27.95,11.823,1.346,8.19,50.13,1014.52,15.933,warning,9,4,1,15.913758,1.0,67.0761,6.471666666666667,0.9271982887530902,1.2289999999999992,1,0.5499641539876129,1
2024-01-05 09:35:00,30.2,13.155,1.657,6.22,47.08,1007.88,21.787,normal,9,4,1,21.797835,0.999502932286624,38.6884,6.473333333333333,0.926642685541012,1.331999999999999,0,0.0840088616188519,0
2024-01-05 09:40:00,29.54,13.277,1.645,4.76,47.59,1011.69,21.91,normal,9,4,1,21.840665,1.0,22.6576,6.131666666666667,1.1327032562267412,0.1219999999999998,0,0.29541525039491223,0
2024-01-05 09:45:00,31.73,13.147,1.618,6.14,49.11,1006.46,21.196,normal,9,4,1,21.271846,0.9964344420319704,37.6996,6.146666666666666,1.1320011778556869,0.129999999999999,0,0.24368314169504146,0
2024-01-05 09:50:00,38.67,12.622,1.781,9.24,49.66,1015.41,20.754,critical,9,4,1,22.479782,0.9232295935965928,85.3776,6.698333333333333,1.679457253599107,0.5250000000000004,2,0.7907240484491078,1
2024-01-05 09:55:00,27.12,13.336,1.733,5.43,49.92,1010.59,23.115,normal,9,4,1,23.111288,1.0,29.4849,6.663333333333333,1.707871970221028,0.7140000000000004,0,0.1492558340625344,0
2024-01-05 10:00:00,26.45,11.342,1.415,6.05,47.08,1011.67,16.09,warning,10,4,1,16.048930000000002,1.0,36.6025,6.306666666666666,1.5405410305041085,1.994,1,0.10126956284920385,0
2024-01-05 10:05:00,25.71,12.863,1.385,5.47,47.47,1005.44,17.831,normal,10,4,1,17.815255,1.0,29.9209,6.181666666666668,1.5789289618810158,1.520999999999999,0,0.0931226373636519,0
2024-01-05 10:10:00,28.34,12.887,1.351,5.53,50.39,1007.52,17.478,normal,10,4,1,17.410337000000002,1.0,30.580900000000003,6.31,1.4676375574371194,0.0240000000000009,0,0.07266387149291664,0
2024-01-05 10:15:00,27.74,13.031,1.42,5.04,52.11,1020.28,18.452,normal,10,4,1,18.50402,0.9971887189918732,25.4016,6.126666666666668,1.5589825742023748,0.1440000000000001,0,0.0927916533381209,0
2024-01-05 10:20:00,26.4,13.311,1.415,5.39,52.3,1017.65,18.757,normal,10,4,1,18.835065,0.9958553368411523,29.0521,5.484999999999999,0.3260521430691817,0.2799999999999993,0,0.047580224645276226,0
2024-01-05 10:25:00,27.83,13.193,1.445,5.02,50.5,1016.04,19.083,normal,10,4,1,19.063885,1.0,25.200399999999995,5.416666666666667,0.3786114983286613,0.1180000000000003,0,0.10655214986612571,0
2024-01-05 10:30:00,26.66,13.15,1.476,4.85,50.77,1015.96,19.485,normal,10,4,1,19.4094,1.0,23.5225,5.216666666666666,0.2816854037160555,0.0429999999999992,0,0.18082193338572716,0
2024-01-05 10:35:00,25.61,12.998,1.304,5.25,50.15,1022.6,16.983,normal,10,4,1,16.949392,1.0,27.5625,5.18,0.255186206523807,0.152000000000001,0,0.0941059414976686,0
2024-01-05 10:40:00,26.34,10.61,1.443,7.27,50.55,1016.11,14.578,critical,10,4,1,15.31023,0.9521738079702264,52.85289999999999,5.47,0.9018425583215768,2.388,2,0.3693024159931465,0
2024-01-05 10:45:00,28.41,10.666,0.718,6.13,45.75,1018.87,7.206,warning,10,4,1,7.658188,0.9409536564001824,37.5769,5.651666666666666,0.9076655037328842,0.0560000000000009,1,0.28849201919440326,0
2024-01-05 10:50:00,25.64,12.859,1.462,6.04,47.45,1012.0,18.761,normal,10,4,1,18.799858,0.997933069494461,36.4816,5.759999999999999,0.9089774474650084,2.193,0,0.14461029336005105,0
2024-01-05 10:55:00,27.6,12.936,1.296,5.77,47.78,1021.09,16.719,normal,10,4,1,16.765056,0.9972528573719048,33.2929,5.884999999999999,0.8354579582480499,0.0769999999999999,0,0.02610115397842039,0
2024-01-05 11:00:00,25.89,12.794,1.287,5.21,49.92,1008.59,16.455,normal,11,4,1,16.465878,0.9993393610714228,27.1441,5.945,0.7553476021011779,0.1419999999999994,0,0.04098521693829604,0
2024-01-05 11:05:00,26.26,12.676,1.363,4.76,55.23,1007.72,17.26,normal,11,4,1,17.277388,0.9989935978748642,22.6576,5.863333333333333,0.8641681935055625,0.1180000000000003,0,0.08664110418707593,0
2024-01-05 11:10:00,25.88,12.983,1.12,4.53,48.04,1019.13,14.539,normal,11,4,1,14.540960000000002,0.99986520834938,20.5209,5.406666666666666,0.6755343563925336,0.3070000000000004,0,0.06192511852013027,0
2024-01-05 11:15:00,27.16,12.901,1.25,4.14,54.76,1006.6,16.121,normal,11,4,1,16.12625,0.9996744438415628,17.139599999999998,5.074999999999999,0.7352482573933878,0.0820000000000007,0,0.14433239693829347,0
2024-01-05 11:20:00,24.94,12.523,1.164,4.84,52.05,1026.01,14.529,normal,11,4,1,14.576771999999998,0.9967227312055098,23.4256,4.875,0.5633737658074052,0.3780000000000001,0,0.06379764932299492,0
2024-01-05 11:25:00,26.12,11.393,1.16,5.33,56.29,1009.11,13.222,warning,11,4,1,13.21588,1.0,28.4089,4.801666666666667,0.4383339670464578,1.129999999999999,1,0.09581594451738384,0
2024-01-05 11:30:00,27.25,12.656,1.314,6.08,53.34,1002.58,16.573,normal,11,4,1,16.629984,0.9965734182305888,36.9664,4.946666666666666,0.6785179928835214,1.263,0,0.1633594513655604,0
2024-01-05 11:35:00,27.54,12.58,1.279,5.85,47.51,1014.51,16.071,normal,11,4,1,16.08982,0.9988303163118047,34.2225,5.128333333333333,0.7596161311258991,0.0760000000000005,0,0.10359304232789313,0
2024-01-05 11:40:00,26.62,12.518,1.216,6.07,51.88,1014.96,15.127,normal,11,4,1,15.221888,0.9937663448844192,36.8449,5.385000000000001,0.7769877733915816,0.0619999999999993,0,0.1509761305899554,0
2024-01-05 11:45:00,27.75,12.874,1.201,4.47,53.75,1013.06,15.464,normal,11,4,1,15.461674000000002,1.0,19.9809,5.44,0.6764022471872833,0.3559999999999998,0,0.10873480196879803,0
2024-01-05 11:50:00,28.13,12.697,1.233,5.49,51.58,1013.47,15.743,normal,11,4,1,15.655401,1.0,30.140100000000004,5.548333333333333,0.6098661055237218,0.1770000000000013,0,0.053329194581546724,0
2024-01-05 11:55:00,28.68,12.751,1.153,4.81,54.94,1010.89,14.641,normal,11,4,1,14.701903,0.9958574750493184,23.136099999999995,5.461666666666666,0.6800122547915392,0.0540000000000002,0,0.148638547316028,0
2024-01-05 12:00:00,25.33,12.525,1.088,4.79,55.52,1007.84,13.644,normal,12,4,1,13.627200000000002,1.0,22.9441,5.246666666666667,0.6486190458710547,0.2259999999999991,0,0.062205587006355034,0
2024-01-05 12:05:00,24.19,12.516,1.075,4.31,54.45,1005.24,13.52,normal,12,4,1,13.4547,1.0,18.5761,4.989999999999999,0.6665733267990972,0.0090000000000003,0,0.06267519978610836,0
2024-01-05 12:10:00,23.64,12.495,1.051,4.52,56.85,1023.22,13.064,normal,12,4,1,13.132244999999998,0.9948032495586248,20.430399999999995,4.7316666666666665,0.4184933292977173,0.0210000000000007,0,0.12741036729519883,0
2024-01-05 12:15:00,36.25,12.054,1.269,7.07,55.09,1005.8,13.945,warning,12,4,1,15.296526,0.9116449055164552,49.9849,5.165,1.0147265641541137,0.4409999999999989,1,0.5580266180181682,1
2024-01-05 12:20:00,26.21,12.667,1.036,4.6,58.27,1010.68,13.139,normal,12,4,1,13.123012,1.0,21.16,5.016666666666667,1.0227348955944948,0.6129999999999995,0,0.09334085784836199,0
2024-01-05 12:25:00,24.07,12.427,1.001,4.42,56.06,1018.79,12.455,normal,12,4,1,12.439426999999998,1.0,19.5364,4.951666666666667,1.0505125733025205,0.2400000000000002,0,0.08407810752600875,0
2024-01-05 12:30:00,23.0,12.431,1.043,4.29,55.81,1019.89,13.031,normal,12,4,1,12.965533,1.0,18.4041,4.868333333333333,1.0851620462708254,0.0039999999999995,0,0.13390600006765285,0
2024-01-05 12:35:00,24.37,13.127,1.43,14.91,54.25,1018.68,16.844,critical,12,4,1,18.77161,0.8973124841183043,222.3081,6.635000000000001,4.18770939774956,0.6960000000000015,2,0.73870666953885,1
2024-01-05 12:40:00,23.26,10.0,0.634,4.83,55.44,1008.33,6.021,warning,12,4,1,6.34,0.9496845425867508,23.3289,6.686666666666667,4.158204740830668,3.1270000000000007,1,0.38111656735188415,0
2024-01-05 12:45:00,23.69,12.512,0.969,4.96,52.32,1015.71,12.115,normal,12,4,1,12.124128,0.9992471211125452,24.6016,6.335000000000001,4.208224090991352,2.5120000000000005,0,0.3092345180632474,0
2024-01-05 12:50:00,26.11,12.47,1.083,5.27,47.34,1013.13,13.492,normal,12,4,1,13.50501,0.9990366538047732,27.7729,6.446666666666666,4.161608663325596,0.0419999999999998,0,0.2758574977545155,0
2024-01-05 12:55:00,26.11,12.407,1.03,4.63,52.68,1022.55,12.837,normal,12,4,1,12.77921,1.0,21.4369,6.4816666666666665,4.141991871873562,0.0630000000000006,0,0.25443552076325693,0
2024-01-05 13:00:00,24.06,12.374,0.84,3.3,56.47,1013.23,10.409,normal,13,4,1,10.39416,1.0,10.89,6.316666666666666,4.26466255015173,0.0329999999999994,0,0.28873633370212715,0
2024-01-05 13:05:00,23.64,10.0,0.568,2.99,55.12,1005.29,5.388,warning,13,4,1,5.68,0.9485915492957748,8.940100000000001,4.33,0.9462557793747012,2.374000000000001,1,0.12435589081832132,0
2024-01-05 13:10:00,24.84,12.241,0.785,3.93,58.88,1011.66,9.558,normal,13,4,1,9.609185,0.9946733255733968,15.4449,4.18,0.9221713506718944,2.241,0,0.11632605642573646,0
2024-01-05 13:15:00,24.1,12.337,0.859,4.5,58.99,1011.79,10.601,normal,13,4,1,10.597483,1.0,20.25,4.1033333333333335,0.8614793477888453,0.096,0,0.11683399206189349,0
2024-01-05 13:20:00,22.78,12.249,0.826,4.03,55.15,1012.04,10.041,normal,13,4,1,10.117674,0.992421775993178,16.240900000000003,3.896666666666667,0.6478785894492101,0.0879999999999991,0,0.09346473663103916,0
2024-01-05 13:25:00,22.79,13.52,0.994,5.13,63.0,1018.39,13.432,warning,13,4,1,13.43888,0.99948805257581,26.3169,3.98,0.7797948448149871,1.270999999999999,1,0.2524652991843337,0
2024-01-05 13:30:00,21.49,12.407,0.905,3.01,53.36,1018.47,11.237,normal,13,4,1,11.228335,1.0,9.060099999999998,3.931666666666667,0.8372434930572452,1.1129999999999995,0,0.1910374969879559,0
2024-01-05 13:35:00,23.34,12.621,0.85,4.16,60.48,1012.62,10.696,normal,13,4,1,10.72785,0.997031091970898,17.305600000000002,4.126666666666666,0.6988752869194144,0.2140000000000004,0,0.08762062706300044,0
2024-01-05 13:40:00,22.76,12.29,0.941,4.2,57.0,1011.88,11.587,normal,13,4,1,11.564889999999998,1.0,17.64,4.171666666666667,0.6923414379240151,0.3310000000000013,0,0.1193603233559889,0
2024-01-05 13:45:00,24.16,12.028,0.879,3.92,51.75,1012.01,10.591,normal,13,4,1,10.572612,1.0,15.3664,4.075,0.6776651090324987,0.2619999999999987,0,0.07018730265495776,0
2024-01-05 13:50:00,35.91,11.721,1.133,6.78,52.52,1000.7,12.209,warning,13,4,1,13.279893,0.9193598171310567,45.9684,4.533333333333333,1.2923415441231805,0.3070000000000004,1,0.5893024897173261,1
2024-01-05 13:55:00,20.79,12.135,0.8,4.29,59.92,1009.11,9.71,normal,13,4,1,9.708,1.0,18.4041,4.3933333333333335,1.2598677179238655,0.4139999999999997,0,0.278302853193111,0
2024-01-05 14:00:00,23.88,11.87,0.645,2.98,64.79,1004.15,7.706,normal,14,4,1,7.656149999999999,1.0,8.8804,4.388333333333334,1.266497795760691,0.2650000000000005,0,0.17753821645772316,0
2024-01-05 14:05:00,20.04,12.032,0.717,3.17,63.72,1007.09,8.648,normal,14,4,1,8.626944,1.0,10.0489,4.223333333333334,1.363006480786754,0.1620000000000008,0,0.21683321737436745,0
2024-01-05 14:10:00,19.68,12.019,0.822,3.68,58.5,1016.04,9.946,normal,14,4,1,9.879618,1.0,13.5424,4.136666666666667,1.3811975480237046,0.0129999999999999,0,0.31028949241241766,0
2024-01-05 14:15:00,39.39,11.264,0.991,6.16,60.54,1016.42,10.258,critical,14,4,1,11.162624,0.91895955646271,37.9456,4.510000000000001,1.596821843537976,0.7550000000000008,2,0.5694843821067784,1
2024-01-05 14:20:00,24.88,11.919,0.626,3.38,60.96,1015.5,7.47,normal,14,4,1,7.461294,1.0,11.4244,3.943333333333333,1.1786885367503568,0.6550000000000011,0,0.16964894492214255,0
2024-01-05 14:25:00,20.91,11.841,0.629,3.43,65.61,1024.17,7.477,normal,14,4,1,7.447989,1.0,11.7649,3.8,1.1803897661366067,0.0780000000000011,0,0.12541743890222767,0
2024-01-05 14:30:00,24.34,12.382,0.684,3.46,58.21,1000.62,8.412,normal,14,4,1,8.469288,0.9932357950278702,11.9716,3.88,1.1288401126820538,0.5410000000000004,0,0.13085953943279305,0
2024-01-05 14:35:00,22.44,11.886,0.732,3.47,52.79,1012.21,8.695,normal,14,4,1,8.700552,0.999361879568101,12.0409,3.93,1.0973057914729287,0.4960000000000004,0,0.10023639850713417,0
2024-01-05 14:40:00,21.84,12.145,0.691,4.02,61.99,1026.29,8.339,normal,14,4,1,8.392195,0.9936613722631564,16.160399999999996,3.9866666666666655,1.0905717155082906,0.2590000000000003,0,0.17033608306535963,0
2024-01-05 14:45:00,35.89,11.655,0.761,5.46,60.38,1012.25,8.187,warning,14,4,1,8.869455,0.923055587970174,29.8116,3.87,0.8139287438099428,0.4900000000000002,1,0.5119122717378559,1
2024-01-05 14:50:00,22.17,11.941,0.645,3.92,60.16,1009.61,7.725,normal,14,4,1,7.701945,1.0,15.3664,3.96,0.7779717218511414,0.2860000000000013,0,0.1456684110169686,0
2024-01-05 14:55:00,21.38,12.081,0.564,2.5,61.65,1019.46,6.899,normal,14,4,1,6.813683999999999,1.0,6.25,3.805,0.9729080120957134,0.1399999999999988,0,0.07609188423795976,0
2024-01-05 15:00:00,21.53,11.939,0.58,2.15,61.35,1014.74,6.936,normal,15,4,1,6.92462,1.0,4.6225,3.5866666666666664,1.1888425743834647,0.1419999999999994,0,0.14094575754553995,0
2024-01-05 15:05:00,21.51,11.887,0.584,1.91,65.4,1014.21,6.921,normal,15,4,1,6.942008,0.9969737862589616,3.6481,3.3266666666666667,1.3754078183094312,0.0519999999999996,0,0.1934677051754793,0
2024-01-05 15:10:00,21.34,11.875,0.494,2.82,60.27,1017.49,5.921,normal,15,4,1,5.86625,1.0,7.952399999999999,3.126666666666667,1.3412481748978125,0.0120000000000004,0,0.10929843334161693,0
2024-01-05 15:15:00,21.2,11.963,0.406,3.3,56.55,1019.52,4.857,normal,15,4,1,4.856978,1.0,10.89,2.766666666666667,0.7486966452888109,0.0879999999999991,0,0.10325225403447891,0
2024-01-05 15:20:00,37.46,11.245,0.773,3.79,60.71,1009.69,7.907,warning,15,4,1,8.692385,0.9096467770353016,14.3641,2.745,0.7094998238196071,0.718,1,0.4812540763073202,1
2024-01-05 15:25:00,21.26,11.768,0.456,2.45,64.82,1019.87,5.341,normal,15,4,1,5.366208,0.9953024556632916,6.002500000000001,2.736666666666667,0.7132367535865775,0.5230000000000015,0,0.004519007426295629,0
2024-01-05 15:30:00,21.46,12.017,0.438,2.41,66.93,1010.02,5.303,normal,15,4,1,5.263446,1.0,5.8081000000000005,2.78,0.677465866298851,0.2489999999999987,0,0.011333704114317111,0
2024-01-05 15:35:00,21.39,11.943,0.623,3.22,64.23,1009.84,7.374,normal,15,4,1,7.440488999999999,0.9910638937844004,10.3684,2.998333333333333,0.5376771026059369,0.0739999999999998,0,0.0365611133082695,0
2024-01-05 15:40:00,21.99,11.391,0.419,2.02,58.04,1017.59,4.777,normal,15,4,1,4.772829,1.0,4.0804,2.865,0.6729264447174379,0.5519999999999996,0,0.07366505232899123,0
2024-01-05 15:45:00,22.67,10.652,0.519,3.46,65.5,1013.51,5.175,warning,15,4,1,5.528388,0.936077569085238,11.9716,2.891666666666667,0.696373941691328,0.7390000000000008,1,0.1063034085903034,0
2024-01-05 15:50:00,22.2,11.889,0.519,2.18,60.05,1007.02,6.256,normal,15,4,1,6.170391,1.0,4.752400000000001,2.623333333333333,0.5817445029106181,1.237,0,0.07431985534926588,0
2024-01-05 15:55:00,21.65,11.9,0.524,12.72,58.79,1022.71,5.725,warning,15,4,1,6.235600000000001,0.9181153377381486,161.79840000000002,4.335,4.14791393353334,0.011000000000001,1,0.8112461793841655,1
2024-01-05 16:00:00,22.5,11.731,0.453,1.73,64.39,1010.34,5.333,normal,16,4,1,5.3141430000000005,1.0,2.9929,4.221666666666667,4.219698646428047,0.1690000000000004,0,0.3810594614478908,0
2024-01-05 16:05:00,23.57,11.902,0.649,13.88,60.76,1016.75,6.978,critical,16,4,1,7.724398,0.9033713695229064,192.6544,5.998333333333334,5.698597780741036,0.1709999999999993,2,0.849014140449421,1
2024-01-05 16:10:00,22.55,11.588,0.396,1.73,58.51,1011.33,4.576,normal,16,4,1,4.588848,0.9972001687569516,2.9929,5.95,5.740167244950272,0.314,0,0.535140254027386,1
2024-01-05 16:15:00,19.25,11.71,0.296,1.59,54.02,1014.76,3.483,normal,16,4,1,3.46616,1.0,2.5281,5.638333333333333,5.949357668409815,0.1220000000000016,0,0.6669014323606387,1
2024-01-05 16:20:00,37.0,11.05,0.682,5.43,62.87,1005.68,6.973,warning,16,4,1,7.536100000000001,0.9252796539324052,29.4849,6.180000000000001,5.714843829887217,0.6600000000000001,1,0.7133573376690268,1
2024-01-05 16:25:00,19.62,11.509,0.37,1.62,64.05,1012.1,4.279,normal,16,4,1,4.25833,1.0,2.6244000000000005,4.33,4.91496083402503,0.4589999999999996,0,0.42404047889294094,1
2024-01-05 16:30:00,22.56,12.422,0.882,11.96,62.73,1011.76,9.84,warning,16,4,1,10.956204,0.8981212836124627,143.04160000000002,6.035,5.564152226530111,0.9130000000000004,1,0.8453579642673279,1
2024-01-05 16:35:00,21.34,11.572,0.429,3.54,66.29,1009.19,4.997,normal,16,4,1,4.964388,1.0,12.5316,4.3116666666666665,4.041303832510827,0.8500000000000014,0,0.3058393657663985,0
2024-01-05 16:40:00,21.61,11.657,0.443,2.26,63.06,1005.12,5.208,normal,16,4,1,5.164051,1.0,5.107599999999999,4.4,3.978899345296388,0.0850000000000008,0,0.269380548145957,0
2024-01-05 16:45:00,19.72,11.595,0.41,2.87,60.9,1002.81,4.781,normal,16,4,1,4.75395,1.0,8.2369,4.613333333333333,3.829619650391757,0.0619999999999993,0,0.3081265492242795,0
2024-01-05 16:50:00,19.32,10.0,0.1,4.63,62.33,1010.79,0.993,critical,16,4,1,1.0,0.993,21.4369,4.48,3.80937265176302,1.5950000000000006,2,0.6498656480595792,1
2024-01-05 16:55:00,21.55,11.704,0.271,2.37,58.38,1006.76,3.195,normal,16,4,1,3.1717840000000006,1.0,5.6169,4.605,3.707704141379139,1.7040000000000006,0,0.31997315231870305,0
2024-01-05 17:00:00,21.8,12.574,0.383,1.8,64.6,1008.37,4.785,warning,17,4,1,4.815842,0.9935957201253696,3.24,2.911666666666666,1.0298624503625329,0.8699999999999992,1,0.13347875206286053,0
2024-01-05 17:05:00,20.01,11.713,0.443,0.86,62.28,1012.92,5.209,normal,17,4,1,5.188859,1.0,0.7395999999999999,2.4650000000000003,1.2586143174142204,0.8610000000000007,0,0.4150585426026251,1
2024-01-05 17:10:00,20.45,11.347,0.261,2.78,65.43,1008.8,3.015,normal,17,4,1,2.961567,1.0,7.728399999999999,2.5516666666666667,1.2595779716503177,0.3659999999999996,0,0.18347401795936125,0
2024-01-05 17:15:00,19.77,11.41,0.396,1.86,60.94,1016.04,4.465,normal,17,4,1,4.51836,0.9881904053683194,3.4596000000000005,2.3833333333333333,1.275910132676566,0.0630000000000006,0,0.14923826521234718,0
2024-01-05 17:20:00,19.21,11.723,0.417,1.61,66.67,998.66,4.946,normal,17,4,1,4.888491,1.0,2.5921000000000003,1.88,0.6588171218176379,0.3130000000000006,0,0.2381564978374815,0
2024-01-05 17:25:00,21.2,11.687,0.363,1.14,62.87,1005.22,4.188,normal,17,4,1,4.242381,0.987181490771338,1.2996,1.675,0.6671656465976651,0.0360000000000013,0,0.400982515954164,1
2024-01-05 17:30:00,19.52,11.573,0.208,2.72,69.77,1008.97,2.418,normal,17,4,1,2.407184,1.0,7.398400000000001,1.8283333333333327,0.7950953821188651,0.1139999999999989,0,0.25266652378905885,0
2024-01-05 17:35:00,23.04,11.718,0.582,11.72,65.75,1023.99,6.175,warning,17,4,1,6.819876,0.9054416825173948,137.35840000000002,3.6383333333333336,4.010278876420779,0.1449999999999995,1,0.8498017206845123,1
2024-01-05 17:40:00,20.02,11.651,0.322,2.18,63.77,1013.62,3.719,normal,17,4,1,3.751622,0.9913045610671865,4.752400000000001,3.5383333333333336,4.043307639379758,0.0670000000000001,0,0.3027662695339245,0
2024-01-05 17:45:00,20.37,11.671,0.387,1.2,60.91,1010.35,4.545,normal,17,4,1,4.516677,1.0,1.44,3.428333333333333,4.106582114930458,0.0199999999999995,0,0.5170900700921286,1
2024-01-05 17:50:00,19.32,13.359,0.384,3.81,61.0,1006.42,5.149,warning,17,4,1,5.129856,1.0,14.5161,3.795,4.008809050079592,1.6880000000000006,1,0.4748781862228617,1
2024-01-05 17:55:00,21.26,11.644,0.166,2.12,64.23,1022.37,1.806,normal,17,4,1,1.932904,0.9343454201553724,4.494400000000001,3.9583333333333335,3.897416665775768,1.715,0,0.3766968502023391,0
2024-01-05 18:00:00,19.74,11.339,0.175,1.69,66.31,1001.57,1.935,normal,18,4,1,1.984325,0.9751426807604602,2.8561,3.786666666666667,3.984578605908874,0.3049999999999997,0,0.4367921048262089,1
2024-01-05 18:05:00,19.71,11.249,0.205,1.68,64.33,1009.24,2.328,normal,18,4,1,2.306045,1.0,2.8224,2.1133333333333333,0.9038067640080696,0.0899999999999998,0,0.22634680554786157,0
2024-01-05 18:10:00,19.69,11.704,0.441,1.75,61.38,1002.22,5.193,normal,18,4,1,5.1614640000000005,1.0,3.0625,2.0416666666666665,0.9144488321752836,0.455,0,0.15504731736709298,0
2024-01-05 18:15:00,36.37,10.912,0.658,4.26,63.88,1011.94,6.225,warning,18,4,1,7.180096000000001,0.8669800515202024,18.1476,2.5516666666666663,1.169023809281372,0.7919999999999998,1,0.5666806368945057,1
2024-01-05 18:20:00,20.03,11.416,0.301,2.1,67.15,1010.5,3.364,normal,18,4,1,3.436216,0.978983858989074,4.41,2.266666666666667,0.9966276469508236,0.5039999999999996,0,0.09063885097788305,0
2024-01-05 18:25:00,18.52,11.252,0.381,1.39,61.74,1016.89,4.253,normal,18,4,1,4.287012000000001,0.9920662690004132,1.9321,2.145,1.0606177445244216,0.1639999999999997,0,0.38644912687535704,0
2024-01-05 18:30:00,36.85,10.515,0.702,3.27,59.62,1012.81,6.343,warning,18,4,1,7.38153,0.8593069458499797,10.6929,2.408333333333333,1.11956092583956,0.7370000000000001,1,0.4742516480019109,1
2024-01-05 18:35:00,38.92,10.95,0.642,4.6,68.95,1021.9,6.218,critical,18,4,1,7.0299,0.8845076032375995,21.16,2.895,1.350477693262668,0.4349999999999987,2,0.6008113169386958,1
2024-01-05 18:40:00,20.58,11.266,0.1,1.52,61.18,1011.22,1.063,normal,18,4,1,1.1266,0.9435469554411504,2.3104,2.856666666666667,1.3921015288644445,0.3160000000000007,0,0.4414629404826589,1
2024-01-05 18:45:00,20.34,11.158,0.377,2.3,68.94,1015.73,4.263,normal,18,4,1,4.206566,1.0,5.289999999999999,2.53,1.2157302332343567,0.1080000000000005,0,0.09023290933020567,0
2024-01-05 18:50:00,19.61,11.747,0.288,1.83,64.63,1006.06,3.371,normal,18,4,1,3.383136,0.996412795701976,3.3489000000000004,2.485,1.2395926750348538,0.5890000000000004,0,0.19128716267743273,0
2024-01-05 18:55:00,18.47,11.266,0.307,3.37,69.58,1009.86,3.407,normal,18,4,1,3.458662,0.9850630099153952,11.3569,2.815,1.150108690515839,0.4809999999999998,0,0.35430765317315727,0
2024-01-05 19:00:00,20.46,11.48,0.178,1.65,67.87,1004.27,2.07,normal,19,4,1,2.04344,1.0,2.7225,2.545,1.2104998967369074,0.2140000000000004,0,0.27725362527444375,0
2024-01-05 19:05:00,19.95,11.74,0.33,1.97,60.26,1010.76,3.828,normal,19,4,1,3.8742,0.9880749574105622,3.8809,2.1066666666666665,0.6754751414128716,0.2599999999999998,0,0.061389130423104676,0
2024-01-05 19:10:00,22.58,11.413,0.319,1.71,70.3,1007.44,3.573,normal,19,4,1,3.640747,0.9813920055417198,2.9241,2.138333333333333,0.6462945664839975,0.3269999999999999,0,0.1761564952060426,0
2024-01-05 19:15:00,18.97,11.458,0.327,3.11,65.47,1016.43,3.811,normal,19,4,1,3.746766,1.0,9.6721,2.273333333333333,0.7612008057449332,0.0449999999999999,0,0.22962437131715485,0
2024-01-05 19:20:00,17.55,11.634,0.373,2.44,61.38,1008.33,4.378,normal,19,4,1,4.339482,1.0,5.9536,2.375,0.7302533806837642,0.1760000000000001,0,0.21743778416109538,0
2024-01-05 19:25:00,20.81,11.595,0.4,2.3,63.02,1001.11,4.782,normal,19,4,1,4.638000000000001,1.0,5.289999999999999,2.1966666666666668,0.5461013336980024,0.0389999999999997,0,0.016445699413493498,0
2024-01-05 19:30:00,19.44,11.351,0.147,1.21,62.63,1013.08,1.714,normal,19,4,1,1.668597,1.0,1.4641,2.123333333333333,0.6532278826464302,0.2439999999999997,0,0.4734543726243584,1
2024-01-05 19:35:00,20.59,11.682,0.328,3.15,68.44,1026.46,3.85,normal,19,4,1,3.831696,1.0,9.9225,2.32,0.7657675887631101,0.3309999999999995,0,0.13349086520751652,0
2024-01-05 19:40:00,17.98,11.507,0.349,2.4,62.36,1016.73,3.959,normal,19,4,1,4.015943,0.9858207648863542,5.76,2.435,0.7052588177400304,0.1750000000000007,0,0.18496611983209965,0
2024-01-05 19:45:00,22.18,11.716,0.247,2.31,68.12,1008.76,2.872,normal,19,4,1,2.893852,0.992448819082662,5.3361,2.3016666666666663,0.6229419448606226,0.2089999999999996,0,0.10605559061369474,0
2024-01-05 19:50:00,21.49,11.542,0.509,1.78,69.12,1014.66,5.89,normal,19,4,1,5.874878,1.0,3.1684,2.191666666666667,0.6512577574714463,0.1739999999999995,0,0.1129831278444493,0
2024-01-05 19:55:00,19.2,11.214,0.306,1.41,63.94,1018.37,3.432,normal,19,4,1,3.431484,1.0,1.9881,2.043333333333333,0.7194349634725438,0.3279999999999994,0,0.3077887367475033,0
2024-01-05 20:00:00,23.37,11.503,0.334,2.69,63.55,1025.75,3.889,normal,20,4,1,3.842002,1.0,7.236099999999999,2.29,0.6239551265917033,0.2889999999999997,0,0.12461015458280233,0
2024-01-05 20:05:00,21.69,11.674,0.353,1.95,62.15,1017.87,4.148,normal,20,4,1,4.120921999999999,1.0,3.8025,2.09,0.4653170961828855,0.1709999999999993,0,0.07900067480366568,0
2024-01-05 20:10:00,23.01,11.329,0.42,2.14,60.28,1017.91,4.685,normal,20,4,1,4.75818,0.9846201698968932,4.5796,2.0466666666666664,0.4422065882217725,0.3449999999999988,0,0.12017463650350446,0
2024-01-05 20:15:00,20.45,11.487,0.385,2.01,62.08,1019.64,4.413,normal,20,4,1,4.4224950000000005,0.997853021880183,4.040099999999999,1.9966666666666664,0.4230208820693624,0.1579999999999994,0,0.09098303776263128,0
2024-01-05 20:20:00,20.11,11.975,0.37,2.42,66.62,1017.62,4.454,normal,20,4,1,4.43075,1.0,5.8564,2.103333333333333,0.4378888747921544,0.4879999999999995,0,0.03632002023973835,0
2024-01-05 20:25:00,20.75,11.891,0.394,2.44,59.85,1009.91,4.608,normal,20,4,1,4.685054,0.983553231190078,5.9536,2.275,0.2879409661720067,0.0839999999999996,0,0.09463836747681653,0
2024-01-05 20:30:00,20.33,11.592,0.482,1.97,63.51,1017.86,5.535,normal,20,4,1,5.587344,0.9906316847503932,3.8809,2.155,0.2231367293837374,0.2989999999999995,0,0.16021621277845044,0
2024-01-05 20:35:00,19.15,11.78,0.592,3.22,62.75,1012.6,7.004,normal,20,4,1,6.97376,1.0,10.3684,2.3666666666666667,0.4631054595518537,0.1879999999999988,0,0.21385929136657134,0
2024-01-05 20:40:00,22.05,11.62,0.345,1.29,60.16,1009.28,4.109,normal,20,4,1,4.0089,1.0,1.6641,2.225,0.6418333116939864,0.1600000000000001,0,0.3002893056856685,0
2024-01-05 20:45:00,22.38,11.663,0.453,2.28,67.35,1007.07,5.276,normal,20,4,1,5.283339000000001,0.9986109163163672,5.1984,2.27,0.6331508509036917,0.043000000000001,0,0.06488794352185301,0
2024-01-05 20:50:00,21.39,11.318,0.409,3.25,62.7,1007.93,4.7,normal,20,4,1,4.629061999999999,1.0,10.5625,2.408333333333333,0.7519951240977117,0.3450000000000006,0,0.09342480952772692,0
2024-01-05 20:55:00,17.65,11.658,0.38,2.57,69.26,1012.09,4.459,normal,20,4,1,4.43004,1.0,6.604899999999999,2.43,0.7549569524152127,0.3399999999999998,0,0.2301717405938264,0
2024-01-05 21:00:00,20.25,13.048,0.497,2.92,56.66,1006.1,6.441,warning,21,4,0,6.484856,0.9932371667158068,8.526399999999999,2.5883333333333334,0.7386316177004131,1.3900000000000006,1,0.0726657626227265,0
2024-01-05 21:05:00,21.89,11.68,0.511,2.6,60.45,1013.84,5.971,normal,21,4,0,5.96848,1.0,6.760000000000001,2.485,0.6730453179393381,1.3680000000000003,0,0.04080212018208951,0
2024-01-05 21:10:00,20.84,11.937,0.639,3.3,61.65,1010.87,7.653,normal,21,4,0,7.627743,1.0,10.89,2.82,0.4068906487006772,0.2569999999999997,0,0.10888624191669827,0
2024-01-05 21:15:00,22.44,11.727,0.505,3.13,66.35,1022.13,5.946,normal,21,4,0,5.922135,1.0,9.7969,2.9616666666666664,0.3199635395896252,0.209999999999999,0,0.11764924012221911,0
2024-01-05 21:20:00,20.73,10.147,0.458,3.02,62.28,1007.0,4.428,warning,21,4,0,4.6473260000000005,0.9528059791802856,9.1204,2.9233333333333333,0.2909753712373651,1.58,1,0.12387387118018589,0
2024-01-05 21:25:00,23.71,11.867,0.594,14.67,64.11,1022.32,6.336,critical,21,4,0,7.048998,0.8988511558664083,215.2089,4.94,4.772441723059593,1.7200000000000006,2,0.8356249129364458,1
2024-01-05 21:30:00,21.55,11.92,0.589,2.59,60.14,1014.29,7.128,normal,21,4,0,7.02088,1.0,6.708099999999999,4.885,4.802185960580871,0.052999999999999,0,0.22345387380680792,0
2024-01-05 21:35:00,20.63,11.726,0.549,2.69,60.89,1016.25,6.455,normal,21,4,0,6.437574000000001,1.0,7.236099999999999,4.9,4.79375426988076,0.193999999999999,0,0.27407047195165624,0
2024-01-05 21:40:00,21.78,12.701,0.535,3.22,63.88,1009.48,6.791,warning,21,4,0,6.795035,0.9994061840741072,10.3684,4.886666666666667,4.799202711562274,0.9749999999999996,1,0.25243295756312945,0
2024-01-05 21:45:00,20.97,11.748,0.59,2.54,59.24,1004.86,6.946,normal,21,4,0,6.93132,1.0,6.4516,4.788333333333333,4.848189008966821,0.9530000000000012,0,0.2461586337452233,0
2024-01-05 21:50:00,21.91,11.893,0.394,2.99,62.37,1018.85,4.71,normal,21,4,0,4.685842,1.0,8.940100000000001,4.783333333333334,4.850392423986608,0.1450000000000013,0,0.29984149627830536,0
2024-01-05 21:55:00,20.39,10.0,0.409,1.19,59.28,1020.76,3.911,warning,21,4,0,4.09,0.956234718826406,1.4161,2.536666666666666,0.7088488320274791,1.893000000000001,1,0.30079316733375283,0
2024-01-05 22:00:00,21.82,12.369,0.715,3.11,56.23,1002.96,8.798,normal,22,4,0,8.843835,0.9948172936288386,9.6721,2.623333333333333,0.7474133171590668,2.369,0,0.1036037738515041,0
2024-01-05 22:05:00,22.24,12.552,0.614,3.6,62.63,1019.73,7.675,normal,22,4,0,7.706928,0.9958572339069472,12.96,2.7750000000000004,0.8490641907418133,0.1829999999999998,0,0.13816634785700632,0
2024-01-05 22:10:00,24.65,12.131,0.62,3.16,60.71,1017.12,7.443,normal,22,4,0,7.52122,0.9896000914745212,9.985600000000002,2.765,0.8431073478508241,0.4209999999999994,0,0.16197217063391578,0
2024-01-05 22:15:00,23.82,11.788,0.739,2.78,55.69,1024.42,8.728,normal,22,4,0,8.711332,1.0,7.728399999999999,2.805,0.8359605253838545,0.3429999999999999,0,0.12895081215628534,0
2024-01-05 22:20:00,21.8,12.143,0.686,3.57,62.01,1005.26,8.365,normal,22,4,0,8.330098000000001,1.0,12.7449,2.901666666666667,0.8932058366730006,0.3550000000000004,0,0.14958760015506145,0
2024-01-05 22:25:00,24.79,10.0,0.34,3.27,57.75,1005.98,3.286,warning,22,4,0,3.4000000000000004,0.966470588235294,10.6929,3.248333333333333,0.3078581924632009,2.1430000000000007,1,0.2732853319321161,0
2024-01-05 22:30:00,23.6,12.337,0.739,12.59,58.24,1023.79,8.246,warning,22,4,0,9.117043,0.9044599219286342,158.50809999999998,4.828333333333334,3.814264892042329,2.337,1,0.7871686769947663,1
2024-01-05 22:35:00,23.05,11.861,0.656,4.07,62.94,1010.96,7.754,normal,22,4,0,7.780816000000001,0.996553574843564,16.5649,4.906666666666667,3.788734177356163,0.4759999999999991,0,0.26313605944958474,0
2024-01-05 22:40:00,22.23,11.857,0.723,3.43,55.73,1019.05,8.553,normal,22,4,0,8.572610999999998,0.9977123655791686,11.7649,4.951666666666667,3.7653707210136274,0.0040000000000013,0,0.17550747342840523,0
2024-01-05 22:45:00,23.45,11.916,0.76,2.72,58.9,1020.54,9.061,normal,22,4,0,9.05616,1.0,7.398400000000001,4.941666666666666,3.7723648639370335,0.059000000000001,0,0.26426908891660217,0
2024-01-05 22:50:00,22.01,12.078,0.62,3.52,65.96,1013.65,7.469,normal,22,4,0,7.488359999999999,0.9974146542100008,12.3904,4.933333333333334,3.776054378139526,0.161999999999999,0,0.20683480337170757,0
2024-01-05 22:55:00,22.99,10.0,0.368,2.69,61.68,1016.07,3.518,warning,22,4,0,3.68,0.9559782608695652,7.236099999999999,4.836666666666667,3.834129192745946,2.0779999999999994,1,0.32543943414292,0
2024-01-05 23:00:00,21.32,12.368,0.821,3.65,55.14,1016.59,10.101,normal,23,4,0,10.154128,0.9947678422017135,13.3225,3.346666666666667,0.5433476480732271,2.3680000000000003,0,0.14665505379750854,0
2024-01-05 23:05:00,23.27,10.135,0.448,4.87,62.15,1012.04,4.278,warning,23,4,0,4.54048,0.9421911339770244,23.716900000000003,3.4800000000000004,0.7958391797342214,2.2330000000000005,1,0.3405423336654593,0
2024-01-05 23:10:00,24.5,12.385,0.688,3.58,57.88,1014.06,8.505,normal,23,4,0,8.52088,0.9981363427251646,12.8164,3.5050000000000003,0.7963102410493273,2.25,0,0.1342842473774214,0
2024-01-05 23:15:00,26.21,10.863,1.273,2.79,52.67,1020.33,13.037,warning,23,4,0,13.828599,0.9427563847935718,7.7841,3.516666666666667,0.7829091049839082,1.5220000000000002,1,0.30260260294719654,0
2024-01-05 23:20:00,25.86,12.217,0.819,4.71,62.09,1016.85,10.016,normal,23,4,0,10.005723,1.0,22.1841,3.715,0.922252676873336,1.354000000000001,0,0.2367345457619915,0
2024-01-05 23:25:00,22.61,11.85,0.723,3.6,61.08,1012.28,8.596,normal,23,4,0,8.567549999999999,1.0,12.96,3.866666666666667,0.7845168364456546,0.3670000000000009,0,0.08646911752983988,0
2024-01-05 23:30:00,20.32,12.223,0.914,4.48,56.87,1014.08,11.16,normal,23,4,0,11.171822,0.9989418019728564,20.070400000000003,4.005,0.811387700177929,0.3730000000000011,0,0.2878814175178067,0
2024-01-05 23:35:00,22.81,12.46,0.852,3.61,60.31,1012.87,10.578,normal,23,4,0,10.61592,0.9964280062396852,13.0321,3.795,0.6978466880340071,0.2370000000000001,0,0.08796070045307514,0
2024-01-05 23:40:00,26.09,12.231,0.839,4.17,58.78,1013.79,10.213,normal,23,4,0,10.261809,0.9952436261481772,17.3889,3.893333333333333,0.7030410135025535,0.2290000000000009,0,0.15531347136519524,0
2024-01-05 23:45:00,23.93,12.121,0.927,4.38,56.79,1008.52,11.234,normal,23,4,0,11.236167000000002,0.999807140637906,19.1844,4.158333333333333,0.4624896395236249,0.1099999999999994,0,0.12758378094910217,0
2024-01-05 23:50:00,23.54,12.337,0.849,4.06,56.05,1010.34,10.403,normal,23,4,0,10.474113,0.9932105945391272,16.483599999999996,4.05,0.3753398460062933,0.2159999999999993,0,0.14096835025631926,0
2024-01-05 23:55:00,24.26,11.434,1.018,4.87,59.85,1000.53,11.691,warning,23,4,0,11.639812,1.0,23.716900000000003,4.261666666666666,0.4255545401786834,0.9030000000000004,1,0.15930163711753242,0
2024-01-06 00:00:00,26.78,12.771,1.062,4.98,56.08,1001.22,13.512,normal,0,5,0,13.562802,0.9962543138209936,24.800400000000003,4.345,0.516168577114127,1.3370000000000015,0,0.14329586812849782,0
2024-01-06 00:05:00,25.94,11.033,1.096,6.26,58.5,1017.61,12.036,warning,0,5,0,12.092168,0.99535500995355,39.1876,4.786666666666666,0.8110158239311243,1.738000000000001,1,0.2835705652182178,0
2024-01-06 00:10:00,25.75,12.587,1.081,5.27,59.39,1018.36,13.553,normal,0,5,0,13.606547,0.9960646150709656,27.7729,4.97,0.766863742786168,1.5540000000000005,0,0.07716065000302619,0
2024-01-06 00:15:00,26.1,12.265,1.054,3.7,56.95,1023.36,12.943,normal,0,5,0,12.92731,1.0,13.69,4.8566666666666665,0.9086400093913312,0.3219999999999992,0,0.19728499094508867,0
2024-01-06 00:20:00,23.0,12.563,1.112,4.44,51.75,1006.32,14.017,normal,0,5,0,13.970056,1.0,19.713600000000003,4.92,0.8535806933149382,0.298,0,0.134099911026881,0
2024-01-06 00:25:00,23.91,12.395,0.969,11.48,55.57,1015.87,10.868,warning,0,5,0,12.010755,0.904855689754724,131.7904,6.021666666666667,2.8068517357827534,0.168000000000001,1,0.7174248081660994,1
2024-01-06 00:30:00,23.54,12.612,1.051,4.56,57.25,1013.9,13.314,normal,0,5,0,13.255211999999998,1.0,20.7936,5.951666666666667,2.8430294874775144,0.2170000000000005,0,0.19284567994183266,0
2024-01-06 00:35:00,23.84,12.176,1.057,5.28,54.65,1016.49,12.901,normal,0,5,0,12.870032,1.0,27.878400000000003,5.788333333333334,2.8499152034168778,0.4359999999999999,0,0.22088776740780136,0
2024-01-06 00:40:00,38.86,11.646,1.327,6.32,56.91,1018.24,14.281,critical,0,5,0,15.454242,0.924082850520912,39.942400000000006,5.963333333333334,2.843952648457189,0.5299999999999994,2,0.48597626598272725,1
2024-01-06 00:45:00,24.61,12.554,0.979,4.32,54.62,1007.79,12.345,normal,0,5,0,12.290366,1.0,18.6624,6.066666666666666,2.7551454892013703,0.9079999999999996,0,0.17428898126683368,0
2024-01-06 00:50:00,23.1,12.591,0.911,5.05,53.59,1013.5,11.43,normal,0,5,0,11.470401,0.996477804045386,25.5025,6.168333333333333,2.6936845893063754,0.036999999999999,0,0.2994666791589614,0
2024-01-06 00:55:00,26.91,10.621,1.307,3.2,57.87,1010.94,13.113,warning,0,5,0,13.881647,0.9446285444371264,10.240000000000002,4.788333333333333,1.0440769448018097,1.9699999999999989,1,0.30468666515772524,0
2024-01-06 01:00:00,27.94,12.893,1.086,5.85,54.1,1017.62,14.1,normal,1,5,0,14.001798,1.0,34.2225,5.003333333333334,1.1178670165393898,2.272,0,0.2143291442374885,0
2024-01-06 01:05:00,26.34,12.779,1.197,5.15,52.95,1008.3,15.344,normal,1,5,0,15.296463,1.0,26.522500000000004,4.9816666666666665,1.1126799479934366,0.1140000000000007,0,0.06222995394597497,0
2024-01-06 01:10:00,24.23,12.599,1.245,5.49,52.07,1016.84,15.639,normal,1,5,0,15.685755000000002,0.9970192700319492,30.140100000000004,4.843333333333334,0.9531771433824248,0.1799999999999997,0,0.1578615911899185,0
2024-01-06 01:15:00,25.73,12.988,1.21,4.97,49.99,1024.66,15.658,normal,1,5,0,15.71548,0.9963424597912376,24.7009,4.951666666666667,0.9180940402086692,0.3889999999999993,0,0.03609634738413281,0
2024-01-06 01:20:00,38.06,12.067,1.45,6.57,53.14,1019.81,16.162,critical,1,5,0,17.49715,0.9236932871924856,43.1649,5.205,1.134790729606127,0.9209999999999994,2,0.5038025583181419,1
2024-01-06 01:25:00,25.01,12.898,1.321,5.2,55.69,1018.37,17.041,normal,1,5,0,17.038258,1.0,27.040000000000003,5.538333333333334,0.5919600211726013,0.8309999999999995,0,0.0625259703613823,0
2024-01-06 01:30:00,29.18,10.0,0.779,4.84,49.92,1000.81,7.366,warning,1,5,0,7.79,0.945571245186136,23.4256,5.37,0.6281082709215053,2.898,1,0.33560412518663385,0
2024-01-06 01:35:00,23.84,12.959,1.178,4.44,57.52,1010.75,15.208,normal,1,5,0,15.265702,0.9962201541730606,19.713600000000003,5.251666666666667,0.735538351594716,2.959,0,0.09229857117142026,0
2024-01-06 01:40:00,26.3,14.0,1.324,3.65,56.27,1017.02,18.473,warning,1,5,0,18.536,0.9966012084592144,13.3225,4.945,0.964297671883538,1.0410000000000004,1,0.21977727306800054,0
2024-01-06 01:45:00,27.21,12.9,1.194,11.23,51.8,1003.12,13.832,warning,1,5,0,15.4026,0.8980302026930519,126.1129,5.988333333333333,2.742943066610508,1.0999999999999996,1,0.6718102616522648,1
2024-01-06 01:50:00,25.5,12.74,1.314,5.83,53.97,1006.86,16.734,normal,1,5,0,16.740360000000003,0.9996200798549134,33.9889,5.864999999999999,2.728155054244533,0.1600000000000001,0,0.1959745223339905,0
2024-01-06 01:55:00,24.11,12.459,1.339,5.7,51.15,1003.81,16.68,normal,1,5,0,16.682601,0.9998440890602132,32.49,5.948333333333333,2.711364355203236,0.2810000000000006,0,0.23370193808083373,0
2024-01-06 02:00:00,26.71,12.771,1.515,13.26,50.74,1008.34,17.422,critical,2,5,0,19.348065,0.9004518022861718,175.8276,7.351666666666667,3.928701651521356,0.3120000000000011,2,0.7088869135797733,1
2024-01-06 02:05:00,27.54,13.072,1.353,5.3,48.79,1000.16,17.616,normal,2,5,0,17.686415999999998,0.9960186393896876,28.09,7.495,3.815278495732645,0.3009999999999984,0,0.2547500920096336,0
2024-01-06 02:10:00,26.38,12.955,1.34,5.89,51.87,1016.0,17.382,normal,2,5,0,17.3597,1.0,34.6921,7.868333333333332,3.456515104359681,0.1169999999999991,0,0.285357503134569,0
2024-01-06 02:15:00,28.09,12.859,1.374,6.48,49.58,1018.13,17.601,normal,2,5,0,17.668266000000003,0.9961928352222,41.99040000000001,7.076666666666667,3.0529897914448765,0.096,0,0.22057322615784658,0
2024-01-06 02:20:00,26.98,13.02,1.407,5.62,48.17,1008.21,18.382,normal,2,5,0,18.31914,1.0,31.5844,7.041666666666667,3.071289088748669,0.1609999999999996,0,0.1530404432074135,0
2024-01-06 02:25:00,25.24,13.082,1.453,5.82,47.4,1021.96,19.043,normal,2,5,0,19.008146000000004,1.0,33.872400000000006,7.0616666666666665,3.0611789667816924,0.0620000000000011,0,0.23170086902777076,0
2024-01-06 02:30:00,28.69,13.395,1.224,12.62,52.04,1011.39,14.759,warning,2,5,0,16.39548,0.9001871247441369,159.26439999999997,6.955000000000001,2.8021973520792507,0.3129999999999988,1,0.6648758422157184,1
2024-01-06 02:35:00,26.74,13.429,1.326,11.2,47.66,1019.28,15.987,warning,2,5,0,17.806854,0.8978003638374302,125.43999999999998,7.938333333333333,3.1222070185473942,0.0340000000000006,1,0.7159681665922304,1
2024-01-06 02:40:00,26.29,13.102,1.44,5.78,55.46,1016.74,18.895,normal,2,5,0,18.86688,1.0,33.4084,7.920000000000001,3.136928433993983,0.3269999999999999,0,0.24361634230663232,0
2024-01-06 02:45:00,28.47,13.226,1.56,5.85,47.43,1008.54,20.558,normal,2,5,0,20.63256,0.9963862942843738,34.2225,7.815,3.204582656134796,0.1240000000000005,0,0.22585039855832667,0
2024-01-06 02:50:00,27.59,12.913,1.396,5.7,48.76,1005.83,18.024,normal,2,5,0,18.026548,0.9998586529156888,32.49,7.828333333333333,3.193771542654016,0.3130000000000006,0,0.22182545157661604,0
2024-01-06 02:55:00,27.03,13.237,1.448,6.35,46.22,1004.32,19.238,normal,2,5,0,19.167176,1.0,40.3225,7.916666666666667,3.1338836396181997,0.3239999999999998,0,0.25202271098170503,0
2024-01-06 03:00:00,27.53,13.261,1.626,5.92,47.18,1020.5,21.534,normal,3,5,0,21.562386,0.9986835408660248,35.0464,6.8,2.167477796887427,0.0239999999999991,0,0.08709299026013972,0
2024-01-06 03:05:00,28.1,13.291,1.488,5.83,49.99,1016.6,19.726,normal,3,5,0,19.777008,0.9974208434359736,33.9889,5.905,0.2300217381031666,0.0300000000000011,0,0.04774708809172701,0
2024-01-06 03:10:00,28.44,13.564,1.413,13.37,48.28,1014.61,17.155,critical,3,5,0,19.165932,0.8950777869816088,178.75689999999997,7.169999999999999,3.045449063767109,0.2729999999999997,2,0.6555673942760646,1
2024-01-06 03:15:00,30.21,13.246,1.429,5.84,44.31,1011.71,18.928,normal,3,5,0,18.928534000000003,0.9999717886234613,34.105599999999995,7.168333333333333,3.046318543203687,0.3179999999999996,0,0.27933741499296494,0
2024-01-06 03:20:00,29.97,13.118,1.662,6.12,47.16,1016.9,21.724,normal,3,5,0,21.802116,0.9964170450244372,37.4544,7.238333333333333,3.010444596179546,0.1280000000000001,0,0.2194373656037586,0
2024-01-06 03:25:00,27.38,12.869,1.463,5.76,48.71,1013.33,18.769,normal,3,5,0,18.827347,0.9969009441425816,33.1776,7.14,3.0545768937775923,0.2490000000000005,0,0.1578461114692794,0
2024-01-06 03:30:00,26.08,13.254,1.585,6.67,49.19,1014.34,21.01,normal,3,5,0,21.00759,1.0,44.4889,7.265,3.0096827075291444,0.3849999999999998,0,0.25776363040718153,0
2024-01-06 03:35:00,29.84,12.828,1.502,6.8,47.93,1010.96,19.349,normal,3,5,0,19.267656,1.0,46.24,7.426666666666667,2.942486476887638,0.4260000000000001,0,0.2507833200986904,0
2024-01-06 03:40:00,28.18,13.195,1.601,6.47,46.23,1016.49,21.144,normal,3,5,0,21.125195,1.0,41.8609,6.276666666666667,0.435461441079062,0.3670000000000009,0,0.03265112537071657,0
2024-01-06 03:45:00,25.85,13.172,1.451,5.33,49.79,1026.24,19.14,normal,3,5,0,19.112572,1.0,28.4089,6.191666666666666,0.5675003671070665,0.0229999999999996,0,0.06767581157958247,0
2024-01-06 03:50:00,26.15,13.181,1.493,6.85,49.62,1011.46,19.629,normal,3,5,0,19.679233,0.9974474106790646,46.92249999999999,6.3133333333333335,0.6244570975388561,0.0089999999999985,0,0.21509118888195589,0
2024-01-06 03:55:00,28.5,13.186,1.598,6.76,48.56,1011.0,21.061,normal,3,5,0,21.071228,0.9995145987694688,45.6976,6.48,0.5790336777770203,0.0050000000000007,0,0.04494531832731541,0
2024-01-06 04:00:00,29.56,13.685,1.714,5.96,43.28,1015.76,23.351,normal,4,5,0,23.45609,0.9955197136436637,35.5216,6.361666666666667,0.6044308617754817,0.4990000000000005,0,0.05513893495536426,0
2024-01-06 04:05:00,30.68,13.267,1.602,5.53,43.03,1012.22,21.283,normal,4,5,0,21.253734,1.0,30.580900000000003,6.15,0.6414670685233882,0.418000000000001,0,0.17434283105185278,0
2024-01-06 04:10:00,31.03,13.093,1.638,5.94,50.02,994.54,21.418,normal,4,5,0,21.446334,0.9986788418011208,35.28360000000001,6.061666666666667,0.6248653188221106,0.1739999999999995,0,0.16746511439573752,0
2024-01-06 04:15:00,29.83,13.243,1.6,7.35,41.75,1012.77,21.142,normal,4,5,0,21.1888,0.9977912859623952,54.0225,6.398333333333333,0.6923414379239841,0.1500000000000003,0,0.23458755491550942,0
2024-01-06 04:20:00,29.01,13.274,1.803,6.12,50.28,1007.41,23.969,normal,4,5,0,23.933022,1.0,37.4544,6.276666666666667,0.6605048574133675,0.0309999999999988,0,0.07557204567041198,0
2024-01-06 04:25:00,26.94,13.282,1.792,6.18,52.53,1013.37,23.695,normal,4,5,0,23.801344,0.9955320170155098,38.1924,6.18,0.6166036003787106,0.0080000000000008,0,0.09434974166105858,0
2024-01-06 04:30:00,31.01,13.558,1.647,6.07,48.3,1015.37,22.349,normal,4,5,0,22.330026,1.0,36.8449,6.198333333333333,0.6103578185512617,0.2759999999999998,0,0.12881650052223503,0
2024-01-06 04:35:00,38.16,12.973,2.0,9.17,40.63,1005.56,23.958,critical,4,5,0,25.946,0.92337932629307,84.0889,6.805,1.26795504652175,0.5849999999999991,2,0.8727090494381151,1
2024-01-06 04:40:00,29.03,13.602,1.431,12.75,47.7,1007.62,17.501,warning,4,5,0,19.464462,0.8991258016789778,162.5625,7.94,2.6421203606194674,0.6289999999999996,1,0.6860100557949198,1
2024-01-06 04:45:00,31.17,13.124,1.63,7.51,44.59,1008.74,21.31,normal,4,5,0,21.39212,0.9961612032842,56.4001,7.966666666666668,2.635774396010897,0.4779999999999997,0,0.4958546690564313,1
2024-01-06 04:50:00,31.35,13.275,1.765,6.67,40.85,1011.39,23.407,normal,4,5,0,23.430375,0.9990023633851358,44.4889,8.058333333333332,2.567383233307137,0.1509999999999998,0,0.3460055977375416,0
2024-01-06 04:55:00,28.49,13.091,1.842,6.67,43.79,1019.44,24.09,normal,4,5,0,24.113622,0.9990203877293922,44.4889,8.139999999999999,2.502662582131267,0.184000000000001,0,0.28176229816872833,0
