timestamp;temp;voltage;current;vibration;humidity;pressure;power;status
01/01/2024 00:00;24.83;12.605;0.975;3.55;54.48;1012.33;12.335;normal
01/01/2024 00:05;25.65;12.598;1.059;4.13;57.07;1013.78;13.291;normal
01/01/2024 00:10;25.3;12.906;1.339;11.68;58.93;1013.25;15.572;warning
01/01/2024 00:15;25.3;12.427;0.684;13.09;57.35;1006.32;7.62;critical
01/01/2024 00:20;26.02;12.456;1.042;4.7;51.99;1012.48;12.982;normal
01/01/2024 00:25;25.55;12.43;1.09;4.37;54.25;1021.4;13.665;normal
01/01/2024 00:30;24.02;12.713;0.874;5.54;51.7;1017.61;11.07;normal
01/01/2024 00:35;23.82;12.722;1.157;14.38;52.7;1002.42;13.363;critical
01/01/2024 00:40;24.31;12.703;1.044;4.87;59.02;1002.45;13.226;normal
01/01/2024 00:45;24.65;12.6;1.322;4.28;49.48;1006.51;16.656;normal
01/01/2024 00:50;25.55;12.309;1.122;4.69;55.42;1005.6;13.872;normal
01/01/2024 00:55;24.96;12.458;0.931;4.12;60.86;1010.85;11.589;normal
01/01/2024 01:00;37.5;12.435;1.662;7.61;51.28;1006.95;18.992;warning
01/01/2024 01:05;27.93;12.504;1.197;14.65;51.07;1010.81;13.479;critical
01/01/2024 01:10;27.93;14.0;0.77;4.57;48.5;1012.27;10.775;critical
01/01/2024 01:10;27.93;14.0;0.77;4.57;48.5;1012.27;10.775;critical
01/01/2024 01:20;24.46;12.534;1.367;4.79;51.71;1007.11;17.145;normal
01/01/2024 01:25;26.52;12.692;1.237;4.98;52.65;1005.46;15.712;normal
01/01/2024 01:30;26.42;12.573;1.253;4.97;50.67;1019.31;15.652;normal
01/01/2024 01:35;25.5;12.785;1.204;4.75;51.38;1006.95;15.308;normal
01/01/2024 01:40;27.56;12.984;1.292;5.22;56.53;1015.92;16.752;normal
01/01/2024 01:45;26.83;12.832;1.266;5.01;55.88;1015.43;16.28;normal
01/01/2024 01:50;24.09;12.825;1.247;5.16;55.97;1018.03;15.956;normal
01/01/2024 01:55;25.15;12.516;1.324;5.15;54.32;1021.54;16.65;normal
01/01/2024 02:00;26.56;13.046;1.31;5.43;48.98;1022.04;17.093;normal
01/01/2024 02:05;27.58;12.947;1.512;5.93;51.02;1012.81;19.63;normal
01/01/2024 02:10;26.78;11.618;1.387;5.94;53.35;1015.5;16.178;warning
01/01/2024 02:15;28.37;12.937;1.364;5.72;47.6;1010.91;17.672;normal
01/01/2024 02:20;26.69;12.848;1.35;5.31;47.37;1025.68;17.395;normal
01/01/2024 02:25;28.38;13.102;1.45;5.63;48.4;1012.88;19.05;normal
01/01/2024 02:30;26.52;12.972;1.375;5.2;49.32;1023.83;17.858;normal
01/01/2024 02:35;27.27;14.0;1.46;7.04;51.69;1009.74;20.435;warning
01/01/2024 02:40;28.88;12.893;1.455;6.61;54.81;1006.5;18.761;normal
01/01/2024 02:45;26.89;12.81;1.457;5.76;48.23;1012.58;18.744;normal
01/01/2024 02:50;25.76;13.047;1.458;5.37;44.54;1009.78;19.122;normal
01/01/2024 02:55;28.18;12.939;1.536;6.27;44.29;1016.32;19.912;normal
01/01/2024 03:00;27.72;10.0;0.969;5.12;46.67;1010.61;9.148;warning
01/01/2024 03:05;30.95;13.562;1.787;14.08;49.86;1001.65;21.784;critical
01/01/2024 03:10;27.54;13.104;1.605;6.69;48.56;1014.21;21.118;normal
01/01/2024 03:15;26.18;13.392;1.569;6.5;47.15;1021.45;21.003;normal
01/01/2024 03:20;29.28;13.18;1.462;6.59;47.58;1017.58;19.243;normal
01/01/2024 03:25;30.04;13.2;1.706;7.41;44.98;1012.58;22.52;normal
01/01/2024 03:30;26.68;12.984;1.687;6.58;46.78;1012.55;21.883;normal
01/01/2024 03:35;29.45;13.151;1.657;5.93;50.69;1005.19;21.815;normal
01/01/2024 03:40;29.41;10.266;0.765;5.79;50.18;1021.4;7.512;warning
01/01/2024 03:45;27.0;13.242;1.411;6.45;45.82;1006.67;18.693;normal
01/01/2024 03:50;27.83;13.066;1.707;6.27;51.04;1016.67;22.229;normal
01/01/2024 03:55;28.66;13.224;1.599;6.11;49.9;1017.44;21.085;normal
01/01/2024 04:00;30.2;13.374;1.816;7.5;47.92;1021.7;24.29;normal
01/01/2024 04:05;36.25;12.684;1.911;9.25;44.93;1009.67;22.226;warning
01/01/2024 04:10;26.23;14.0;1.88;4.73;40.28;1004.71;26.282;warning
01/01/2024 04:15;29.48;13.276;1.658;11.6;46.41;1021.55;19.849;warning
01/01/2024 04:20;28.7;13.595;1.775;6.87;45.93;1014.08;24.081;normal
01/01/2024 04:25;29.0;10.0;0.821;6.13;47.18;1019.04;7.75;warning
01/01/2024 04:30;30.94;13.363;1.599;6.38;50.84;1001.17;21.346;normal
01/01/2024 04:35;29.58;13.391;1.66;6.83;49.49;1018.34;22.203;normal
01/01/2024 04:40;29.46;13.334;1.692;6.5;45.84;1012.03;22.54;normal
01/01/2024 04:45;28.96;13.437;1.705;6.18;46.57;1010.0;22.911;normal
01/01/2024 04:50;27.06;12.739;1.615;6.24;46.32;1015.48;20.632;normal
01/01/2024 04:55;29.67;12.999;1.745;6.7;42.07;1013.39;22.735;normal
01/01/2024 05:00;31.1;13.476;1.726;6.27;43.4;1011.35;23.208;normal
01/01/2024 05:05;31.5;13.45;1.729;7.61;49.0;1015.8;23.304;normal
01/01/2024 05:10;29.52;13.417;1.748;7.05;45.08;1010.67;23.356;normal
01/01/2024 05:15;29.34;13.439;1.705;7.12;44.44;1023.43;22.868;normal
01/01/2024 05:20;29.79;13.673;1.747;7.29;48.61;1003.96;23.818;normal
01/01/2024 05:25;28.04;12.993;1.781;11.34;47.27;1017.65;20.883;warning
01/01/2024 05:30;28.01;13.265;1.799;6.83;50.64;1019.42;23.872;normal
01/01/2024 05:35;30.28;13.727;1.865;6.38;43.81;1015.53;25.6;normal
01/01/2024 05:40;30.0;13.214;1.784;6.65;46.54;1012.19;23.507;normal
01/01/2024 05:45;27.7;13.525;1.738;7.53;45.65;1016.54;23.446;normal
01/01/2024 05:50;30.08;13.431;1.714;6.91;40.91;1017.48;23.046;normal
01/01/2024 05:55;30.04;13.409;1.794;7.48;46.76;1003.09;24.034;normal
01/01/2024 06:00;26.75;13.537;1.854;7.04;42.58;1012.25;25.105;normal
01/01/2024 06:05;29.06;13.469;1.913;7.72;44.49;1020.52;25.665;normal
01/01/2024 06:10;30.14;13.52;1.824;7.53;41.98;1009.97;24.64;normal
01/01/2024 06:15;30.53;13.595;1.861;7.52;42.27;1020.56;25.247;normal
01/01/2024 06:20;33.62;13.527;1.745;6.46;48.75;1019.91;23.597;normal
01/01/2024 06:25;27.77;13.492;1.699;6.48;47.1;1018.11;22.955;normal
01/01/2024 06:30;29.74;13.527;1.828;7.55;46.07;1021.56;24.728;normal
01/01/2024 06:35;29.17;13.733;1.683;7.22;43.62;1014.09;23.191;normal
01/01/2024 06:40;29.03;10.986;0.956;4.94;41.88;1006.76;9.999;warning
01/01/2024 06:45;30.89;13.663;1.886;6.63;44.97;1005.21;25.655;normal
01/01/2024 06:50;28.6;13.521;1.773;7.34;44.99;1014.5;24.08;normal
01/01/2024 06:55;38.78;13.189;2.0;9.81;47.02;1006.27;24.282;critical
01/01/2024 07:00;30.49;13.335;1.733;7.28;48.96;1008.38;23.062;normal
01/01/2024 07:05;27.75;13.725;1.725;6.39;43.12;1021.09;23.659;normal
01/01/2024 07:10;29.41;13.437;1.891;6.86;47.78;1019.0;25.36;normal
01/01/2024 07:15;29.5;13.65;1.823;13.49;46.43;1018.25;22.372;critical
01/01/2024 07:20;32.16;13.396;1.678;6.72;50.92;1009.56;22.608;normal
01/01/2024 07:25;31.9;13.553;1.693;6.79;48.19;1009.53;22.887;normal
01/01/2024 07:30;29.5;13.452;1.64;7.67;50.97;1017.45;21.959;normal
01/01/2024 07:35;29.7;13.138;1.844;12.93;46.92;1009.36;21.845;warning
01/01/2024 07:40;31.22;13.616;1.68;6.71;45.32;1017.44;22.833;normal
01/01/2024 07:45;30.12;13.493;1.912;7.71;47.09;1021.6;25.821;normal
01/01/2024 07:50;29.22;13.956;1.908;12.95;40.08;1006.32;24.035;warning
01/01/2024 07:55;28.05;13.439;1.693;6.75;41.93;1015.69;22.728;normal
01/01/2024 08:00;26.22;13.562;1.793;5.88;47.85;1008.13;24.348;normal
01/01/2024 08:05;28.42;13.571;2.0;13.73;44.4;1021.73;24.346;critical
01/01/2024 08:10;28.83;13.139;1.64;5.65;46.89;1004.87;21.633;normal
01/01/2024 08:15;29.94;13.176;1.679;6.75;45.56;1018.6;22.093;normal
01/01/2024 08:20;31.47;10.0;0.989;8.54;49.23;1009.75;9.401;warning
01/01/2024 08:25;30.8;13.502;1.602;6.29;43.71;1016.54;21.596;normal
01/01/2024 08:30;29.75;13.256;1.706;6.08;47.47;1009.7;22.586;normal
01/01/2024 08:35;30.33;13.336;1.588;6.36;46.22;1021.71;21.177;normal
01/01/2024 08:40;28.95;10.584;1.205;5.84;43.58;1008.64;12.081;warning
01/01/2024 08:45;27.61;13.544;1.634;6.47;43.25;1003.36;22.181;normal
01/01/2024 08:50;27.62;13.433;1.719;6.9;44.0;1017.23;22.962;normal
01/01/2024 08:55;28.55;14.0;1.924;4.71;39.83;1010.44;27.011;warning
01/01/2024 09:00;29.45;12.975;1.673;6.06;48.62;1021.91;21.7;normal
01/01/2024 09:05;27.79;13.308;1.574;6.76;49.38;1017.1;20.916;normal
01/01/2024 09:10;27.65;13.332;1.555;5.71;46.39;1006.97;20.685;normal
01/01/2024 09:15;27.65;13.0;1.601;6.31;45.41;1010.37;20.838;normal
01/01/2024 09:20;28.52;12.955;1.722;6.06;48.28;1020.42;22.25;normal
01/01/2024 09:25;26.89;14.0;1.478;3.18;45.41;1019.58;20.735;warning
01/01/2024 09:30;35.95;12.673;1.884;8.57;46.85;1010.04;21.929;warning
01/01/2024 09:35;27.07;13.166;1.632;11.08;47.42;1012.29;19.304;warning
01/01/2024 09:40;29.27;13.465;1.608;6.05;45.97;1020.74;21.678;normal
01/01/2024 09:45;29.2;13.471;1.594;6.3;49.94;1020.85;21.517;normal
01/01/2024 09:50;28.72;13.024;1.443;6.4;48.8;1012.62;18.77;normal
01/01/2024 09:55;28.49;13.27;1.423;5.72;40.7;1012.65;18.876;normal
01/01/2024 10:00;27.91;13.02;1.25;5.82;49.76;1006.97;16.293;normal
01/01/2024 10:05;27.72;12.873;1.35;5.01;49.14;1011.61;17.523;normal
01/01/2024 10:10;26.2;12.958;1.495;5.17;49.37;1010.84;19.382;normal
01/01/2024 10:15;25.6;12.913;1.5;5.56;50.72;1019.42;19.381;normal
01/01/2024 10:20;25.91;10.0;0.819;6.03;51.97;1010.57;7.689;warning
01/01/2024 10:25;26.0;12.949;1.353;6.34;48.62;1008.03;17.52;normal
01/01/2024 10:30;25.08;12.883;1.509;5.92;48.57;997.49;19.512;normal
01/01/2024 10:35;27.59;13.339;0.959;14.09;51.42;1016.24;11.459;critical
01/01/2024 10:40;26.37;12.743;1.466;14.35;56.81;1015.27;16.818;critical
01/01/2024 10:45;26.39;13.165;1.424;5.4;48.77;1018.34;18.707;normal
01/01/2024 10:50;28.03;12.999;1.245;11.36;46.71;1019.99;14.515;warning
01/01/2024 10:55;26.77;12.949;1.71;12.43;47.06;1008.52;19.921;warning
01/01/2024 11:00;25.98;12.726;1.296;5.4;49.2;1017.96;16.522;normal
01/01/2024 11:05;26.22;12.666;1.217;4.58;52.74;1012.93;15.46;normal
01/01/2024 11:10;24.41;13.095;1.265;5.57;57.78;1018.22;16.515;normal
01/01/2024 11:15;24.6;12.796;1.179;5.95;50.31;1010.42;15.017;normal
01/01/2024 11:20;24.76;13.922;1.347;3.94;53.54;1011.76;18.757;warning
01/01/2024 11:25;25.82;12.782;1.171;5.84;49.94;1007.52;14.949;normal
01/01/2024 11:30;26.63;12.851;1.246;4.95;53.53;1012.86;16.079;normal
01/01/2024 11:35;25.79;12.629;1.094;4.23;48.65;1014.74;13.701;normal
01/01/2024 11:40;24.88;12.907;1.147;4.49;59.56;1010.39;14.765;normal
01/01/2024 11:45;25.69;12.675;1.292;4.3;55.39;1016.0;16.268;normal
01/01/2024 11:50;39.55;12.304;1.399;7.21;54.58;1007.09;15.71;critical
01/01/2024 11:55;26.27;14.0;1.484;4.99;47.2;1016.35;20.739;warning
01/01/2024 12:00;24.27;12.28;0.934;11.93;57.58;1010.07;10.379;warning
01/01/2024 12:05;24.97;12.455;1.153;4.86;60.86;1020.95;14.398;normal
01/01/2024 12:10;24.48;12.484;1.017;3.83;52.54;1005.66;12.67;normal
01/01/2024 12:15;38.35;11.598;1.186;6.0;56.38;1008.75;12.698;critical
01/01/2024 12:20;37.7;11.901;1.363;6.97;55.2;1009.1;14.866;warning
01/01/2024 12:25;26.19;12.45;1.011;3.84;52.08;1010.16;12.652;normal
01/01/2024 12:30;23.9;12.702;1.029;4.51;57.75;1014.55;12.983;normal
01/01/2024 12:35;25.09;10.0;0.666;5.38;57.21;1023.27;6.241;warning
01/01/2024 12:40;23.75;12.585;1.068;4.38;54.94;1015.1;13.393;normal
01/01/2024 12:45;25.14;12.544;1.074;4.79;59.33;1009.2;13.518;normal
01/01/2024 12:50;22.74;12.42;1.265;11.87;54.53;1024.05;14.125;warning
01/01/2024 12:55;25.32;12.47;0.979;4.58;55.42;1018.19;12.219;normal
01/01/2024 13:00;24.88;12.02;0.726;3.13;55.91;1017.94;8.761;normal
01/01/2024 13:05;23.81;12.011;0.92;3.87;61.79;1024.5;11.076;normal
01/01/2024 13:10;23.83;10.955;0.594;4.79;61.86;1011.45;6.182;warning
01/01/2024 13:15;23.01;12.082;0.952;3.67;56.76;1009.41;11.516;normal
01/01/2024 13:20;22.31;12.131;0.906;3.85;63.64;1014.55;10.944;normal
01/01/2024 13:25;24.52;12.183;0.858;3.59;58.51;1011.45;10.426;normal
01/01/2024 13:30;24.58;12.411;0.845;3.96;54.06;1004.17;10.512;normal
01/01/2024 13:35;23.1;12.153;1.049;14.08;50.56;1016.92;11.46;critical
01/01/2024 13:40;23.76;14.0;1.144;2.67;56.1;1009.07;16.055;critical
01/01/2024 13:45;22.98;12.403;0.812;4.11;61.05;1011.85;9.995;normal
01/01/2024 13:50;25.14;12.072;0.959;4.21;59.53;1016.31;11.553;normal
01/01/2024 13:55;25.23;12.534;0.898;2.79;53.48;1017.11;11.397;normal
01/01/2024 14:00;21.98;11.981;0.581;3.93;68.29;1015.24;6.908;normal
01/01/2024 14:05;19.82;11.773;0.538;13.03;62.56;1019.41;5.744;critical
01/01/2024 14:10;21.24;12.183;0.596;3.16;53.4;1005.94;7.239;normal
01/01/2024 14:15;21.77;11.854;0.742;3.22;63.7;1019.4;8.834;normal
01/01/2024 14:20;18.7;12.326;0.787;3.93;63.33;1010.04;9.598;normal
01/01/2024 14:25;23.26;12.074;0.617;3.14;58.79;1013.87;7.465;normal
01/01/2024 14:30;20.06;10.0;0.309;2.71;58.34;1018.63;2.962;warning
01/01/2024 14:35;22.57;12.173;0.637;15.0;59.33;1007.57;6.967;critical
01/01/2024 14:40;21.06;12.212;0.655;2.53;60.67;1001.91;8.022;normal
01/01/2024 14:45;21.12;11.79;0.758;3.14;65.1;1014.62;8.951;normal
01/01/2024 14:50;22.28;11.896;0.788;2.58;61.23;1015.43;9.472;normal
01/01/2024 14:55;24.33;12.213;0.723;3.55;56.44;1012.97;8.772;normal
01/01/2024 15:00;21.17;11.663;0.412;1.97;65.57;1025.47;4.746;normal
01/01/2024 15:05;19.4;11.801;0.417;2.4;59.89;1014.8;4.927;normal
01/01/2024 15:10;20.23;11.7;0.714;1.83;59.81;1007.6;8.363;normal
01/01/2024 15:15;21.06;11.816;0.466;2.77;59.76;1014.89;5.472;normal
01/01/2024 15:20;20.82;13.351;0.518;2.8;61.11;1003.43;6.89;warning
01/01/2024 15:25;21.67;12.341;0.664;4.03;68.94;1017.52;8.25;warning
01/01/2024 15:30;21.43;11.663;0.575;2.77;64.62;1008.15;6.772;normal
01/01/2024 15:35;22.39;11.627;0.517;2.79;62.81;1003.56;6.032;normal
01/01/2024 15:40;21.87;11.84;0.527;2.29;61.81;1018.7;6.222;normal
01/01/2024 15:45;21.18;11.944;0.49;11.87;64.95;1005.78;5.331;warning
01/01/2024 15:50;21.34;11.758;0.533;3.5;60.96;1015.5;6.286;normal
01/01/2024 15:55;21.95;12.048;0.583;2.55;58.65;1020.53;6.97;normal
01/01/2024 16:00;21.7;11.46;0.395;1.81;65.87;1006.27;4.505;normal
01/01/2024 16:05;21.74;11.733;0.531;1.73;63.94;1017.81;6.184;normal
01/01/2024 16:10;37.62;10.878;0.706;4.64;63.23;1021.72;6.7;warning
01/01/2024 16:15;21.06;11.531;0.323;2.52;61.65;1004.63;3.696;normal
01/01/2024 16:20;21.09;11.774;0.295;2.17;59.54;1012.91;3.415;normal
01/01/2024 16:25;37.73;11.016;0.665;4.85;59.69;1007.22;6.753;warning
01/01/2024 16:30;19.78;11.527;0.582;3.19;56.16;1014.5;6.699;normal
01/01/2024 16:35;20.16;11.646;0.518;2.01;59.25;1006.16;6.017;normal
01/01/2024 16:40;22.19;11.489;0.514;2.42;57.51;1009.58;5.917;normal
01/01/2024 16:45;21.14;11.533;0.434;3.25;63.32;1020.78;4.997;normal
01/01/2024 16:50;22.2;11.637;0.426;2.63;63.46;1015.86;4.937;normal
01/01/2024 16:55;20.73;11.782;0.535;3.32;65.03;1009.72;6.332;normal
01/01/2024 17:00;20.07;11.387;0.217;1.99;61.11;1002.86;2.511;normal
01/01/2024 17:05;22.08;11.445;0.339;1.97;66.52;1010.49;3.926;normal
01/01/2024 17:10;19.58;11.67;0.205;2.41;68.32;1001.08;2.469;normal
01/01/2024 17:15;20.86;11.564;0.391;1.89;62.88;1017.91;4.453;normal
01/01/2024 17:20;20.66;11.414;0.324;2.25;58.44;1011.08;3.656;normal
01/01/2024 17:25;19.97;11.509;0.292;2.8;60.35;1012.8;3.385;normal
01/01/2024 17:30;21.72;11.463;0.397;3.25;62.69;1008.32;4.631;normal
01/01/2024 17:35;17.39;11.54;0.318;2.53;65.65;1018.9;3.613;normal
01/01/2024 17:40;19.4;11.451;0.248;2.49;64.45;1018.65;2.904;normal
01/01/2024 17:45;22.39;11.306;0.397;1.91;61.74;1014.14;4.511;normal
01/01/2024 17:50;39.01;10.658;0.743;5.16;61.39;1013.9;6.846;critical
01/01/2024 17:55;18.43;11.505;0.359;1.96;61.67;1005.74;4.182;normal
01/01/2024 18:00;17.72;11.599;0.232;1.66;66.1;1020.11;2.619;normal
01/01/2024 18:05;17.44;11.517;0.211;2.33;65.45;1011.09;2.36;normal
01/01/2024 18:10;19.35;11.605;0.301;2.47;64.78;1014.18;3.516;normal
01/01/2024 18:15;35.9;11.25;0.528;4.53;61.44;1024.82;5.512;warning
01/01/2024 18:20;19.74;10.0;0.231;2.63;67.54;1008.87;2.31;warning
01/01/2024 18:25;38.6;11.116;0.398;4.01;63.77;1014.95;4.063;critical
01/01/2024 18:30;19.32;11.255;0.183;14.45;65.43;1017.61;1.855;critical
01/01/2024 18:35;20.45;11.578;0.257;2.52;62.29;1009.37;2.99;normal
01/01/2024 18:40;37.88;10.83;0.649;5.75;63.76;1013.54;6.123;warning
01/01/2024 18:45;22.44;11.47;0.401;1.32;68.63;1012.35;4.555;normal
01/01/2024 18:50;20.82;11.484;0.251;1.62;69.03;1011.25;2.806;normal
01/01/2024 18:55;19.72;11.392;0.286;2.15;62.88;1015.76;3.356;normal
01/01/2024 19:00;20.99;11.589;0.248;1.99;67.29;1018.79;2.873;normal
01/01/2024 19:05;21.24;11.259;0.292;2.55;67.54;1016.13;3.303;normal
01/01/2024 19:10;19.9;11.654;0.299;1.78;64.14;1022.73;3.512;normal
01/01/2024 19:15;22.7;11.625;0.448;2.07;62.5;1025.41;5.124;normal
01/01/2024 19:20;21.76;11.39;0.297;2.45;62.29;1011.27;3.312;normal
01/01/2024 19:25;20.54;11.969;0.521;1.45;63.64;1018.29;6.181;warning
01/01/2024 19:30;20.96;11.715;0.284;1.84;64.96;1016.32;3.341;normal
01/01/2024 19:35;19.61;11.381;0.301;1.73;67.23;1016.53;3.482;normal
01/01/2024 19:40;17.35;11.56;0.279;1.98;62.47;1007.58;3.168;normal
01/01/2024 19:45;21.47;11.493;0.436;1.1;62.79;1011.69;4.969;normal
01/01/2024 19:50;18.39;11.529;0.315;1.6;59.74;1019.03;3.63;normal
01/01/2024 19:55;18.86;11.419;0.427;2.11;61.66;1007.87;4.937;normal
01/01/2024 20:00;20.78;11.721;0.29;2.71;62.38;1029.33;3.296;normal
01/01/2024 20:05;21.09;11.713;0.426;1.97;64.5;1015.32;4.951;normal
01/01/2024 20:10;39.29;10.989;0.649;4.51;60.44;1017.31;6.145;critical
01/01/2024 20:15;20.28;11.639;0.272;2.69;63.33;1016.67;3.075;normal
01/01/2024 20:20;19.72;11.706;0.557;2.77;66.7;1017.15;6.483;normal
01/01/2024 20:25;21.12;11.489;0.58;2.57;64.0;1024.48;6.613;normal
01/01/2024 20:30;23.48;11.586;0.42;2.53;59.38;1007.79;4.898;normal
01/01/2024 20:35;21.27;11.495;0.378;14.87;61.09;1017.29;3.961;critical
01/01/2024 20:40;21.1;11.706;0.309;12.45;65.11;1008.35;3.41;warning
01/01/2024 20:45;18.91;11.728;0.496;2.69;69.28;1004.76;5.841;normal
01/01/2024 20:50;18.86;11.47;0.303;2.24;65.17;1014.71;3.497;normal
01/01/2024 20:55;21.7;11.726;0.434;2.84;63.74;1009.97;5.041;normal
01/01/2024 21:00;21.05;11.684;0.479;2.42;64.84;1013.92;5.624;normal
01/01/2024 21:05;36.9;11.234;0.666;4.59;62.89;1023.59;6.933;warning
01/01/2024 21:10;21.96;11.792;0.58;2.26;59.03;1016.28;6.792;normal
01/01/2024 21:15;21.66;12.137;0.414;2.11;63.42;1008.07;5.003;normal
01/01/2024 21:20;36.57;11.097;0.963;4.63;64.45;1002.1;9.821;warning
01/01/2024 21:25;20.99;11.742;0.552;2.28;58.79;1009.03;6.53;normal
01/01/2024 21:30;22.48;11.44;0.458;1.97;58.92;1008.87;5.258;normal
01/01/2024 21:35;20.54;11.384;0.358;13.29;63.01;1009.1;3.649;critical
01/01/2024 21:40;19.4;11.648;0.575;3.41;70.27;1021.23;6.661;normal
01/01/2024 21:45;19.42;12.039;0.498;2.57;60.63;1004.9;6.004;normal
01/01/2024 21:50;19.72;12.017;0.507;2.06;59.42;1019.84;6.142;normal
01/01/2024 21:55;22.71;11.801;0.415;2.65;61.39;1017.63;4.849;normal
01/01/2024 22:00;21.91;11.862;0.675;3.48;56.0;1019.52;8.01;normal
01/01/2024 22:05;19.85;12.238;0.642;3.76;63.86;1023.63;7.872;normal
01/01/2024 22:10;23.83;11.947;0.736;3.34;56.81;1013.96;8.77;normal
01/01/2024 22:15;35.8;11.339;1.064;5.02;56.48;1011.41;11.073;warning
01/01/2024 22:20;22.93;11.925;0.64;2.83;57.97;1008.07;7.605;normal
01/01/2024 22:25;22.27;11.727;0.805;3.85;58.05;1013.16;9.457;normal
01/01/2024 22:30;23.48;10.053;0.432;4.26;57.74;1014.23;4.058;warning
01/01/2024 22:35;21.02;12.069;0.697;3.57;59.31;1008.15;8.441;normal
01/01/2024 22:40;23.25;11.989;0.637;3.46;64.21;1006.77;7.586;normal
01/01/2024 22:45;21.11;11.918;0.678;3.03;52.13;992.63;8.131;normal
01/01/2024 22:50;23.57;11.549;0.775;12.08;60.94;1016.25;8.086;warning
01/01/2024 22:55;21.33;11.926;0.499;13.83;60.65;1013.75;5.378;critical
01/01/2024 23:00;23.15;12.873;0.818;12.73;57.14;1020.81;9.5;warning
01/01/2024 23:05;23.67;12.405;0.856;3.32;60.0;1004.23;10.694;normal
01/01/2024 23:10;20.15;12.029;0.587;10.83;61.17;1013.71;6.377;warning
01/01/2024 23:15;24.33;12.205;0.954;3.5;57.87;1015.02;11.713;normal
01/01/2024 23:20;23.47;11.901;1.025;4.58;59.88;1023.96;12.223;normal
01/01/2024 23:25;21.08;12.317;0.811;3.63;63.61;1012.43;9.898;normal
01/01/2024 23:30;23.84;12.254;0.781;4.13;53.09;1005.14;9.502;normal
01/01/2024 23:35;21.87;12.374;0.826;4.28;60.6;1016.99;10.207;normal
01/01/2024 23:40;25.78;12.0;0.817;3.45;57.67;1011.95;9.861;normal
01/01/2024 23:45;24.28;12.208;1.005;3.51;58.23;1019.23;12.325;normal
01/01/2024 23:50;22.44;12.43;0.969;4.37;56.19;1007.95;12.02;normal
01/01/2024 23:55;23.86;12.339;0.842;3.75;59.61;1007.95;10.365;normal
02/01/2024 00:00;24.58;12.451;1.05;4.98;53.57;1017.38;13.098;normal
02/01/2024 00:05;24.59;12.522;1.166;4.49;52.96;1016.11;14.598;normal
02/01/2024 00:10;24.37;12.724;1.001;3.63;55.23;1014.35;12.789;normal
02/01/2024 00:15;24.91;12.492;1.013;4.1;55.78;1014.7;12.749;normal
02/01/2024 00:20;35.04;11.795;1.343;7.43;58.92;1013.06;14.554;warning
02/01/2024 00:25;24.5;13.659;0.943;5.36;51.12;1017.81;12.89;warning
02/01/2024 00:30;24.12;12.478;0.986;4.61;53.61;1009.43;12.299;normal
02/01/2024 00:35;26.4;12.697;0.96;4.95;49.98;1015.27;12.208;normal
02/01/2024 00:40;22.92;12.463;1.027;4.56;55.2;1018.91;12.794;normal
02/01/2024 00:45;24.33;12.687;1.003;4.41;57.0;1004.31;12.58;normal
02/01/2024 00:50;25.64;12.572;1.227;4.98;58.58;1016.53;15.41;normal
02/01/2024 00:55;24.57;12.343;0.987;4.02;59.61;1013.68;12.195;normal
02/01/2024 01:00;38.25;12.212;1.496;6.3;58.35;1019.44;16.764;critical
02/01/2024 01:05;27.14;13.1;1.224;5.04;51.77;1013.47;15.998;normal
02/01/2024 01:10;24.77;12.934;1.251;4.8;52.63;1013.86;16.23;normal
02/01/2024 01:15;26.7;11.277;1.422;4.13;50.32;1006.08;16.03;warning
02/01/2024 01:20;27.96;12.763;1.275;4.91;51.75;1005.83;16.32;normal
02/01/2024 01:25;28.02;12.758;1.238;5.2;55.95;1007.46;15.788;normal
02/01/2024 01:30;38.57;12.086;1.552;6.84;53.22;1016.3;17.295;critical
02/01/2024 01:35;25.76;12.736;1.221;5.25;54.21;1006.06;15.61;normal
02/01/2024 01:40;27.46;12.272;1.27;11.46;53.28;1021.61;14.045;warning
02/01/2024 01:45;38.98;12.643;1.622;6.13;52.55;1018.74;18.804;critical
02/01/2024 01:50;24.65;12.739;1.248;4.66;51.31;1012.71;15.895;normal
02/01/2024 01:55;25.27;13.149;1.192;5.4;54.79;1029.47;15.705;normal
02/01/2024 02:00;28.34;10.945;1.287;4.91;50.59;1016.5;13.423;critical
02/01/2024 02:05;29.13;14.0;1.641;6.13;51.69;1016.39;22.989;warning
02/01/2024 02:10;27.8;13.074;1.342;6.09;46.09;1015.01;17.579;normal
02/01/2024 02:15;27.32;13.125;1.527;6.11;49.16;1017.4;19.973;normal
02/01/2024 02:20;29.71;13.058;1.366;6.22;51.43;1011.77;17.82;normal
02/01/2024 02:25;26.66;12.762;1.464;5.75;50.75;1012.91;18.739;normal
02/01/2024 02:30;36.86;12.406;1.82;8.6;48.45;1024.27;20.768;warning
02/01/2024 02:35;29.69;10.0;0.735;5.68;51.09;1013.3;6.953;warning
02/01/2024 02:40;27.68;13.224;1.447;5.91;45.02;1008.01;19.166;normal
02/01/2024 02:45;27.87;12.973;1.427;6.17;52.24;1014.18;18.459;normal
02/01/2024 02:50;28.3;13.097;1.583;5.05;52.25;1014.82;20.721;normal
02/01/2024 02:55;28.19;12.983;1.336;5.59;44.94;1023.45;17.396;normal
02/01/2024 03:00;27.8;13.269;1.747;6.3;46.49;1015.44;23.164;normal
02/01/2024 03:05;36.33;11.908;2.0;7.81;47.73;1015.51;21.946;warning
02/01/2024 03:10;28.52;13.361;1.449;6.57;50.98;1004.19;19.42;normal
02/01/2024 03:15;29.18;13.189;1.678;6.06;43.58;1014.23;22.101;normal
02/01/2024 03:20;28.24;13.144;1.667;6.57;54.11;1012.07;21.931;normal
02/01/2024 03:25;28.82;13.209;1.667;6.85;51.53;1026.42;22.104;normal
02/01/2024 03:30;27.41;13.432;1.512;6.83;47.65;1014.13;20.228;normal
02/01/2024 03:35;29.66;13.153;1.566;6.52;47.22;1018.62;20.664;normal
02/01/2024 03:40;30.98;13.388;1.768;5.87;49.91;998.26;23.562;normal
02/01/2024 03:45;28.73;13.158;1.565;6.03;45.85;1009.84;20.576;normal
02/01/2024 03:50;39.84;12.834;1.846;8.24;50.77;1011.11;21.729;critical
02/01/2024 03:55;29.79;13.632;1.606;6.13;51.76;1014.28;21.875;normal
02/01/2024 04:00;27.67;13.366;1.729;6.66;48.81;1008.73;23.134;normal
02/01/2024 04:05;30.52;14.0;1.758;7.64;46.36;1011.27;24.557;warning
02/01/2024 04:10;29.06;13.496;1.617;7.78;44.69;1023.38;21.85;normal
02/01/2024 04:15;29.66;13.419;1.678;6.09;42.89;1019.87;22.479;normal
02/01/2024 04:20;29.03;12.438;1.687;4.71;46.42;1016.37;20.945;warning
02/01/2024 04:25;27.62;13.43;1.611;6.49;45.24;1012.21;21.64;normal
02/01/2024 04:30;29.37;13.299;1.704;6.86;51.1;1018.85;22.73;normal
02/01/2024 04:35;30.68;13.541;1.749;6.42;45.85;1020.87;23.652;normal
02/01/2024 04:40;28.41;13.521;1.723;6.58;44.31;1017.26;23.392;normal
02/01/2024 04:45;28.7;13.302;1.729;6.18;45.67;1012.11;23.001;normal
02/01/2024 04:50;28.47;13.589;1.673;7.27;49.09;1015.22;22.709;normal
02/01/2024 04:55;29.42;13.547;1.613;6.4;48.86;1003.71;21.723;normal
02/01/2024 05:00;28.34;13.552;1.759;6.99;49.74;1024.71;23.87;normal
02/01/2024 05:05;30.3;13.169;2.0;14.04;45.66;1011.36;23.759;critical
02/01/2024 05:10;30.63;13.486;1.768;6.71;39.74;1009.2;23.78;normal
02/01/2024 05:15;29.95;13.623;1.81;6.86;43.9;1017.57;24.726;normal
02/01/2024 05:20;31.12;14.0;1.887;6.74;46.68;1001.24;26.46;warning
02/01/2024 05:25;31.12;13.936;2.0;7.12;45.05;1011.42;27.859;warning
02/01/2024 05:30;30.75;13.521;1.743;7.45;40.72;1013.49;23.558;normal
02/01/2024 05:35;30.27;13.574;1.81;7.82;43.23;1005.51;24.564;normal
02/01/2024 05:40;27.81;13.536;1.833;6.65;49.08;1004.75;24.81;normal
02/01/2024 05:45;31.3;14.0;1.865;6.89;40.38;1016.86;26.155;warning
02/01/2024 05:50;28.65;13.361;1.688;6.95;46.01;1021.03;22.608;normal
02/01/2024 05:55;29.5;11.989;2.0;8.13;42.73;1011.25;24.074;warning
02/01/2024 06:00;29.48;13.475;1.809;7.16;42.29;1005.78;24.292;normal
02/01/2024 06:05;32.64;13.337;1.798;7.9;45.37;1008.11;23.935;normal
02/01/2024 06:10;32.95;13.434;1.85;6.26;43.03;1008.08;24.869;normal
02/01/2024 06:15;30.54;13.608;1.843;6.6;42.3;1018.75;25.038;normal
02/01/2024 06:20;28.69;13.714;1.792;7.25;44.57;1015.74;24.546;normal
02/01/2024 06:25;29.39;13.713;1.725;13.3;38.85;1011.97;21.256;critical
02/01/2024 06:30;28.26;13.37;1.839;7.77;39.19;995.81;24.605;normal
02/01/2024 06:35;29.3;13.395;1.838;5.94;44.15;1012.38;24.592;normal
02/01/2024 06:40;28.74;12.496;2.0;6.57;48.24;1003.51;24.972;warning
02/01/2024 06:45;29.3;13.61;1.75;6.52;46.01;1024.98;23.789;normal
02/01/2024 06:50;30.29;13.352;1.748;7.06;45.67;1007.75;23.394;normal
02/01/2024 06:55;31.24;14.0;2.0;7.75;41.96;1011.85;28.009;critical
02/01/2024 07:00;30.28;13.62;1.806;7.13;40.97;1028.3;24.681;normal
02/01/2024 07:05;29.2;13.211;1.697;7.13;44.53;1015.29;22.368;normal
02/01/2024 07:10;30.42;13.767;1.722;6.94;49.05;1013.22;23.645;normal
02/01/2024 07:15;29.94;14.0;2.0;6.88;45.37;1012.56;28.04;warning
02/01/2024 07:20;36.8;13.339;2.0;10.65;41.34;1006.42;21.846;warning
02/01/2024 07:25;30.32;13.389;1.748;6.43;45.11;1009.85;23.458;normal
02/01/2024 07:30;32.22;13.651;1.892;6.89;46.77;1012.73;25.822;normal
02/01/2024 07:35;29.63;13.303;1.748;7.36;44.19;1007.21;23.317;normal
02/01/2024 07:40;29.14;13.278;1.74;6.75;43.49;1008.34;23.115;normal
02/01/2024 07:45;29.34;13.544;1.807;7.04;45.05;1010.05;24.511;normal
02/01/2024 07:50;29.03;13.346;1.72;6.92;45.05;1011.55;22.996;normal
02/01/2024 07:55;29.39;10.548;1.139;7.32;49.82;1013.15;11.444;warning
02/01/2024 08:00;29.88;13.299;1.708;6.73;47.4;1030.83;22.727;normal
02/01/2024 08:05;28.79;13.593;1.701;6.51;51.56;1009.23;23.166;normal
02/01/2024 08:10;27.91;13.144;1.586;7.43;47.69;1017.95;20.897;normal
02/01/2024 08:15;29.83;13.338;1.784;5.94;49.11;1017.65;23.742;normal
02/01/2024 08:20;27.61;13.449;1.683;6.09;49.85;1019.04;22.668;normal
02/01/2024 08:25;29.91;13.499;1.819;6.8;42.06;1015.45;24.626;normal
02/01/2024 08:30;26.58;13.327;1.713;6.63;50.94;1022.88;22.872;normal
02/01/2024 08:35;28.82;13.171;1.817;6.56;42.01;1013.86;23.9;normal
02/01/2024 08:40;30.57;13.367;1.773;6.44;45.93;1010.44;23.656;normal
02/01/2024 08:45;30.14;13.362;1.785;7.48;43.09;1015.0;23.911;normal
02/01/2024 08:50;27.39;13.413;1.695;6.79;49.45;1016.16;22.806;normal
02/01/2024 08:55;28.61;13.435;1.754;6.24;47.59;1002.57;23.608;normal
02/01/2024 09:00;29.49;13.205;1.58;6.84;47.13;1010.71;20.901;normal
02/01/2024 09:05;27.79;13.202;1.653;6.12;46.19;1008.92;21.856;normal
02/01/2024 09:10;28.82;12.991;1.6;6.22;44.24;1015.17;20.762;normal
02/01/2024 09:15;38.51;13.121;1.704;8.14;45.81;1006.87;20.553;critical
02/01/2024 09:20;26.66;13.343;1.546;5.43;51.15;1018.13;20.652;normal
02/01/2024 09:25;28.42;14.0;1.534;3.24;46.53;1001.22;21.473;warning
02/01/2024 09:30;30.49;13.155;1.704;5.87;48.06;1006.96;22.481;normal
02/01/2024 09:35;27.55;13.095;1.489;5.82;50.47;1022.78;19.591;normal
02/01/2024 09:40;27.1;13.101;1.544;6.62;49.94;1011.4;20.237;normal
02/01/2024 09:45;27.92;13.311;1.496;5.95;42.93;1005.48;19.988;normal
02/01/2024 09:50;27.74;13.437;1.618;6.14;47.24;1015.38;21.708;normal
02/01/2024 09:55;25.37;13.145;1.449;5.66;49.57;1019.74;19.022;normal
02/01/2024 10:00;29.27;12.718;1.485;5.39;48.34;1007.18;18.91;normal
02/01/2024 10:05;27.55;12.972;1.565;6.5;49.27;1014.35;20.293;normal
02/01/2024 10:10;27.76;12.901;1.37;6.18;50.85;1013.87;17.618;normal
02/01/2024 10:15;26.3;12.863;1.487;5.97;48.02;1011.38;19.053;normal
02/01/2024 10:20;27.37;13.572;1.425;11.02;49.13;1008.42;17.473;warning
02/01/2024 10:25;25.75;12.964;1.351;5.05;47.99;1014.5;17.471;normal
02/01/2024 10:30;38.68;12.794;1.72;7.89;54.55;1015.28;20.243;critical
02/01/2024 10:35;28.21;13.04;1.416;6.36;50.18;1012.47;18.435;normal
02/01/2024 10:40;27.75;12.798;1.219;14.78;45.84;1015.81;13.954;critical
02/01/2024 10:45;27.23;12.818;1.56;5.52;52.02;1019.32;19.958;normal
02/01/2024 10:50;26.71;12.885;1.427;5.03;57.08;1007.99;18.422;normal
02/01/2024 10:55;28.23;10.654;0.765;5.6;50.26;1021.59;7.739;warning
02/01/2024 11:00;28.22;12.602;1.159;10.41;55.99;1014.12;13.109;warning
02/01/2024 11:05;28.93;12.576;1.272;5.83;56.95;1014.08;16.014;normal
02/01/2024 11:10;28.07;13.156;1.359;10.12;53.46;1009.5;16.124;warning
02/01/2024 11:15;26.23;12.801;1.378;5.54;51.6;1016.37;17.683;normal
02/01/2024 11:20;25.64;12.701;1.27;5.94;49.5;1014.85;16.133;normal
02/01/2024 11:25;28.13;12.841;1.178;5.14;54.33;1024.18;15.1;normal
02/01/2024 11:30;24.79;12.775;1.226;5.34;51.06;1026.45;15.691;normal
02/01/2024 11:35;26.25;12.657;1.194;6.14;47.06;1015.94;15.211;normal
02/01/2024 11:40;25.77;12.817;1.213;5.78;47.9;1000.92;15.564;normal
02/01/2024 11:45;25.11;12.811;1.236;4.81;54.74;1016.54;15.915;normal
02/01/2024 11:50;24.98;12.758;1.284;4.84;53.61;1015.99;16.324;normal
02/01/2024 11:55;28.18;12.747;1.351;5.48;54.09;1020.56;17.221;normal
02/01/2024 12:00;25.8;12.448;0.999;4.46;48.54;1005.84;12.454;normal
02/01/2024 12:05;25.48;12.694;1.11;5.03;58.24;1008.84;14.135;normal
02/01/2024 12:10;22.17;12.729;0.881;12.4;56.27;1017.54;10.052;warning
02/01/2024 12:15;23.05;12.506;1.107;4.7;56.74;1010.13;13.893;normal
02/01/2024 12:20;22.76;12.455;0.883;4.91;56.61;1022.21;10.94;normal
02/01/2024 12:25;25.61;12.397;1.039;5.56;51.36;1013.5;12.81;normal
02/01/2024 12:30;24.57;11.013;0.778;5.61;56.78;1017.82;8.517;warning
02/01/2024 12:35;23.01;12.338;1.042;5.02;56.44;1005.24;12.966;normal
02/01/2024 12:40;23.31;12.328;1.068;5.07;48.38;1012.39;13.211;normal
02/01/2024 12:45;25.44;10.497;0.65;4.42;56.97;1014.09;6.465;warning
02/01/2024 12:50;23.6;12.411;1.036;4.23;57.73;1003.01;12.819;normal
02/01/2024 12:55;23.7;10.364;0.607;3.37;50.32;1007.2;5.984;warning
02/01/2024 13:00;23.05;12.293;0.868;4.17;57.57;1014.22;10.619;normal
02/01/2024 13:05;25.16;12.237;0.916;10.11;59.19;1015.94;10.168;warning
02/01/2024 13:10;25.22;12.42;0.831;3.78;58.64;1017.48;10.319;normal
02/01/2024 13:15;24.46;12.479;0.871;3.64;61.51;1010.89;10.835;normal
02/01/2024 13:20;24.83;12.228;0.908;3.26;59.27;1025.05;11.129;normal
02/01/2024 13:25;21.57;12.219;0.784;3.21;59.42;1021.01;9.599;normal
02/01/2024 13:30;23.86;10.957;0.696;4.94;60.52;1016.13;7.206;warning
02/01/2024 13:35;24.77;12.175;0.937;3.49;55.02;1013.04;11.526;normal
02/01/2024 13:40;23.73;12.405;0.768;2.79;56.2;1007.26;9.578;normal
02/01/2024 13:45;21.67;10.0;0.513;3.47;58.16;1006.6;4.764;warning
02/01/2024 13:50;25.11;12.21;0.856;3.79;59.62;1008.54;10.392;normal
02/01/2024 13:55;23.5;12.36;0.863;12.82;56.15;1015.88;9.662;warning
02/01/2024 14:00;19.66;12.061;0.628;3.14;53.99;1009.76;7.521;normal
02/01/2024 14:05;22.0;11.82;0.734;14.75;63.93;1012.43;7.895;critical
02/01/2024 14:10;23.66;11.737;0.665;3.1;62.11;1015.42;7.751;normal
02/01/2024 14:15;23.59;11.948;0.655;3.21;61.87;1002.48;7.874;normal
02/01/2024 14:20;21.01;11.936;0.628;4.5;56.95;1018.5;7.576;normal
02/01/2024 14:25;23.23;12.205;0.526;2.92;61.59;1019.25;6.416;normal
02/01/2024 14:30;22.8;11.803;0.601;3.81;56.5;1010.36;7.115;normal
02/01/2024 14:35;22.42;11.917;0.705;4.03;59.51;1018.98;8.409;normal
02/01/2024 14:40;23.82;11.81;0.59;4.0;58.16;1011.85;6.987;normal
02/01/2024 14:45;25.55;12.081;0.76;2.7;57.07;1014.71;9.16;normal
02/01/2024 14:50;22.18;11.99;0.691;2.88;61.26;1008.38;8.24;normal
02/01/2024 14:55;22.91;12.036;0.556;4.04;57.77;1013.46;6.632;normal
02/01/2024 15:00;20.54;11.971;0.476;1.88;62.33;1005.17;5.658;normal
02/01/2024 15:05;22.05;11.758;0.598;2.73;57.53;1010.93;6.986;normal
02/01/2024 15:10;20.76;11.89;0.574;3.49;61.44;1011.35;6.854;normal
02/01/2024 15:15;21.13;11.782;0.577;3.22;61.89;1008.62;6.716;normal
02/01/2024 15:20;39.29;11.055;0.865;4.48;66.17;1014.77;8.755;critical
02/01/2024 15:25;23.82;11.897;0.644;2.23;64.95;1007.67;7.658;normal
02/01/2024 15:30;21.47;10.0;0.411;2.44;60.5;1006.79;3.911;warning
02/01/2024 15:35;20.43;11.805;0.581;3.01;61.77;1021.97;6.88;normal
02/01/2024 15:40;38.76;11.258;0.782;4.17;61.88;1017.74;8.123;critical
02/01/2024 15:45;18.45;11.54;0.554;2.13;58.45;1008.69;6.414;normal
02/01/2024 15:50;20.84;11.95;0.525;3.43;63.59;1003.65;6.353;normal
02/01/2024 15:55;20.45;11.952;0.535;2.61;59.36;1010.22;6.419;normal
02/01/2024 16:00;21.09;13.321;0.361;3.16;64.15;1017.49;4.764;warning
02/01/2024 16:05;22.13;11.228;0.347;2.24;60.56;1008.15;3.939;normal
02/01/2024 16:10;18.6;11.654;0.205;2.62;63.32;1010.71;2.437;normal
02/01/2024 16:15;19.41;11.364;0.499;2.74;66.49;1010.27;5.693;normal
02/01/2024 16:20;19.99;11.436;0.507;1.77;67.68;1010.99;5.875;normal
02/01/2024 16:25;19.92;11.681;0.368;2.37;60.41;1012.14;4.337;normal
02/01/2024 16:30;20.59;11.78;0.484;2.12;58.67;1014.48;5.782;normal
02/01/2024 16:35;21.35;11.588;0.378;2.79;53.8;1010.01;4.36;normal
02/01/2024 16:40;20.92;11.661;0.411;2.45;68.53;1010.08;4.724;normal
02/01/2024 16:45;22.76;11.156;0.174;2.54;65.87;1007.93;1.94;warning
02/01/2024 16:50;18.21;11.779;0.351;2.37;59.73;1016.41;4.156;normal
02/01/2024 16:55;20.23;11.652;0.403;2.06;66.55;1013.49;4.682;normal
02/01/2024 17:00;21.62;11.069;0.51;10.94;63.33;1006.54;5.02;warning
02/01/2024 17:05;21.12;11.772;0.352;1.77;62.49;1013.01;4.205;normal
02/01/2024 17:10;20.97;11.493;0.266;1.72;59.31;1011.88;3.008;normal
02/01/2024 17:15;20.08;11.568;0.241;2.24;66.58;1015.96;2.77;normal
02/01/2024 17:20;37.19;11.628;0.482;3.06;63.92;1016.11;5.182;warning
02/01/2024 17:25;20.43;11.362;0.319;1.97;67.73;1014.57;3.697;normal
02/01/2024 17:30;21.14;11.443;0.312;2.39;66.09;1016.75;3.547;normal
02/01/2024 17:35;20.03;11.496;0.385;2.03;64.98;1022.38;4.459;normal
02/01/2024 17:40;20.14;11.573;0.402;3.22;64.54;1010.35;4.624;normal
02/01/2024 17:45;21.22;11.345;0.259;2.13;68.73;1012.75;2.928;normal
02/01/2024 17:50;20.47;11.51;0.331;2.27;60.62;999.01;3.746;normal
02/01/2024 17:55;19.46;11.496;0.308;1.82;66.02;1020.76;3.546;normal
02/01/2024 18:00;19.1;11.749;0.274;2.44;60.43;1013.0;3.236;normal
02/01/2024 18:05;20.84;11.608;0.193;1.74;68.06;1018.42;2.18;normal
02/01/2024 18:10;22.07;11.482;0.24;2.76;64.93;1011.76;2.775;normal
02/01/2024 18:15;18.6;11.512;0.26;2.5;63.64;1005.26;3.039;normal
02/01/2024 18:20;18.8;11.236;0.346;1.47;66.14;1010.27;3.873;normal
02/01/2024 18:25;20.23;11.191;0.227;2.52;61.48;1011.73;2.533;normal
02/01/2024 18:30;20.39;11.396;0.176;2.23;70.43;1010.73;2.039;normal
02/01/2024 18:35;19.11;11.625;0.346;1.88;66.42;1020.24;4.046;normal
02/01/2024 18:40;20.11;11.367;0.36;1.52;65.27;1014.42;4.045;normal
02/01/2024 18:45;20.81;10.0;0.122;0.56;65.64;1012.8;1.123;warning
02/01/2024 18:50;19.9;11.26;0.227;1.59;58.7;1017.67;2.547;normal
02/01/2024 18:55;17.74;11.587;0.334;1.75;66.85;1014.97;3.892;normal
02/01/2024 19:00;19.31;11.472;0.322;1.23;61.41;1020.26;3.628;normal
02/01/2024 19:05;19.34;11.584;0.228;1.35;63.73;1006.95;2.639;normal
02/01/2024 19:10;18.58;11.403;0.48;2.07;63.8;1024.83;5.413;normal
02/01/2024 19:15;21.06;11.395;0.304;1.3;65.88;1008.29;3.438;normal
02/01/2024 19:20;19.33;11.533;0.322;2.17;67.2;1013.11;3.783;normal
02/01/2024 19:25;22.06;11.432;0.452;2.96;73.31;1013.71;5.135;normal
02/01/2024 19:30;21.42;11.45;0.28;2.16;62.91;1005.95;3.196;normal
02/01/2024 19:35;22.68;11.358;0.281;2.13;64.66;1017.62;3.211;normal
02/01/2024 19:40;19.55;11.558;0.341;1.88;67.73;1000.19;3.933;normal
02/01/2024 19:45;19.91;11.434;0.36;13.85;65.71;1007.51;3.694;critical
02/01/2024 19:50;20.14;11.442;0.418;2.29;58.82;1020.67;4.756;normal
02/01/2024 19:55;21.57;11.295;0.1;2.91;62.5;1021.22;1.114;normal
02/01/2024 20:00;20.21;11.743;0.354;2.82;63.07;1003.41;4.155;normal
02/01/2024 20:05;19.16;11.552;0.272;2.01;63.42;1019.03;3.146;normal
02/01/2024 20:10;19.43;11.442;0.404;2.73;66.05;994.0;4.554;normal
02/01/2024 20:15;21.45;11.569;0.439;1.93;62.36;1011.65;5.139;normal
02/01/2024 20:20;20.76;12.054;0.289;13.43;61.85;1006.47;3.18;critical
02/01/2024 20:25;22.28;11.573;0.369;2.54;67.88;1018.05;4.235;normal
02/01/2024 20:30;19.47;11.793;0.397;1.99;68.17;1010.7;4.602;normal
02/01/2024 20:35;37.63;11.131;0.407;2.96;59.67;1010.47;4.244;warning
02/01/2024 20:40;20.36;11.713;0.337;1.71;61.41;998.89;3.988;normal
02/01/2024 20:45;20.08;12.492;0.278;1.68;65.6;1016.13;3.501;warning
02/01/2024 20:50;21.09;11.963;0.445;2.14;67.42;1011.41;5.378;normal
02/01/2024 20:55;20.66;11.505;0.622;2.3;63.08;1010.74;7.153;normal
02/01/2024 21:00;36.71;11.656;0.649;5.53;61.93;1018.93;6.948;warning
02/01/2024 21:05;19.67;11.629;0.444;2.5;61.48;1019.37;5.137;normal
02/01/2024 21:10;22.98;11.594;0.46;2.81;60.56;1014.0;5.359;normal
02/01/2024 21:15;20.5;10.0;0.288;2.91;56.12;1018.36;2.762;warning
02/01/2024 21:20;21.32;11.722;0.43;3.95;60.19;1014.79;5.082;normal
02/01/2024 21:25;21.22;11.787;0.474;2.83;61.92;1001.86;5.612;normal
02/01/2024 21:30;24.92;11.656;0.472;2.53;63.51;1006.93;5.522;normal
02/01/2024 21:35;21.54;13.352;0.627;3.43;62.37;1009.84;8.455;warning
02/01/2024 21:40;21.87;11.771;0.281;2.74;64.44;1013.45;3.289;normal
02/01/2024 21:45;24.6;11.664;0.462;2.83;58.21;1017.67;5.377;normal
02/01/2024 21:50;21.66;11.604;0.435;2.22;61.8;1007.15;5.014;normal
02/01/2024 21:55;22.96;11.473;0.758;13.68;58.36;1006.48;7.771;critical
02/01/2024 22:00;21.99;11.898;0.716;3.51;59.35;1011.6;8.47;normal
02/01/2024 22:05;21.04;12.061;0.717;2.77;61.94;1019.82;8.644;normal
02/01/2024 22:10;21.92;12.102;0.737;2.95;61.27;999.09;8.929;normal
02/01/2024 22:15;20.9;12.158;0.613;2.23;57.45;1014.97;7.476;normal
02/01/2024 22:20;20.67;11.881;0.749;2.59;61.05;1015.07;8.958;normal
02/01/2024 22:25;19.57;12.009;0.691;14.34;59.46;1008.75;7.502;critical
02/01/2024 22:30;24.21;11.909;0.773;11.27;57.74;1015.5;8.352;warning
02/01/2024 22:35;20.22;13.185;0.745;3.82;61.52;1012.38;9.819;warning
02/01/2024 22:40;23.22;11.799;0.686;3.4;58.37;1005.32;8.078;normal
02/01/2024 22:45;23.05;11.969;0.705;4.48;63.86;1014.6;8.539;normal
02/01/2024 22:50;23.02;11.803;0.482;2.75;62.08;1008.06;5.689;normal
02/01/2024 22:55;21.37;12.222;0.586;3.3;65.0;1015.29;7.066;normal
02/01/2024 23:00;24.95;12.447;0.809;4.03;58.93;1021.56;10.074;normal
02/01/2024 23:05;24.11;12.446;0.923;3.16;50.06;1005.75;11.434;normal
02/01/2024 23:10;23.37;12.146;0.725;3.05;54.54;1015.68;8.762;normal
02/01/2024 23:15;22.78;12.513;0.941;13.98;57.13;1006.02;10.635;critical
02/01/2024 23:20;23.64;12.138;0.771;4.59;55.55;1008.35;9.375;normal
02/01/2024 23:25;25.37;12.182;0.952;3.88;56.74;1008.73;11.573;normal
02/01/2024 23:30;23.1;14.0;0.728;4.04;60.2;999.18;10.147;critical
02/01/2024 23:35;21.94;12.339;0.634;13.62;53.05;1007.72;7.016;critical
02/01/2024 23:40;25.07;12.302;1.229;13.13;58.77;1021.81;13.635;critical
02/01/2024 23:45;24.56;13.511;0.703;4.82;54.32;1006.8;9.551;warning
02/01/2024 23:50;22.14;12.414;0.84;3.95;61.66;1010.62;10.434;normal
02/01/2024 23:55;24.21;10.0;0.533;3.01;52.22;1012.6;5.066;warning
03/01/2024 00:00;35.58;12.056;1.184;6.44;58.59;1012.2;13.197;warning
03/01/2024 00:05;25.75;12.478;0.836;11.05;53.05;1015.15;9.401;warning
03/01/2024 00:10;25.94;12.488;1.096;5.45;49.94;1010.92;13.77;normal
03/01/2024 00:15;24.48;12.45;1.185;4.19;54.49;1005.69;14.726;normal
03/01/2024 00:20;24.67;12.535;1.056;4.63;52.62;1024.74;13.228;normal
03/01/2024 00:25;24.62;13.954;0.85;4.59;55.85;1005.71;11.789;warning
03/01/2024 00:30;24.29;12.459;1.149;5.17;51.74;1022.94;14.365;normal
03/01/2024 00:35;24.35;12.394;1.063;4.66;50.62;1015.51;13.273;normal
03/01/2024 00:40;23.03;12.646;1.09;3.5;50.56;1005.75;13.772;normal
03/01/2024 00:45;25.09;12.622;1.17;4.29;52.24;1013.86;14.752;normal
03/01/2024 00:50;26.77;12.372;1.076;3.9;58.33;1014.54;13.27;normal
03/01/2024 00:55;38.92;11.88;1.435;6.85;52.26;1007.79;15.622;critical
03/01/2024 01:00;26.45;12.922;1.137;5.2;56.82;1025.24;14.63;normal
03/01/2024 01:05;36.89;12.277;1.558;6.66;53.23;1009.64;17.518;warning
03/01/2024 01:10;27.32;12.637;1.272;5.37;46.69;1020.0;16.026;normal
03/01/2024 01:15;26.06;12.68;1.339;5.51;50.66;1011.14;16.956;normal
03/01/2024 01:20;27.5;12.744;1.478;5.22;51.29;1018.48;18.814;normal
03/01/2024 01:25;26.65;12.98;1.285;5.35;51.62;1018.54;16.637;normal
03/01/2024 01:30;27.84;12.991;1.211;5.59;47.81;1013.86;15.686;normal
03/01/2024 01:35;27.31;12.504;1.365;5.3;50.63;1007.19;17.044;normal
03/01/2024 01:40;28.08;12.802;1.228;4.58;52.34;1014.54;15.581;normal
03/01/2024 01:45;27.71;12.504;1.283;4.73;56.12;1017.36;16.011;normal
03/01/2024 01:50;26.91;12.706;1.287;5.77;55.65;1006.79;16.267;normal
03/01/2024 01:55;25.2;12.621;1.222;5.79;52.71;1020.06;15.414;normal
03/01/2024 02:00;27.34;13.027;1.398;4.33;48.59;1003.87;18.298;normal
03/01/2024 02:05;27.29;10.883;1.373;4.54;48.82;1013.53;14.135;critical
03/01/2024 02:10;26.71;12.687;1.475;5.35;53.05;1008.77;18.693;normal
03/01/2024 02:15;25.51;13.087;1.369;5.5;56.61;1011.99;17.925;normal
03/01/2024 02:20;26.59;12.931;1.37;5.74;47.29;1007.28;17.704;normal
03/01/2024 02:25;26.88;13.122;1.377;5.48;50.15;1022.3;18.065;normal
03/01/2024 02:30;29.47;12.922;1.36;6.14;44.77;1005.0;17.652;normal
03/01/2024 02:35;39.11;12.275;1.856;7.44;51.89;1011.47;20.905;critical
03/01/2024 02:40;28.68;13.027;1.403;5.67;49.73;1009.41;18.369;normal
03/01/2024 02:45;28.77;10.453;0.882;5.5;51.09;1006.25;8.82;warning
03/01/2024 02:50;26.59;12.859;1.229;5.51;50.99;1014.72;15.854;normal
03/01/2024 02:55;28.35;12.931;1.373;5.64;46.49;1022.19;17.844;normal
03/01/2024 03:00;28.48;13.262;1.516;5.51;51.9;1004.27;20.031;normal
03/01/2024 03:05;28.31;13.263;1.582;5.75;50.53;1012.78;21.014;normal
03/01/2024 03:10;28.1;13.094;1.56;6.15;45.36;1012.29;20.339;normal
03/01/2024 03:15;27.12;13.269;1.571;5.88;48.77;1020.94;20.816;normal
03/01/2024 03:20;28.69;13.117;1.607;6.65;43.61;1014.26;21.068;normal
03/01/2024 03:25;28.13;12.898;1.493;10.31;38.53;1018.66;17.291;warning
03/01/2024 03:30;25.49;13.481;1.782;6.86;54.35;1012.43;24.038;normal
03/01/2024 03:35;29.68;13.019;1.627;6.69;47.05;1010.72;21.215;normal
03/01/2024 03:40;28.52;13.304;1.668;10.19;48.73;1021.74;19.95;warning
03/01/2024 03:45;28.97;13.139;1.448;5.76;46.49;1018.24;19.032;normal
03/01/2024 03:50;28.23;13.253;1.528;5.46;42.5;1016.88;20.295;normal
03/01/2024 03:55;29.56;13.688;1.673;5.98;50.63;1012.71;22.862;normal
03/01/2024 04:00;29.99;13.153;1.729;7.27;44.16;1018.5;22.814;normal
03/01/2024 04:05;28.97;13.301;1.614;7.07;45.44;1018.69;21.432;normal
03/01/2024 04:10;29.45;13.446;1.591;7.24;47.09;1032.86;21.356;normal
03/01/2024 04:15;37.03;13.096;2.0;8.29;51.69;1010.6;24.165;warning
03/01/2024 04:20;31.59;13.31;1.817;7.02;44.11;1003.4;24.174;normal
03/01/2024 04:25;29.35;13.351;1.689;5.94;49.82;1008.41;22.47;normal
03/01/2024 04:30;29.56;13.183;1.716;6.44;45.11;1004.27;22.565;normal
03/01/2024 04:35;28.4;13.492;1.587;6.46;48.2;1014.56;21.426;normal
03/01/2024 04:40;28.72;13.715;1.747;6.75;42.89;1006.25;23.997;normal
03/01/2024 04:45;29.7;13.423;1.751;6.43;46.43;1009.36;23.49;normal
03/01/2024 04:50;29.76;11.82;1.449;6.37;42.24;1010.5;17.202;warning
03/01/2024 04:55;29.69;13.426;1.643;6.78;43.05;1015.33;22.094;normal
03/01/2024 05:00;31.47;13.705;1.853;6.75;41.42;1007.58;25.445;normal
03/01/2024 05:05;29.1;13.431;1.928;5.8;44.65;1029.4;25.839;normal
03/01/2024 05:10;29.77;13.531;1.804;7.53;43.91;1010.08;24.318;normal
03/01/2024 05:15;29.12;13.443;1.79;7.28;45.37;1014.77;23.985;normal
03/01/2024 05:20;28.14;13.38;1.764;7.51;43.99;1013.82;23.613;normal
03/01/2024 05:25;30.62;13.533;1.771;5.85;46.29;1005.57;23.97;normal
03/01/2024 05:30;30.4;13.564;1.935;7.51;45.65;1017.37;26.276;normal
03/01/2024 05:35;31.04;13.667;1.712;7.31;46.42;1014.74;23.414;normal
03/01/2024 05:40;30.89;13.355;1.747;7.34;45.01;1018.39;23.367;normal
03/01/2024 05:45;28.06;13.589;1.829;5.73;47.83;1013.94;24.909;normal
03/01/2024 05:50;28.95;13.17;1.753;7.03;43.29;1011.59;23.142;normal
03/01/2024 05:55;29.63;13.599;1.722;7.06;45.46;1002.04;23.526;normal
03/01/2024 06:00;28.72;13.944;1.868;6.94;50.49;1006.38;25.988;normal
03/01/2024 06:05;28.93;13.284;1.767;7.01;46.35;1016.4;23.474;normal
03/01/2024 06:10;28.16;13.538;2.0;7.74;43.25;1015.33;27.083;normal
03/01/2024 06:15;38.52;13.023;2.0;9.32;47.83;1005.82;23.962;critical
03/01/2024 06:20;29.94;13.377;1.787;7.01;42.94;1008.76;23.827;normal
03/01/2024 06:25;28.81;13.72;1.705;8.0;42.45;1015.42;23.283;normal
03/01/2024 06:30;29.76;13.458;1.805;6.52;44.36;1014.47;24.345;normal
03/01/2024 06:35;29.57;13.419;1.688;6.82;41.31;1013.48;22.645;normal
03/01/2024 06:40;28.0;13.297;1.685;11.86;48.22;1006.23;20.173;warning
03/01/2024 06:45;28.65;13.352;1.878;6.05;46.04;1016.24;25.029;normal
03/01/2024 06:50;36.95;13.183;2.0;8.31;42.86;1004.83;24.242;warning
03/01/2024 06:55;30.3;13.569;1.816;6.97;46.26;1015.05;24.576;normal
03/01/2024 07:00;30.74;13.464;1.758;6.95;48.43;1010.17;23.68;normal
03/01/2024 07:05;30.56;13.449;1.696;6.19;39.95;1007.61;22.736;normal
03/01/2024 07:10;29.98;13.173;1.704;6.61;41.63;1011.57;22.53;normal
03/01/2024 07:15;30.0;13.748;1.732;8.14;48.2;1010.25;23.79;normal
03/01/2024 07:20;29.35;13.381;1.607;7.0;43.48;1012.16;21.475;normal
03/01/2024 07:25;32.67;13.393;1.809;7.67;51.75;1007.23;24.158;normal
03/01/2024 07:30;38.84;12.617;2.0;9.37;47.3;1018.24;23.233;critical
03/01/2024 07:35;31.31;13.456;1.942;6.11;44.64;1004.35;26.136;normal
03/01/2024 07:40;25.99;13.586;1.74;7.35;42.66;1003.68;23.677;normal
03/01/2024 07:45;31.58;13.488;1.788;7.38;46.47;1014.0;24.085;normal
03/01/2024 07:50;31.29;13.769;1.555;14.88;46.58;1019.9;19.157;critical
03/01/2024 07:55;28.73;13.358;1.734;6.48;47.49;1007.27;23.152;normal
03/01/2024 08:00;28.09;13.308;1.781;6.34;45.99;1013.62;23.689;normal
03/01/2024 08:05;30.83;13.448;1.676;5.61;43.14;1007.4;22.532;normal
03/01/2024 08:10;28.1;13.219;1.925;6.22;48.41;1006.04;25.439;normal
03/01/2024 08:15;30.79;13.378;1.692;6.97;44.7;1012.51;22.573;normal
03/01/2024 08:20;29.7;14.0;1.462;6.91;48.06;1010.96;20.482;warning
03/01/2024 08:25;31.43;13.316;1.668;6.46;47.78;1017.18;22.176;normal
03/01/2024 08:30;30.45;13.106;1.404;12.4;52.24;1012.12;16.525;warning
03/01/2024 08:35;29.69;13.221;1.719;12.31;43.16;998.07;20.44;warning
03/01/2024 08:40;28.94;13.412;1.724;6.62;43.7;1018.37;23.104;normal
03/01/2024 08:45;30.98;13.385;1.592;6.88;48.08;1014.83;21.347;normal
03/01/2024 08:50;28.39;13.252;1.635;7.14;51.64;1014.47;21.65;normal
03/01/2024 08:55;29.87;13.258;1.511;13.98;47.93;1016.7;18.028;critical
03/01/2024 09:00;26.82;13.122;1.538;5.41;46.28;1024.09;20.085;normal
03/01/2024 09:05;29.86;13.074;1.68;6.61;49.11;1015.13;22.006;normal
03/01/2024 09:10;29.99;13.19;1.579;6.02;47.64;1016.62;20.88;normal
03/01/2024 09:15;29.87;13.364;1.57;6.29;46.95;1008.24;20.957;normal
03/01/2024 09:20;29.91;13.249;1.523;5.7;48.34;1009.4;20.071;normal
03/01/2024 09:25;29.04;13.27;1.604;5.73;50.38;1014.37;21.245;normal
03/01/2024 09:30;29.09;13.222;1.562;6.92;52.18;1016.31;20.594;normal
03/01/2024 09:35;30.42;13.46;1.642;6.32;48.72;1004.89;22.04;normal
03/01/2024 09:40;27.88;13.429;1.552;5.15;40.36;1017.74;20.927;normal
03/01/2024 09:45;27.41;13.174;1.547;6.98;43.34;1014.47;20.259;normal
03/01/2024 09:50;27.25;13.346;1.486;6.4;49.58;1004.51;19.785;normal
03/01/2024 09:55;28.57;13.059;1.583;5.48;46.79;1022.33;20.694;normal
03/01/2024 10:00;39.47;12.45;1.665;7.92;44.69;1013.93;19.146;critical
03/01/2024 10:05;27.64;12.966;1.389;5.14;48.58;1007.68;18.057;normal
03/01/2024 10:10;29.45;12.943;1.442;6.07;49.31;1015.85;18.692;normal
03/01/2024 10:15;26.49;13.024;1.289;5.05;50.34;1019.27;16.741;normal
03/01/2024 10:20;35.74;12.647;1.657;7.68;43.18;1007.5;19.294;warning
03/01/2024 10:25;30.35;14.0;1.585;7.19;54.82;1014.82;22.206;warning
03/01/2024 10:30;27.77;13.08;1.373;12.73;50.05;1002.75;16.245;warning
03/01/2024 10:35;27.79;13.141;1.394;6.2;49.78;1000.93;18.306;normal
03/01/2024 10:40;27.58;12.952;1.335;6.28;44.42;1008.85;17.35;normal
03/01/2024 10:45;26.92;12.804;1.343;5.5;50.11;1009.0;17.232;normal
03/01/2024 10:50;35.14;12.574;1.726;7.88;47.28;1017.42;19.96;warning
03/01/2024 10:55;27.49;12.914;1.383;6.14;49.3;1017.25;17.816;normal
03/01/2024 11:00;27.71;12.806;1.228;4.99;52.48;1021.67;15.768;normal
03/01/2024 11:05;27.35;12.832;1.295;4.92;52.74;1001.39;16.595;normal
03/01/2024 11:10;24.79;12.514;1.18;5.75;55.32;1012.48;14.811;normal
03/01/2024 11:15;25.56;12.623;1.188;5.55;55.45;1013.51;14.899;normal
03/01/2024 11:20;26.34;12.748;1.268;5.65;53.74;1001.82;16.163;normal
03/01/2024 11:25;26.59;12.917;1.229;5.31;57.3;1022.69;15.893;normal
03/01/2024 11:30;25.0;12.672;1.381;4.58;53.75;1023.35;17.526;normal
03/01/2024 11:35;26.67;12.469;0.964;12.88;55.31;1008.34;10.848;warning
03/01/2024 11:40;29.28;10.0;0.802;4.36;52.25;1006.27;7.572;warning
03/01/2024 11:45;26.13;12.709;1.325;4.75;53.44;1015.74;16.925;normal
03/01/2024 11:50;27.04;12.905;1.24;5.82;53.21;1003.47;15.982;normal
03/01/2024 11:55;26.62;12.741;1.353;10.68;53.22;1017.21;15.522;warning
03/01/2024 12:00;24.89;11.522;1.285;4.04;60.4;1010.97;14.844;warning
03/01/2024 12:05;27.75;11.199;1.187;4.57;57.91;1020.14;13.293;warning
03/01/2024 12:10;24.19;12.319;1.141;4.86;51.61;1014.15;14.062;normal
03/01/2024 12:15;23.97;12.626;0.89;12.04;57.43;1004.47;10.152;warning
03/01/2024 12:20;25.27;12.451;0.963;4.34;54.23;1003.9;11.991;normal
03/01/2024 12:25;25.97;12.413;1.101;3.84;55.36;1009.72;13.581;normal
03/01/2024 12:30;26.92;10.0;0.674;3.64;56.07;1013.61;6.3;warning
03/01/2024 12:35;24.41;12.662;1.228;4.22;51.59;1013.55;15.586;normal
03/01/2024 12:40;24.5;12.556;1.013;4.1;59.65;1009.07;12.736;normal
03/01/2024 12:45;25.66;12.384;1.067;3.93;51.01;1014.17;13.204;normal
03/01/2024 12:50;22.27;10.0;0.735;4.78;53.44;1018.46;6.94;warning
03/01/2024 12:55;24.68;12.566;1.129;4.48;53.28;1003.43;14.184;normal
03/01/2024 13:00;24.02;12.208;0.825;3.02;60.03;1010.42;10.056;normal
03/01/2024 13:05;23.2;10.0;0.526;4.43;55.03;1009.57;4.993;warning
03/01/2024 13:10;24.2;12.34;0.766;3.96;55.57;1017.44;9.454;normal
03/01/2024 13:15;22.17;12.305;0.844;4.83;56.1;1013.35;10.451;normal
03/01/2024 13:20;38.87;11.57;1.295;6.45;56.21;1010.99;13.79;critical
03/01/2024 13:25;23.84;12.15;0.854;3.36;59.58;1023.37;10.345;normal
03/01/2024 13:30;24.05;12.276;0.903;3.88;58.79;1023.92;11.074;normal
03/01/2024 13:35;24.58;12.276;0.836;3.68;57.26;1008.68;10.163;normal
03/01/2024 13:40;24.18;12.124;0.912;3.69;60.57;1012.03;11.046;normal
03/01/2024 13:45;23.34;12.17;0.762;3.39;57.24;1019.15;9.299;normal
03/01/2024 13:50;21.92;11.938;1.006;3.73;57.7;1012.42;11.986;normal
03/01/2024 13:55;23.98;12.324;0.808;4.33;57.04;1014.57;10.024;normal
03/01/2024 14:00;23.51;12.175;0.662;3.65;57.87;1014.91;8.053;normal
03/01/2024 14:05;21.69;11.767;0.797;13.68;62.44;1016.84;8.318;critical
03/01/2024 14:10;22.66;11.91;0.694;3.55;53.62;1008.35;8.276;normal
03/01/2024 14:15;21.8;13.374;0.614;3.16;60.33;1010.08;8.184;warning
03/01/2024 14:20;22.03;12.278;0.72;2.67;61.64;1010.58;8.822;normal
03/01/2024 14:25;21.79;12.495;0.949;11.42;60.27;1012.99;10.697;warning
03/01/2024 14:30;23.11;12.246;0.666;3.36;59.82;1003.33;8.08;normal
03/01/2024 14:35;22.97;11.927;0.615;3.92;55.81;1014.07;7.354;normal
03/01/2024 14:40;19.71;12.078;0.669;13.99;62.11;1026.07;7.27;critical
03/01/2024 14:45;20.99;12.016;0.812;3.17;58.94;1011.42;9.763;normal
03/01/2024 14:50;39.01;11.457;1.09;6.4;62.87;1005.92;11.452;critical
03/01/2024 14:55;21.81;11.86;0.702;3.17;62.36;1016.26;8.393;normal
03/01/2024 15:00;22.53;11.864;0.6;3.06;63.76;1010.39;7.192;normal
03/01/2024 15:05;21.16;10.0;0.35;3.67;59.23;1005.41;3.28;warning
03/01/2024 15:10;24.75;11.618;0.565;1.67;61.05;1008.35;6.529;normal
03/01/2024 15:15;20.03;11.88;0.549;2.3;61.77;1007.27;6.449;normal
03/01/2024 15:20;20.41;11.858;0.37;3.23;66.97;1014.01;4.402;normal
03/01/2024 15:25;21.17;11.544;0.546;2.31;59.57;1011.36;6.382;normal
03/01/2024 15:30;36.97;11.473;0.936;4.57;62.36;1015.35;9.883;warning
03/01/2024 15:35;20.01;11.552;0.562;2.09;64.54;1012.65;6.445;normal
03/01/2024 15:40;18.59;11.857;0.559;3.04;59.61;1003.34;6.557;normal
03/01/2024 15:45;21.57;11.803;0.606;1.9;62.72;1009.66;7.132;normal
03/01/2024 15:50;21.34;12.034;0.635;2.69;62.28;1009.63;7.587;normal
03/01/2024 15:55;21.23;11.828;0.558;2.29;62.13;1008.75;6.588;normal
03/01/2024 16:00;21.15;11.437;0.403;2.11;65.5;1007.78;4.424;normal
03/01/2024 16:05;21.85;10.0;0.275;2.81;64.36;1003.4;2.62;warning
03/01/2024 16:10;19.77;11.381;0.318;1.83;62.88;1005.49;3.568;normal
03/01/2024 16:15;21.08;11.469;0.437;1.69;66.21;1021.2;4.972;normal
03/01/2024 16:20;22.74;13.193;0.128;1.67;60.88;1011.54;1.6;warning
03/01/2024 16:25;21.38;11.549;0.38;2.11;58.15;1009.48;4.41;normal
03/01/2024 16:30;39.4;11.121;0.6;5.08;66.17;1016.69;6.142;critical
03/01/2024 16:35;20.91;11.696;0.442;2.58;63.19;1018.87;5.167;normal
03/01/2024 16:40;21.76;10.0;0.322;0;63.09;1014.46;3.008;critical
03/01/2024 16:45;21.17;11.433;0.311;3.22;64.45;1010.56;3.525;normal
03/01/2024 16:50;21.22;10.0;0.274;2.64;64.03;1004.69;2.58;warning
03/01/2024 16:55;20.02;11.856;0.282;2.77;61.5;1020.56;3.346;normal
03/01/2024 17:00;22.35;11.359;0.422;1.61;62.73;1018.98;4.85;normal
03/01/2024 17:05;21.33;11.018;0.331;13.97;68.75;1009.19;3.274;critical
03/01/2024 17:10;20.4;12.374;0.341;13.8;64.92;1013.67;3.813;critical
03/01/2024 17:15;19.25;11.504;0.299;1.37;61.03;1014.69;3.398;normal
03/01/2024 17:20;20.05;11.451;0.45;2.14;60.96;1018.24;5.15;normal
03/01/2024 17:25;19.9;11.422;0.353;2.69;68.27;1021.17;4.049;normal
03/01/2024 17:30;18.48;11.53;0.233;13.7;62.63;1001.13;2.487;critical
03/01/2024 17:35;22.79;11.599;0.192;1.97;71.29;1012.44;2.233;normal
03/01/2024 17:40;20.41;11.571;0.198;2.33;65.82;1005.3;2.289;normal
03/01/2024 17:45;21.25;11.434;0.301;1.88;65.73;1009.08;3.417;normal
03/01/2024 17:50;22.04;11.467;0.121;11.75;56.47;1017.97;1.235;warning
03/01/2024 17:55;19.72;11.315;0.266;2.04;69.79;1011.04;2.979;normal
03/01/2024 18:00;21.4;11.433;0.154;2.16;66.26;1007.9;1.77;normal
03/01/2024 18:05;21.04;11.548;0.218;1.68;62.8;1007.57;2.487;normal
03/01/2024 18:10;20.58;11.658;0.261;2.92;61.85;1013.05;3.027;normal
03/01/2024 18:15;20.39;11.423;0.326;1.81;66.23;1012.24;3.737;normal
03/01/2024 18:20;21.32;11.694;0.268;1.79;64.84;998.59;3.148;normal
03/01/2024 18:25;38.96;11.248;0.547;3.64;64.63;1016.3;5.743;critical
03/01/2024 18:30;18.45;11.6;0.351;2.36;66.19;1023.84;4.034;normal
03/01/2024 18:35;18.61;11.347;0.28;1.33;63.28;1021.48;3.182;normal
03/01/2024 18:40;18.58;11.589;0.247;2.23;61.82;1014.59;2.792;normal
03/01/2024 18:45;38.23;10.881;0.713;3.62;66.17;1007.07;6.772;critical
03/01/2024 18:50;18.2;11.574;0.404;1.85;63.57;1011.85;4.668;normal
03/01/2024 18:55;19.3;11.548;0.346;1.88;64.17;1000.36;4.083;normal
03/01/2024 19:00;20.42;10.0;0.1;1.81;64.8;1022.38;0.933;warning
03/01/2024 19:05;20.81;11.886;0.447;1.69;68.29;1014.11;5.302;normal
03/01/2024 19:10;21.01;11.839;0.516;2.55;69.34;1021.38;6.142;normal
03/01/2024 19:15;21.89;11.625;0.287;3.09;64.25;1015.61;3.298;normal
03/01/2024 19:20;21.01;11.471;0.13;2.05;65.37;1009.39;1.486;normal
03/01/2024 19:25;21.21;11.312;0.194;2.72;63.62;1012.28;2.202;normal
03/01/2024 19:30;19.69;11.317;0.246;1.86;63.94;1013.71;2.817;normal
03/01/2024 19:35;19.01;11.589;0.378;3.3;65.0;1009.75;4.343;normal
03/01/2024 19:40;19.84;11.181;0.298;1.84;64.36;1018.86;3.437;normal
03/01/2024 19:45;21.17;11.822;0.325;2.31;64.33;1017.51;3.935;normal
03/01/2024 19:50;20.03;11.522;0.278;1.19;66.41;1010.77;3.174;normal
03/01/2024 19:55;15.82;11.634;0.168;2.75;66.15;1010.14;1.931;normal
03/01/2024 20:00;22.54;11.853;0.45;3.56;63.06;1011.73;5.281;normal
03/01/2024 20:05;23.01;11.655;0.401;2.63;68.19;1023.1;4.73;normal
03/01/2024 20:10;20.21;13.041;0.178;2.55;60.38;1011.07;2.235;warning
03/01/2024 20:15;20.2;11.404;0.218;2.61;65.12;1014.04;2.453;normal
03/01/2024 20:20;20.96;10.0;0.239;1.57;66.08;1013.6;2.223;warning
03/01/2024 20:25;20.71;11.659;0.452;2.55;62.41;1025.76;5.225;normal
03/01/2024 20:30;21.74;11.641;0.289;2.03;60.82;1005.4;3.347;normal
03/01/2024 20:35;20.49;11.536;0.376;1.47;64.42;1014.59;4.325;normal
03/01/2024 20:40;21.32;11.622;0.399;2.98;67.88;1022.21;4.524;normal
03/01/2024 20:45;21.48;11.782;0.369;2.73;59.12;1001.88;4.346;normal
03/01/2024 20:50;20.1;13.071;0.375;2.03;60.62;1006.48;4.93;warning
03/01/2024 20:55;22.26;11.627;0.573;2.04;59.93;1017.28;6.677;normal
03/01/2024 21:00;22.48;11.763;0.527;3.07;65.95;1016.23;6.087;normal
03/01/2024 21:05;21.95;11.142;0.442;0.94;60.17;998.05;4.867;warning
03/01/2024 21:10;20.35;11.82;0.46;3.63;59.27;1014.82;5.461;normal
03/01/2024 21:15;21.71;11.754;0.499;2.45;64.9;1009.85;5.808;normal
03/01/2024 21:20;21.14;11.935;0.424;2.3;64.9;1021.26;5.11;normal
03/01/2024 21:25;21.54;11.604;0.679;2.85;63.8;1001.14;7.825;normal
03/01/2024 21:30;21.09;11.914;0.533;2.41;63.8;1019.45;6.286;normal
03/01/2024 21:35;20.71;11.688;0.54;2.78;61.95;1019.27;6.295;normal
03/01/2024 21:40;20.98;11.73;0.624;2.16;65.04;1022.73;7.345;normal
03/01/2024 21:45;22.29;11.599;0.457;3.29;60.48;1017.8;5.322;normal
03/01/2024 21:50;22.68;11.839;0.637;2.26;56.97;1009.51;7.501;normal
03/01/2024 21:55;22.96;11.697;0.611;3.41;59.18;997.01;7.131;normal
03/01/2024 22:00;21.88;12.075;0.676;3.29;60.87;1002.85;8.169;normal
03/01/2024 22:05;23.36;12.129;0.654;3.23;58.42;1009.89;7.899;normal
03/01/2024 22:10;23.96;12.045;0.725;3.52;68.33;1011.47;8.755;normal
03/01/2024 22:15;24.0;12.03;0.722;3.85;60.09;1011.21;8.633;normal
03/01/2024 22:20;21.68;10.446;0.932;4.99;63.22;1013.54;9.324;warning
03/01/2024 22:25;22.2;10.0;0.684;3.41;62.09;1016.22;6.509;warning
03/01/2024 22:30;24.4;12.137;0.497;2.45;57.55;1015.1;6.033;normal
03/01/2024 22:35;22.87;12.033;0.606;4.09;58.55;1010.41;7.321;normal
03/01/2024 22:40;24.13;11.938;0.754;3.53;55.8;1025.25;8.992;normal
03/01/2024 22:45;22.12;11.824;0.67;2.82;55.0;1012.46;7.932;normal
03/01/2024 22:50;21.2;11.829;0.528;3.91;63.29;1011.5;6.234;normal
03/01/2024 22:55;22.33;12.847;0.714;4.17;60.38;1016.97;9.173;warning
03/01/2024 23:00;22.7;12.106;0.85;3.35;55.43;1012.49;10.306;normal
03/01/2024 23:05;22.76;12.274;0.853;4.05;60.19;1012.81;10.504;normal
03/01/2024 23:10;23.12;12.223;0.913;4.2;53.81;1012.92;11.192;normal
03/01/2024 23:15;22.67;12.14;0.874;2.89;56.82;1010.94;10.635;normal
03/01/2024 23:20;25.23;12.129;0.839;3.9;61.41;1021.98;10.136;normal
03/01/2024 23:25;21.38;12.884;0.947;14.33;65.95;1023.51;10.992;critical
03/01/2024 23:30;25.61;12.082;0.827;4.03;58.13;1017.24;9.95;normal
03/01/2024 23:35;25.7;12.396;0.711;4.22;60.57;1000.09;8.84;normal
03/01/2024 23:40;23.83;12.021;0.856;3.63;59.39;1009.35;10.318;normal
03/01/2024 23:45;21.91;12.012;0.767;3.52;59.84;1013.74;9.24;normal
03/01/2024 23:50;23.84;12.342;0.687;3.41;67.13;1010.25;8.457;normal
03/01/2024 23:55;21.56;12.299;0.759;4.98;62.55;1018.46;9.308;normal
04/01/2024 00:00;24.22;12.594;0.954;4.83;57.13;1020.92;12.02;normal
04/01/2024 00:05;26.01;12.62;0.976;4.63;53.43;1014.36;12.361;normal
04/01/2024 00:10;39.52;12.204;1.472;6.1;57.52;1009.79;16.478;critical
04/01/2024 00:15;25.73;12.665;1.087;5.26;50.96;1017.26;13.734;normal
04/01/2024 00:20;25.21;12.753;0.846;10.2;58.25;1012.64;9.713;warning
04/01/2024 00:25;26.45;11.07;1.135;3.23;57.34;1017.83;12.529;warning
04/01/2024 00:30;23.68;12.436;1.21;4.78;57.92;1012.15;15.104;normal
04/01/2024 00:35;27.08;12.452;0.879;4.93;50.68;1010.91;10.917;normal
04/01/2024 00:40;25.05;12.685;1.065;4.0;53.48;1006.17;13.527;normal
04/01/2024 00:45;25.7;12.425;0.97;4.22;55.67;1013.39;12.094;normal
04/01/2024 00:50;25.11;12.736;1.007;4.01;55.78;1012.96;12.805;normal
04/01/2024 00:55;25.12;12.381;1.062;5.0;52.38;1005.09;13.23;normal
04/01/2024 01:00;25.71;12.932;1.238;5.08;51.24;1020.02;16.002;normal
04/01/2024 01:05;27.57;11.226;1.094;6.37;54.49;1021.54;12.286;warning
04/01/2024 01:10;26.33;10.758;0.751;6.04;53.13;1002.86;7.702;warning
04/01/2024 01:15;27.96;13.073;1.306;12.81;53.55;1025.2;15.394;warning
04/01/2024 01:20;26.6;12.667;1.261;5.6;54.31;999.3;15.997;normal
04/01/2024 01:25;27.37;13.011;1.303;4.86;51.21;1018.45;16.915;normal
04/01/2024 01:30;39.95;12.226;1.475;8.44;53.28;1010.42;16.476;critical
04/01/2024 01:35;36.59;11.986;1.421;6.13;50.92;1004.48;15.592;warning
04/01/2024 01:40;25.06;12.903;1.04;4.37;49.9;1006.66;13.427;normal
04/01/2024 01:45;27.95;12.768;1.133;5.6;54.47;1009.88;14.484;normal
04/01/2024 01:50;26.1;10.378;0.632;4.25;54.06;1013.47;6.302;warning
04/01/2024 01:55;26.39;12.728;1.397;5.29;48.78;1021.59;17.763;normal
04/01/2024 02:00;28.28;13.002;1.547;5.62;43.67;1009.81;20.047;normal
04/01/2024 02:05;26.72;11.95;1.433;6.47;51.79;1012.38;17.18;warning
04/01/2024 02:10;27.73;12.993;1.452;6.03;48.05;1006.68;18.805;normal
04/01/2024 02:15;36.8;12.601;1.818;6.38;48.71;1020.43;21.09;warning
04/01/2024 02:20;26.51;13.309;1.431;5.22;47.97;1021.29;19.139;normal
04/01/2024 02:25;28.8;13.066;1.495;5.61;48.84;1020.08;19.572;normal
04/01/2024 02:30;26.23;13.206;1.431;5.73;48.69;1008.25;18.95;normal
04/01/2024 02:35;26.02;12.805;1.506;5.43;47.85;1017.34;19.313;normal
04/01/2024 02:40;27.96;12.69;1.468;5.63;49.91;1027.07;18.639;normal
04/01/2024 02:45;24.5;12.946;1.315;5.63;50.67;1003.08;17.037;normal
04/01/2024 02:50;26.55;10.0;0.896;7.0;52.08;1013.14;8.567;warning
04/01/2024 02:55;28.14;13.197;1.446;5.96;49.42;1013.13;19.149;normal
04/01/2024 03:00;37.13;12.849;1.915;8.55;44.42;1019.24;22.616;warning
04/01/2024 03:05;29.74;10.183;1.124;6.34;45.32;1011.99;10.837;warning
04/01/2024 03:10;29.04;13.191;1.544;6.28;52.75;1012.79;20.375;normal
04/01/2024 03:15;27.3;13.25;1.626;6.65;45.78;1015.47;21.588;normal
04/01/2024 03:20;27.96;13.165;1.58;5.36;47.91;1009.22;20.852;normal
04/01/2024 03:25;31.73;10.0;0.853;6.62;50.17;1008.33;8.139;warning
04/01/2024 03:30;28.7;13.169;1.779;5.82;42.88;1013.94;23.352;normal
04/01/2024 03:35;29.33;13.067;1.641;6.17;48.47;1014.51;21.359;normal
04/01/2024 03:40;28.71;13.135;1.638;6.3;45.78;1009.69;21.562;normal
04/01/2024 03:45;27.21;12.695;1.907;14.63;50.38;1025.04;21.814;critical
04/01/2024 03:50;28.63;12.651;1.449;10.02;40.7;1010.18;16.491;warning
04/01/2024 03:55;26.68;14.0;1.938;5.99;42.47;1009.27;27.043;warning
04/01/2024 04:00;27.69;13.305;1.688;6.45;52.12;1019.37;22.408;normal
04/01/2024 04:05;30.42;11.988;1.481;8.66;44.9;1001.23;17.657;warning
04/01/2024 04:10;28.59;13.308;1.649;6.86;47.95;1018.68;22.026;normal
04/01/2024 04:15;29.05;13.461;1.855;6.2;45.24;1004.27;24.974;normal
04/01/2024 04:20;28.49;11.82;1.78;5.02;46.18;1019.82;21.05;warning
04/01/2024 04:25;30.88;13.575;1.629;6.55;47.31;1011.99;22.042;normal
04/01/2024 04:30;30.01;13.408;1.69;6.9;38.72;1008.96;22.624;normal
04/01/2024 04:35;30.69;13.457;1.749;6.07;49.05;1026.25;23.592;normal
04/01/2024 04:40;28.73;13.504;1.719;5.78;50.06;1015.19;23.237;normal
04/01/2024 04:45;29.08;13.659;1.709;6.29;44.27;1006.13;23.427;normal
04/01/2024 04:50;29.09;13.289;1.697;5.69;48.36;1011.56;22.558;normal
04/01/2024 04:55;29.05;13.323;1.853;6.03;44.83;1019.41;24.656;normal
04/01/2024 05:00;30.04;13.86;1.562;11.13;47.77;1015.04;19.474;warning
04/01/2024 05:05;27.12;13.382;1.914;7.17;46.3;1001.33;25.598;normal
04/01/2024 05:10;31.02;13.545;1.75;7.04;45.75;1007.0;23.698;normal
04/01/2024 05:15;28.86;13.574;1.815;7.17;49.47;1008.67;24.54;normal
04/01/2024 05:20;32.47;13.672;1.689;7.12;47.68;1010.08;23.119;normal
04/01/2024 05:25;29.33;13.274;1.894;7.62;46.0;1009.27;25.193;normal
04/01/2024 05:30;30.56;13.441;1.845;7.08;43.08;1022.0;24.68;normal
04/01/2024 05:35;30.3;13.388;1.793;6.85;48.01;1017.86;23.968;normal
04/01/2024 05:40;30.72;13.657;1.77;6.05;47.39;1010.37;24.247;normal
04/01/2024 05:45;29.73;13.325;1.908;13.21;48.17;1016.57;22.899;critical
04/01/2024 05:50;30.55;13.236;1.762;6.71;44.18;997.84;23.281;normal
04/01/2024 05:55;29.18;13.56;1.825;6.69;50.01;1013.0;24.65;normal
04/01/2024 06:00;28.81;13.883;1.932;12.69;44.29;1011.17;24.17;warning
04/01/2024 06:05;28.42;13.721;1.907;6.98;45.05;1008.91;26.161;normal
04/01/2024 06:10;29.01;13.548;1.852;7.2;45.85;1020.61;25.091;normal
04/01/2024 06:15;35.23;12.922;2.0;8.38;46.79;1016.57;23.745;warning
04/01/2024 06:20;29.36;10.49;1.283;6.86;44.65;1007.81;12.773;warning
04/01/2024 06:25;30.65;13.418;1.699;6.78;45.38;1015.58;22.783;normal
04/01/2024 06:30;31.91;13.447;1.761;5.84;41.66;1016.57;23.713;normal
04/01/2024 06:35;28.73;13.579;1.786;7.7;38.62;1015.52;24.204;normal
04/01/2024 06:40;28.49;13.643;1.927;6.64;41.01;1009.63;26.371;normal
04/01/2024 06:45;27.76;13.619;1.767;6.53;50.33;1013.07;24.054;normal
04/01/2024 06:50;30.45;13.536;1.739;8.14;49.38;1007.38;23.62;normal
04/01/2024 06:55;30.51;13.425;1.876;6.53;52.28;1013.63;25.193;normal
04/01/2024 07:00;29.33;13.457;1.811;7.33;43.06;1019.36;24.384;normal
04/01/2024 07:05;29.84;12.925;1.733;11.3;43.45;1016.12;20.128;warning
04/01/2024 07:10;28.08;13.429;1.952;6.61;44.43;1010.22;26.177;normal
04/01/2024 07:15;30.14;13.547;1.72;7.36;40.89;1007.22;23.273;normal
04/01/2024 07:20;32.71;11.006;1.342;7.63;40.6;1011.77;14.757;warning
04/01/2024 07:25;29.47;13.572;1.808;7.74;45.42;1015.66;24.499;normal
04/01/2024 07:30;32.74;13.154;1.653;6.93;45.83;1006.84;21.716;normal
04/01/2024 07:35;28.5;13.475;1.766;6.36;45.7;1013.71;23.825;normal
04/01/2024 07:40;35.21;12.655;2.0;9.52;53.3;1005.85;23.295;warning
04/01/2024 07:45;27.24;13.437;1.795;6.61;46.65;1018.11;24.12;normal
04/01/2024 07:50;30.9;14.0;1.949;6.49;44.83;1008.12;27.221;warning
04/01/2024 07:55;30.04;13.122;1.744;11.78;47.85;1020.86;20.563;warning
04/01/2024 08:00;28.62;12.128;1.348;6.74;46.15;1013.48;16.255;warning
04/01/2024 08:05;30.74;13.223;1.714;5.97;51.47;1013.45;22.744;normal
04/01/2024 08:10;28.4;13.351;1.784;7.3;45.8;1021.75;23.922;normal
04/01/2024 08:15;29.42;13.471;1.762;6.6;45.97;1010.19;23.747;normal
04/01/2024 08:20;27.86;13.259;1.606;6.71;40.02;1029.57;21.283;normal
04/01/2024 08:25;28.76;13.329;1.569;6.79;46.38;1002.55;20.89;normal
04/01/2024 08:30;31.38;13.464;1.689;6.52;44.94;1016.87;22.766;normal
04/01/2024 08:35;28.22;13.353;1.732;6.04;46.03;1012.56;23.157;normal
04/01/2024 08:40;29.23;13.439;1.664;5.96;44.43;1012.42;22.311;normal
04/01/2024 08:45;29.92;13.292;1.666;7.1;46.63;1010.26;22.089;normal
04/01/2024 08:50;29.69;13.436;1.709;6.74;47.56;1009.09;22.993;normal
04/01/2024 08:55;31.61;13.471;1.692;6.51;43.67;1018.0;22.801;normal
04/01/2024 09:00;28.19;11.094;0.854;7.08;48.36;1017.39;9.475;warning
04/01/2024 09:05;28.11;13.408;1.579;6.85;50.14;1011.46;21.159;normal
04/01/2024 09:10;29.04;12.844;1.462;11.19;45.71;1005.06;16.864;warning
04/01/2024 09:15;28.28;13.244;1.562;6.18;51.85;1015.43;20.789;normal
04/01/2024 09:20;28.04;13.498;1.691;5.96;48.74;1009.42;22.796;normal
04/01/2024 09:25;26.53;13.189;1.47;6.66;48.75;1009.61;19.453;normal
04/01/2024 09:30;27.26;13.066;1.664;6.66;50.11;1006.67;21.778;normal
04/01/2024 09:35;27.08;13.129;1.549;7.56;48.32;1023.14;20.306;normal
04/01/2024 09:40;31.44;13.276;1.494;5.68;55.39;1019.0;19.822;normal
04/01/2024 09:45;29.68;13.196;1.538;6.06;49.39;1005.3;20.361;normal
04/01/2024 09:50;28.57;10.787;0.903;5.59;47.59;1012.56;9.251;warning
04/01/2024 09:55;29.14;12.978;1.434;6.22;48.53;1020.31;18.637;normal
04/01/2024 10:00;27.77;12.943;1.511;6.23;49.3;1030.98;19.467;normal
04/01/2024 10:05;25.12;11.343;1.447;5.98;46.72;1025.95;16.364;warning
04/01/2024 10:10;29.03;12.834;1.291;6.36;49.57;1017.53;16.544;normal
04/01/2024 10:15;27.19;12.961;1.382;5.54;45.49;1017.36;17.871;normal
04/01/2024 10:20;27.88;11.353;1.551;5.43;51.21;1021.11;17.622;warning
04/01/2024 10:25;28.2;12.972;1.31;6.05;51.26;1010.05;16.997;normal
04/01/2024 10:30;28.03;12.964;1.43;6.84;52.7;1011.23;18.561;normal
04/01/2024 10:35;27.4;12.956;1.396;10.22;45.24;1011.38;16.206;warning
04/01/2024 10:40;27.51;13.165;1.622;5.49;51.25;1018.27;21.418;normal
04/01/2024 10:45;28.71;12.808;1.438;5.47;47.52;1020.99;18.428;normal
04/01/2024 10:50;27.16;13.079;1.532;6.4;51.51;1021.65;20.071;normal
04/01/2024 10:55;28.11;13.028;1.416;5.5;44.31;1012.17;18.46;normal
04/01/2024 11:00;25.81;11.671;1.253;5.71;50.63;1017.29;14.613;warning
04/01/2024 11:05;27.25;13.021;1.288;5.22;53.66;1004.27;16.73;normal
04/01/2024 11:10;26.76;14.0;1.395;4.17;53.73;1018.74;19.613;warning
04/01/2024 11:15;25.4;12.837;1.226;4.9;52.12;1010.68;15.702;normal
04/01/2024 11:20;24.81;12.592;1.065;4.55;55.45;1014.52;13.407;normal
04/01/2024 11:25;26.81;12.692;1.32;4.97;54.31;1012.88;16.705;normal
04/01/2024 11:30;26.59;12.552;1.162;5.43;49.81;1015.81;14.525;normal
04/01/2024 11:35;25.98;12.585;1.294;4.86;53.69;1007.67;16.207;normal
04/01/2024 11:40;26.04;12.767;1.056;4.7;50.31;1032.16;13.497;normal
04/01/2024 11:45;26.09;14.0;1.201;7.63;49.0;1022.46;16.84;critical
04/01/2024 11:50;26.52;13.142;1.278;4.61;56.96;1010.79;16.852;normal
04/01/2024 11:55;26.05;12.5;1.223;5.3;51.41;1019.33;15.345;normal
04/01/2024 12:00;25.72;12.49;0.917;4.37;55.67;1009.85;11.413;normal
04/01/2024 12:05;24.08;12.273;1.142;5.36;56.44;1014.81;14.097;normal
04/01/2024 12:10;25.4;13.381;0.849;2.6;54.56;1012.98;11.435;warning
04/01/2024 12:15;27.69;12.549;1.158;4.56;46.79;1010.77;14.563;normal
04/01/2024 12:20;24.96;12.268;1.006;5.16;51.16;1019.02;12.356;normal
04/01/2024 12:25;24.36;12.547;1.07;3.73;56.42;1004.83;13.367;normal
04/01/2024 12:30;25.96;12.486;1.053;4.07;55.43;1010.87;13.08;normal
04/01/2024 12:35;36.57;11.551;1.112;6.25;57.33;1013.96;11.802;warning
04/01/2024 12:40;24.76;12.736;1.173;4.37;57.96;1016.4;14.981;normal
04/01/2024 12:45;25.7;12.886;1.21;10.76;54.93;1010.24;14.0;warning
04/01/2024 12:50;22.57;11.786;1.081;5.19;56.43;1020.96;12.737;warning
04/01/2024 12:55;22.97;12.526;0.914;3.67;54.25;1009.99;11.525;normal
04/01/2024 13:00;35.49;11.638;1.06;4.0;56.68;1008.95;11.284;warning
04/01/2024 13:05;25.15;12.133;0.888;4.22;53.62;1018.58;10.834;normal
04/01/2024 13:10;24.36;11.816;0.913;4.69;56.89;1014.84;10.777;normal
04/01/2024 13:15;21.16;12.093;0.813;4.16;60.01;1027.89;9.773;normal
04/01/2024 13:20;24.61;12.149;0.807;4.3;56.22;1007.14;9.83;normal
04/01/2024 13:25;38.5;11.658;1.135;5.37;59.48;1014.77;12.127;critical
04/01/2024 13:30;24.8;13.747;0.889;3.65;58.88;1009.61;12.319;warning
04/01/2024 13:35;25.62;12.367;0.885;3.58;55.04;1016.86;10.924;normal
04/01/2024 13:40;23.67;10.0;0.665;4.17;56.11;1005.77;6.3;warning
04/01/2024 13:45;24.47;12.227;0.989;3.97;52.65;1017.12;12.059;normal
04/01/2024 13:50;24.13;12.507;0.936;3.36;58.33;1015.97;11.722;normal
04/01/2024 13:55;24.27;13.629;0.83;3.42;63.77;1013.8;11.34;warning
04/01/2024 14:00;22.23;11.867;0.666;3.3;58.35;1011.15;7.917;normal
04/01/2024 14:05;20.92;11.804;0.885;4.01;63.93;1017.18;10.416;normal
04/01/2024 14:10;22.41;12.135;0.701;3.07;57.39;1016.89;8.557;normal
04/01/2024 14:15;22.27;12.039;0.639;2.0;59.74;1012.93;7.734;normal
04/01/2024 14:20;23.19;11.979;0.714;3.67;61.21;1019.21;8.482;normal
04/01/2024 14:25;24.92;12.011;0.662;3.72;63.87;1011.61;7.916;normal
04/01/2024 14:30;23.75;11.867;0.615;3.75;56.57;1009.07;7.214;normal
04/01/2024 14:35;22.2;12.089;0.771;2.78;61.41;1015.44;9.308;normal
04/01/2024 14:40;23.53;12.047;0.816;2.8;56.21;1008.48;9.921;normal
04/01/2024 14:45;22.44;11.851;0.725;3.26;63.45;1018.27;8.478;normal
04/01/2024 14:50;23.55;11.981;0.625;3.42;61.91;1011.65;7.441;normal
04/01/2024 14:55;22.83;12.325;0.639;2.46;61.13;1019.37;7.924;normal
04/01/2024 15:00;20.9;11.8;0.485;3.74;57.34;1018.81;5.714;normal
04/01/2024 15:05;23.75;11.919;0.471;3.02;62.94;1007.04;5.617;normal
04/01/2024 15:10;19.91;11.609;0.763;2.33;65.99;1016.46;8.865;normal
04/01/2024 15:15;24.69;12.164;0.512;14.52;63.59;1021.07;5.601;critical
04/01/2024 15:20;20.18;11.951;0.425;2.09;61.72;1021.74;5.118;normal
04/01/2024 15:25;20.06;10.0;0.281;2.51;61.83;1020.6;2.64;warning
04/01/2024 15:30;18.86;11.905;0.584;2.41;64.66;1015.8;6.918;normal
04/01/2024 15:35;21.63;11.971;0.546;1.87;68.47;1010.84;6.546;normal
04/01/2024 15:40;19.72;11.666;0.439;3.17;60.98;1026.86;5.155;normal
04/01/2024 15:45;20.99;12.104;0.444;2.75;61.26;1010.42;5.4;normal
04/01/2024 15:50;20.45;11.851;0.512;2.55;61.44;1013.07;6.023;normal
04/01/2024 15:55;20.44;11.705;0.565;3.32;68.11;1014.36;6.603;normal
04/01/2024 16:00;20.48;11.492;0.334;2.78;73.11;1010.12;3.907;normal
04/01/2024 16:05;21.37;11.64;0.493;3.16;62.79;1014.27;5.765;normal
04/01/2024 16:10;21.22;11.744;0.377;1.11;62.67;1016.74;4.442;normal
04/01/2024 16:15;19.79;11.872;0.32;2.29;66.75;1010.27;3.81;normal
04/01/2024 16:20;21.36;11.479;0.467;2.38;61.25;1001.43;5.318;normal
04/01/2024 16:25;21.48;11.658;0.398;1.42;56.51;1000.61;4.591;normal
04/01/2024 16:30;19.53;11.597;0.379;2.4;60.15;1016.34;4.407;normal
04/01/2024 16:35;19.08;11.904;0.473;2.23;63.38;1009.97;5.662;normal
04/01/2024 16:40;20.81;11.831;0.452;1.73;61.32;1022.53;5.41;normal
04/01/2024 16:45;21.43;11.643;0.448;1.31;65.49;1018.35;5.17;normal
04/01/2024 16:50;20.22;11.598;0.508;3.07;60.71;1008.62;5.825;normal
04/01/2024 16:55;22.93;11.753;0.378;2.63;66.53;1004.11;4.462;normal
04/01/2024 17:00;18.84;11.598;0.388;1.6;67.79;1012.62;4.544;normal
04/01/2024 17:05;19.79;10.0;0.212;3.22;68.87;1024.03;2.007;warning
04/01/2024 17:10;19.89;11.686;0.305;2.91;63.76;1021.93;3.513;normal
04/01/2024 17:15;21.07;11.48;0.242;2.84;63.06;1020.62;2.672;normal
04/01/2024 17:20;21.01;11.509;0.363;2.1;66.67;1011.92;4.144;normal
04/01/2024 17:25;21.81;11.652;0.281;3.32;62.97;1014.44;3.188;normal
04/01/2024 17:30;22.38;11.797;0.355;2.02;62.23;1012.36;4.155;normal
04/01/2024 17:35;21.62;11.642;0.393;2.78;65.57;1008.6;4.646;normal
04/01/2024 17:40;20.22;11.501;0.396;2.51;58.39;1019.05;4.489;normal
04/01/2024 17:45;19.34;11.552;0.387;2.03;67.27;1012.22;4.491;normal
04/01/2024 17:50;17.9;11.328;0.514;2.71;62.47;1007.73;5.83;normal
04/01/2024 17:55;20.24;11.615;0.359;1.57;65.83;1023.83;4.137;normal
04/01/2024 18:00;21.28;11.653;0.123;1.97;61.06;1010.5;1.443;normal
04/01/2024 18:05;21.12;11.518;0.249;1.95;70.96;1011.12;2.897;normal
04/01/2024 18:10;19.15;12.96;0.343;1.05;70.67;1010.98;4.399;warning
04/01/2024 18:15;19.73;11.58;0.205;1.99;71.83;1018.51;2.412;normal
04/01/2024 18:20;20.31;11.389;0.331;1.45;68.54;1018.0;3.808;normal
04/01/2024 18:25;18.62;11.592;0.354;1.91;64.35;1004.71;4.116;normal
04/01/2024 18:30;20.11;11.531;0.41;1.89;64.89;1015.2;4.679;normal
04/01/2024 18:35;21.57;11.419;0.316;1.55;67.9;1016.45;3.592;normal
04/01/2024 18:40;21.57;11.448;0.213;1.63;64.87;1010.34;2.541;normal
04/01/2024 18:45;20.07;12.985;0.326;4.1;67.6;1016.5;4.217;warning
04/01/2024 18:50;20.97;11.509;0.463;2.01;69.45;1018.58;5.314;normal
04/01/2024 18:55;20.06;11.524;0.394;2.03;69.5;1013.99;4.454;normal
04/01/2024 19:00;21.92;11.684;0.212;1.88;67.84;1009.43;2.476;normal
04/01/2024 19:05;21.5;11.314;0.312;2.72;65.85;1008.51;3.458;normal
04/01/2024 19:10;19.22;11.508;0.278;2.27;64.89;1004.49;3.246;normal
04/01/2024 19:15;20.13;11.442;0.348;3.04;68.52;1014.52;4.042;normal
04/01/2024 19:20;19.76;11.742;0.527;1.31;65.66;1011.74;6.21;normal
04/01/2024 19:25;19.65;11.228;0.223;2.03;67.01;1010.03;2.536;normal
04/01/2024 19:30;18.53;11.385;0.255;10.04;62.42;1014.55;2.638;warning
04/01/2024 19:35;19.87;11.451;0.309;1.9;63.12;1006.37;3.54;normal
04/01/2024 19:40;19.8;11.808;0.317;2.09;67.83;1015.29;3.686;normal
04/01/2024 19:45;21.99;10.0;0.208;2.16;66.21;1014.01;1.97;warning
04/01/2024 19:50;18.9;11.638;0.301;1.87;66.83;1010.56;3.459;normal
04/01/2024 19:55;18.08;11.324;0.365;2.56;68.51;1023.56;4.197;normal
04/01/2024 20:00;19.15;11.547;0.427;2.19;66.95;1020.86;4.97;normal
04/01/2024 20:05;21.87;12.617;0.474;2.1;62.19;1017.26;6.017;warning
04/01/2024 20:10;17.68;11.714;0.404;2.12;65.26;1000.14;4.802;normal
04/01/2024 20:15;22.69;11.401;0.282;2.45;64.56;1005.3;3.204;normal
04/01/2024 20:20;21.02;11.693;0.309;14.93;62.37;1009.78;3.304;critical
04/01/2024 20:25;21.67;11.684;0.37;1.82;65.35;1006.03;4.293;normal
04/01/2024 20:30;38.2;11.237;0.8;5.58;59.1;1005.33;8.354;critical
04/01/2024 20:35;19.83;11.811;0.536;1.96;62.23;1010.18;6.326;normal
04/01/2024 20:40;20.88;10.0;0.208;3.24;64.07;1007.03;1.944;warning
04/01/2024 20:45;19.69;11.57;0.444;2.37;61.56;1011.32;5.136;normal
04/01/2024 20:50;19.78;11.511;0.409;2.87;59.02;1012.33;4.747;normal
04/01/2024 20:55;20.02;11.811;0.418;2.07;65.44;1004.89;4.932;normal
04/01/2024 21:00;22.06;11.664;0.425;1.71;59.03;1018.06;4.995;normal
04/01/2024 21:05;21.06;11.681;0.571;3.23;63.37;1017.91;6.692;normal
04/01/2024 21:10;20.83;11.832;0.56;2.37;65.07;1008.79;6.572;normal
04/01/2024 21:15;19.17;11.996;0.546;2.65;63.57;1019.7;6.58;normal
04/01/2024 21:20;20.3;11.747;0.428;2.52;66.05;1011.09;4.995;normal
04/01/2024 21:25;20.95;11.673;0.429;13.33;58.28;1006.05;4.432;critical
04/01/2024 21:30;21.47;12.405;0.429;14.87;61.1;1016.9;4.741;critical
04/01/2024 21:35;21.84;11.834;0.447;2.91;61.57;1012.99;5.282;normal
04/01/2024 21:40;21.25;11.936;0.604;2.42;62.73;1015.54;7.198;normal
04/01/2024 21:45;19.66;12.037;0.381;2.57;62.32;1014.51;4.596;normal
04/01/2024 21:50;21.6;11.803;0.526;2.83;63.38;1012.33;6.144;normal
04/01/2024 21:55;22.19;11.449;0.469;2.68;60.01;1006.78;5.394;normal
04/01/2024 22:00;24.67;10.821;0.466;2.38;57.18;1012.97;4.768;warning
04/01/2024 22:05;22.44;12.276;0.696;3.02;59.02;1013.02;8.635;normal
04/01/2024 22:10;21.63;11.937;0.617;3.17;61.79;1015.45;7.297;normal
04/01/2024 22:15;22.32;12.154;0.609;4.59;58.41;1020.7;7.346;normal
04/01/2024 22:20;22.32;13.641;0.59;3.9;59.37;1009.47;8.023;warning
04/01/2024 22:25;25.12;12.253;0.832;13.06;63.23;1020.71;9.23;critical
04/01/2024 22:30;23.24;12.174;0.696;2.94;62.25;1011.43;8.43;normal
04/01/2024 22:35;21.73;11.994;0.697;2.35;65.52;1014.23;8.263;normal
04/01/2024 22:40;21.99;12.242;0.719;3.07;57.96;1004.06;8.752;normal
04/01/2024 22:45;37.18;11.793;0.809;5.67;60.72;1001.16;8.789;warning
04/01/2024 22:50;24.47;12.026;0.674;3.08;64.07;1006.12;8.016;normal
04/01/2024 22:55;23.05;12.041;0.641;2.94;60.72;1013.76;7.7;normal
04/01/2024 23:00;25.29;12.241;0.956;3.04;56.07;1013.41;11.705;normal
04/01/2024 23:05;22.05;10.0;0.549;3.31;62.8;1014.76;5.292;warning
04/01/2024 23:10;23.31;12.104;0.846;4.18;57.57;1020.6;10.329;normal
04/01/2024 23:15;26.19;12.049;0.962;4.72;58.19;1022.8;11.699;normal
04/01/2024 23:20;23.15;12.262;0.919;3.94;53.47;1010.17;11.199;normal
04/01/2024 23:25;25.2;11.942;0.861;3.74;59.68;1015.46;10.292;normal
04/01/2024 23:30;23.92;12.262;0.784;3.73;59.43;1011.22;9.681;normal
04/01/2024 23:35;23.97;10.153;0.46;3.14;62.9;1004.56;4.364;warning
04/01/2024 23:40;24.56;12.058;0.939;3.42;57.49;1010.95;11.234;normal
04/01/2024 23:45;24.94;12.156;0.897;4.27;56.32;1006.02;10.901;normal
04/01/2024 23:50;20.98;12.677;0.767;13.08;57.94;1013.77;8.794;critical
04/01/2024 23:55;22.57;11.973;0.93;4.31;60.95;1015.21;11.118;normal
05/01/2024 00:00;25.85;12.119;1.094;3.54;56.45;1019.03;13.27;normal
05/01/2024 00:05;25.08;12.455;1.039;4.67;56.02;1017.47;12.977;normal
05/01/2024 00:10;26.85;12.442;1.017;4.38;54.01;1024.94;12.643;normal
05/01/2024 00:15;25.25;12.227;1.173;4.71;55.55;1008.23;14.416;normal
05/01/2024 00:20;25.71;12.588;0.992;4.37;54.87;1017.62;12.421;normal
05/01/2024 00:25;24.72;12.562;1.015;4.93;55.98;1006.27;12.773;normal
05/01/2024 00:30;23.88;12.378;1.175;4.24;51.15;1003.46;14.588;normal
05/01/2024 00:35;24.22;12.465;1.227;4.82;52.24;1021.25;15.304;normal
05/01/2024 00:40;24.86;12.534;0.956;4.1;50.78;1006.1;11.96;normal
05/01/2024 00:45;25.5;12.549;1.082;4.5;60.52;1022.46;13.682;normal
05/01/2024 00:50;26.31;12.351;1.025;4.4;55.56;1020.01;12.563;normal
05/01/2024 00:55;24.62;12.532;1.032;5.44;54.83;1005.79;12.923;normal
05/01/2024 01:00;27.16;12.519;1.281;5.42;52.63;1023.24;16.061;normal
05/01/2024 01:05;26.03;12.865;1.344;4.78;46.27;1009.39;17.247;normal
05/01/2024 01:10;25.49;12.588;1.244;11.3;49.01;1016.8;14.08;warning
05/01/2024 01:15;38.86;12.086;1.506;5.85;54.95;1018.47;16.774;critical
05/01/2024 01:20;26.94;12.787;1.259;4.45;45.89;1008.35;16.131;normal
05/01/2024 01:25;26.93;10.0;0.81;6.8;52.31;1022.01;7.768;warning
05/01/2024 01:30;27.58;12.437;1.239;4.68;50.02;998.7;15.361;normal
05/01/2024 01:35;26.68;12.679;1.25;5.49;47.0;1016.54;15.927;normal
05/01/2024 01:40;28.73;12.919;1.165;5.68;48.88;1024.03;15.012;normal
05/01/2024 01:45;27.18;10.735;0.827;5.66;48.42;1012.57;8.463;warning
05/01/2024 01:50;25.24;12.93;1.359;5.0;51.25;1017.71;17.422;normal
05/01/2024 01:55;26.65;12.665;1.235;5.39;55.93;1005.61;15.633;normal
05/01/2024 02:00;28.78;10.0;0.781;5.87;51.86;1009.73;7.464;warning
05/01/2024 02:05;35.13;12.338;1.772;8.84;56.38;1015.21;20.118;warning
05/01/2024 02:10;27.34;12.891;1.383;4.82;46.38;1015.45;17.778;normal
05/01/2024 02:15;38.97;12.328;1.584;7.64;49.51;1024.96;17.981;critical
05/01/2024 02:20;27.22;12.979;1.353;6.79;54.18;1002.64;17.455;normal
05/01/2024 02:25;28.63;11.432;1.293;7.77;50.72;1007.96;14.806;warning
05/01/2024 02:30;26.89;13.068;1.512;6.23;51.13;1019.37;19.811;normal
05/01/2024 02:35;28.73;12.897;1.315;5.79;51.91;1012.3;16.956;normal
05/01/2024 02:40;27.17;13.013;1.499;4.53;48.43;1005.35;19.483;normal
05/01/2024 02:45;29.16;12.843;1.351;5.26;46.01;1019.3;17.311;normal
05/01/2024 02:50;27.23;14.0;1.509;6.14;51.49;1028.11;21.116;warning
05/01/2024 02:55;28.03;12.751;1.452;12.54;48.47;1004.14;16.704;warning
05/01/2024 03:00;30.15;13.303;1.547;6.72;44.58;1022.57;20.533;normal
05/01/2024 03:05;28.97;13.059;1.705;6.08;49.95;1010.52;22.314;normal
05/01/2024 03:10;27.89;10.603;0.771;5.73;47.13;1015.28;7.677;warning
05/01/2024 03:15;30.12;13.073;1.526;5.77;50.45;1021.72;19.928;normal
05/01/2024 03:20;29.14;11.899;1.58;6.4;49.98;1019.2;18.897;warning
05/01/2024 03:25;28.73;13.218;1.558;6.24;48.05;1005.67;20.604;normal
05/01/2024 03:30;27.29;13.515;1.243;14.31;44.56;1022.77;15.172;critical
05/01/2024 03:35;29.19;13.198;1.481;6.46;46.53;1003.67;19.535;normal
05/01/2024 03:40;27.52;12.841;1.62;10.5;46.36;1018.82;18.786;warning
05/01/2024 03:45;28.23;13.106;1.616;6.1;45.66;1017.45;21.255;normal
05/01/2024 03:50;37.26;12.608;1.698;8.02;47.81;1022.67;19.642;warning
05/01/2024 03:55;28.98;13.164;1.556;5.95;49.93;1016.27;20.47;normal
05/01/2024 04:00;30.83;12.569;1.633;5.13;44.91;1018.27;20.568;warning
05/01/2024 04:05;29.5;14.0;1.644;6.5;45.63;1009.97;22.98;warning
05/01/2024 04:10;28.96;13.001;1.797;7.14;42.85;1024.88;23.303;normal
05/01/2024 04:15;30.75;12.995;1.781;7.17;48.95;1021.48;23.157;normal
05/01/2024 04:20;30.36;13.386;1.645;6.91;51.09;1003.06;21.982;normal
05/01/2024 04:25;29.73;13.258;1.648;6.5;50.32;1008.75;21.827;normal
05/01/2024 04:30;28.53;13.21;1.699;7.22;46.04;1005.83;22.549;normal
05/01/2024 04:35;28.26;13.087;1.677;7.18;45.24;1001.47;21.95;normal
05/01/2024 04:40;29.59;13.347;1.665;6.08;47.25;1018.13;22.214;normal
05/01/2024 04:45;29.7;13.266;1.679;5.87;44.62;1013.68;22.191;normal
05/01/2024 04:50;28.99;13.219;1.642;6.31;51.84;1018.37;21.704;normal
05/01/2024 04:55;30.83;13.351;1.635;6.65;45.69;1010.97;21.852;normal
05/01/2024 05:00;30.29;13.546;1.436;13.34;41.52;1013.54;17.477;critical
05/01/2024 05:05;29.95;13.494;1.732;7.43;47.22;995.36;23.459;normal
05/01/2024 05:10;28.69;13.524;1.738;6.53;51.06;1019.8;23.48;normal
05/01/2024 05:15;29.83;13.338;1.785;6.31;42.63;1010.85;23.8;normal
05/01/2024 05:20;31.54;14.0;1.76;5.48;41.48;1026.91;24.581;warning
05/01/2024 05:25;28.81;13.489;1.712;6.21;46.44;1018.65;23.108;normal
05/01/2024 05:30;31.33;13.573;1.894;7.45;52.44;1012.81;25.711;normal
05/01/2024 05:35;29.7;13.528;1.77;8.04;45.29;1012.01;23.934;normal
05/01/2024 05:40;29.63;13.427;1.717;5.97;44.81;1019.76;22.96;normal
05/01/2024 05:45;30.89;13.24;1.684;6.95;39.98;1031.5;22.355;normal
05/01/2024 05:50;28.41;13.534;1.746;6.83;45.64;1011.43;23.53;normal
05/01/2024 05:55;30.68;13.424;1.808;7.0;47.64;1014.15;24.133;normal
05/01/2024 06:00;29.06;13.652;1.667;6.68;46.42;1020.77;22.83;normal
05/01/2024 06:05;31.32;10.756;0.865;7.97;42.77;1019.79;8.786;warning
05/01/2024 06:10;29.93;13.542;1.751;6.99;43.75;1008.48;23.71;normal
05/01/2024 06:15;27.71;13.394;1.887;6.79;47.4;1013.1;25.214;normal
05/01/2024 06:20;29.42;13.631;1.625;6.3;45.34;1021.17;22.16;normal
05/01/2024 06:25;27.9;13.482;1.741;7.37;45.59;1018.69;23.411;normal
05/01/2024 06:30;30.64;13.42;1.786;6.7;43.87;1013.12;23.996;normal
05/01/2024 06:35;30.81;14.0;1.743;7.62;45.29;1016.83;24.411;warning
05/01/2024 06:40;28.55;13.689;1.767;7.36;47.19;1004.97;24.242;normal
05/01/2024 06:45;31.28;13.32;1.685;8.1;44.87;1007.48;22.366;normal
05/01/2024 06:50;29.37;13.523;1.861;7.53;44.57;1020.15;25.138;normal
05/01/2024 06:55;29.07;13.527;1.706;6.1;42.5;1007.81;23.067;normal
05/01/2024 07:00;30.34;13.332;1.786;7.18;41.26;1023.0;23.793;normal
05/01/2024 07:05;29.38;13.393;1.695;6.47;46.73;1003.41;22.673;normal
05/01/2024 07:10;28.0;13.327;1.72;6.8;43.13;1013.74;22.931;normal
05/01/2024 07:15;30.62;13.329;1.718;7.09;44.39;1025.59;22.84;normal
05/01/2024 07:20;29.08;13.276;1.704;5.7;46.27;1016.1;22.604;normal
05/01/2024 07:25;29.23;13.24;1.894;7.39;44.66;1007.52;25.106;normal
05/01/2024 07:30;30.69;13.494;1.821;6.8;42.69;1017.05;24.602;normal
05/01/2024 07:35;30.63;13.38;1.776;6.87;42.84;1012.44;23.775;normal
05/01/2024 07:40;30.29;13.322;1.788;6.55;42.48;1011.15;23.828;normal
05/01/2024 07:45;30.86;13.785;1.744;7.28;43.86;1007.15;23.995;normal
05/01/2024 07:50;27.66;13.274;1.589;7.94;42.3;1008.76;21.11;normal
05/01/2024 07:55;30.21;13.601;1.709;6.62;47.32;1008.41;23.276;normal
05/01/2024 08:00;29.74;13.489;1.743;6.79;45.44;1013.0;23.537;normal
05/01/2024 08:05;37.59;13.027;2.0;8.81;50.51;1008.37;23.962;warning
05/01/2024 08:10;27.59;13.489;1.768;6.64;41.85;1019.15;23.842;normal
05/01/2024 08:15;28.31;13.39;1.698;6.42;42.66;1011.22;22.775;normal
05/01/2024 08:20;26.87;13.589;1.522;6.9;41.11;1012.86;20.703;normal
05/01/2024 08:25;27.53;13.321;1.818;6.41;48.67;1014.68;24.215;normal
05/01/2024 08:30;30.77;13.324;1.705;7.04;41.76;1004.98;22.676;normal
05/01/2024 08:35;30.87;13.482;1.701;6.56;47.6;1008.69;22.928;normal
05/01/2024 08:40;30.32;13.437;1.708;6.6;43.51;1016.25;22.889;normal
05/01/2024 08:45;28.74;13.349;1.531;6.71;47.47;1009.96;20.406;normal
05/01/2024 08:50;30.43;10.201;0.835;6.44;41.36;1003.97;8.03;warning
05/01/2024 08:55;28.11;13.345;1.628;6.39;46.87;1010.44;21.694;normal
05/01/2024 09:00;27.91;12.967;1.735;6.79;49.05;1012.81;22.584;normal
05/01/2024 09:05;28.07;12.949;1.546;6.21;39.13;1004.6;20.004;normal
05/01/2024 09:10;27.79;13.16;1.617;6.81;47.0;1017.42;21.328;normal
05/01/2024 09:15;28.88;13.277;1.715;6.05;48.96;1017.46;22.737;normal
05/01/2024 09:20;26.47;13.156;1.566;5.93;49.17;1011.2;20.541;normal
05/01/2024 09:25;27.29;13.052;1.524;5.64;45.35;1008.77;19.901;normal
05/01/2024 09:30;27.95;11.823;1.346;8.19;50.13;1014.52;15.933;warning
05/01/2024 09:35;30.2;13.155;1.657;6.22;47.08;1007.88;21.787;normal
05/01/2024 09:40;29.54;13.277;1.645;4.76;47.59;1011.69;21.91;normal
05/01/2024 09:45;31.73;13.147;1.618;6.14;49.11;1006.46;21.196;normal
05/01/2024 09:50;38.67;12.622;1.781;9.24;49.66;1015.41;20.754;critical
05/01/2024 09:55;27.12;13.336;1.733;5.43;49.92;1010.59;23.115;normal
05/01/2024 10:00;26.45;11.342;1.415;6.05;47.08;1011.67;16.09;warning
05/01/2024 10:05;25.71;12.863;1.385;5.47;47.47;1005.44;17.831;normal
05/01/2024 10:10;28.34;12.887;1.351;5.53;50.39;1007.52;17.478;normal
05/01/2024 10:15;27.74;13.031;1.42;5.04;52.11;1020.28;18.452;normal
05/01/2024 10:20;26.4;13.311;1.415;5.39;52.3;1017.65;18.757;normal
05/01/2024 10:25;27.83;13.193;1.445;5.02;50.5;1016.04;19.083;normal
05/01/2024 10:30;26.66;13.15;1.476;4.85;50.77;1015.96;19.485;normal
05/01/2024 10:35;25.61;12.998;1.304;5.25;50.15;1022.6;16.983;normal
05/01/2024 10:40;26.34;10.61;1.443;7.27;50.55;1016.11;14.578;critical
05/01/2024 10:45;28.41;10.666;0.718;6.13;45.75;1018.87;7.206;warning
05/01/2024 10:50;25.64;12.859;1.462;6.04;47.45;1012.0;18.761;normal
05/01/2024 10:55;27.6;12.936;1.296;5.77;47.78;1021.09;16.719;normal
05/01/2024 11:00;25.89;12.794;1.287;5.21;49.92;1008.59;16.455;normal
05/01/2024 11:05;26.26;12.676;1.363;4.76;55.23;1007.72;17.26;normal
05/01/2024 11:10;25.88;12.983;1.12;4.53;48.04;1019.13;14.539;normal
05/01/2024 11:15;27.16;12.901;1.25;4.14;54.76;1006.6;16.121;normal
05/01/2024 11:20;24.94;12.523;1.164;4.84;52.05;1026.01;14.529;normal
05/01/2024 11:25;26.12;11.393;1.16;5.33;56.29;1009.11;13.222;warning
05/01/2024 11:30;27.25;12.656;1.314;6.08;53.34;1002.58;16.573;normal
05/01/2024 11:35;27.54;12.58;1.279;5.85;47.51;1014.51;16.071;normal
05/01/2024 11:40;26.62;12.518;1.216;6.07;51.88;1014.96;15.127;normal
05/01/2024 11:45;27.75;12.874;1.201;4.47;53.75;1013.06;15.464;normal
05/01/2024 11:50;28.13;12.697;1.233;5.49;51.58;1013.47;15.743;normal
05/01/2024 11:55;28.68;12.751;1.153;4.81;54.94;1010.89;14.641;normal
05/01/2024 12:00;25.33;12.525;1.088;4.79;55.52;1007.84;13.644;normal
05/01/2024 12:05;24.19;12.516;1.075;4.31;54.45;1005.24;13.52;normal
05/01/2024 12:10;23.64;12.495;1.051;4.52;56.85;1023.22;13.064;normal
05/01/2024 12:15;36.25;12.054;1.269;7.07;55.09;1005.8;13.945;warning
05/01/2024 12:20;26.21;12.667;1.036;4.6;58.27;1010.68;13.139;normal
05/01/2024 12:25;24.07;12.427;1.001;4.42;56.06;1018.79;12.455;normal
05/01/2024 12:30;23.0;12.431;1.043;4.29;55.81;1019.89;13.031;normal
05/01/2024 12:35;24.37;13.127;1.43;14.91;54.25;1018.68;16.844;critical
05/01/2024 12:40;23.26;10.0;0.634;4.83;55.44;1008.33;6.021;warning
05/01/2024 12:45;23.69;12.512;0.969;4.96;52.32;1015.71;12.115;normal
05/01/2024 12:50;26.11;12.47;1.083;5.27;47.34;1013.13;13.492;normal
05/01/2024 12:55;26.11;12.407;1.03;4.63;52.68;1022.55;12.837;normal
05/01/2024 13:00;24.06;12.374;0.84;3.3;56.47;1013.23;10.409;normal
05/01/2024 13:05;23.64;10.0;0.568;2.99;55.12;1005.29;5.388;warning
05/01/2024 13:10;24.84;12.241;0.785;3.93;58.88;1011.66;9.558;normal
05/01/2024 13:15;24.1;12.337;0.859;4.5;58.99;1011.79;10.601;normal
05/01/2024 13:20;22.78;12.249;0.826;4.03;55.15;1012.04;10.041;normal
05/01/2024 13:25;22.79;13.52;0.994;5.13;63.0;1018.39;13.432;warning
05/01/2024 13:30;21.49;12.407;0.905;3.01;53.36;1018.47;11.237;normal
05/01/2024 13:35;23.34;12.621;0.85;4.16;60.48;1012.62;10.696;normal
05/01/2024 13:40;22.76;12.29;0.941;4.2;57.0;1011.88;11.587;normal
05/01/2024 13:45;24.16;12.028;0.879;3.92;51.75;1012.01;10.591;normal
05/01/2024 13:50;35.91;11.721;1.133;6.78;52.52;1000.7;12.209;warning
05/01/2024 13:55;20.79;12.135;0.8;4.29;59.92;1009.11;9.71;normal
05/01/2024 14:00;23.88;11.87;0.645;2.98;64.79;1004.15;7.706;normal
05/01/2024 14:05;20.04;12.032;0.717;3.17;63.72;1007.09;8.648;normal
05/01/2024 14:10;19.68;12.019;0.822;3.68;58.5;1016.04;9.946;normal
05/01/2024 14:15;39.39;11.264;0.991;6.16;60.54;1016.42;10.258;critical
05/01/2024 14:20;24.88;11.919;0.626;3.38;60.96;1015.5;7.47;normal
05/01/2024 14:25;20.91;11.841;0.629;3.43;65.61;1024.17;7.477;normal
05/01/2024 14:30;24.34;12.382;0.684;3.46;58.21;1000.62;8.412;normal
05/01/2024 14:35;22.44;11.886;0.732;3.47;52.79;1012.21;8.695;normal
05/01/2024 14:40;21.84;12.145;0.691;4.02;61.99;1026.29;8.339;normal
05/01/2024 14:45;35.89;11.655;0.761;5.46;60.38;1012.25;8.187;warning
05/01/2024 14:50;22.17;11.941;0.645;3.92;60.16;1009.61;7.725;normal
05/01/2024 14:55;21.38;12.081;0.564;2.5;61.65;1019.46;6.899;normal
05/01/2024 15:00;21.53;11.939;0.58;2.15;61.35;1014.74;6.936;normal
05/01/2024 15:05;21.51;11.887;0.584;1.91;65.4;1014.21;6.921;normal
05/01/2024 15:10;21.34;11.875;0.494;2.82;60.27;1017.49;5.921;normal
05/01/2024 15:15;21.2;11.963;0.406;3.3;56.55;1019.52;4.857;normal
05/01/2024 15:20;37.46;11.245;0.773;3.79;60.71;1009.69;7.907;warning
05/01/2024 15:25;21.26;11.768;0.456;2.45;64.82;1019.87;5.341;normal
05/01/2024 15:30;21.46;12.017;0.438;2.41;66.93;1010.02;5.303;normal
05/01/2024 15:35;21.39;11.943;0.623;3.22;64.23;1009.84;7.374;normal
05/01/2024 15:40;21.99;11.391;0.419;2.02;58.04;1017.59;4.777;normal
05/01/2024 15:45;22.67;10.652;0.519;3.46;65.5;1013.51;5.175;warning
05/01/2024 15:50;22.2;11.889;0.519;2.18;60.05;1007.02;6.256;normal
05/01/2024 15:55;21.65;11.9;0.524;12.72;58.79;1022.71;5.725;warning
05/01/2024 16:00;22.5;11.731;0.453;1.73;64.39;1010.34;5.333;normal
05/01/2024 16:05;23.57;11.902;0.649;13.88;60.76;1016.75;6.978;critical
05/01/2024 16:10;22.55;11.588;0.396;1.73;58.51;1011.33;4.576;normal
05/01/2024 16:15;19.25;11.71;0.296;1.59;54.02;1014.76;3.483;normal
05/01/2024 16:20;37.0;11.05;0.682;5.43;62.87;1005.68;6.973;warning
05/01/2024 16:25;19.62;11.509;0.37;1.62;64.05;1012.1;4.279;normal
05/01/2024 16:30;22.56;12.422;0.882;11.96;62.73;1011.76;9.84;warning
05/01/2024 16:35;21.34;11.572;0.429;3.54;66.29;1009.19;4.997;normal
05/01/2024 16:40;21.61;11.657;0.443;2.26;63.06;1005.12;5.208;normal
05/01/2024 16:45;19.72;11.595;0.41;2.87;60.9;1002.81;4.781;normal
05/01/2024 16:50;19.32;10.0;0.1;4.63;62.33;1010.79;0.993;critical
05/01/2024 16:55;21.55;11.704;0.271;2.37;58.38;1006.76;3.195;normal
05/01/2024 17:00;21.8;12.574;0.383;1.8;64.6;1008.37;4.785;warning
05/01/2024 17:05;20.01;11.713;0.443;0.86;62.28;1012.92;5.209;normal
05/01/2024 17:10;20.45;11.347;0.261;2.78;65.43;1008.8;3.015;normal
05/01/2024 17:15;19.77;11.41;0.396;1.86;60.94;1016.04;4.465;normal
05/01/2024 17:20;19.21;11.723;0.417;1.61;66.67;998.66;4.946;normal
05/01/2024 17:25;21.2;11.687;0.363;1.14;62.87;1005.22;4.188;normal
05/01/2024 17:30;19.52;11.573;0.208;2.72;69.77;1008.97;2.418;normal
05/01/2024 17:35;23.04;11.718;0.582;11.72;65.75;1023.99;6.175;warning
05/01/2024 17:40;20.02;11.651;0.322;2.18;63.77;1013.62;3.719;normal
05/01/2024 17:45;20.37;11.671;0.387;1.2;60.91;1010.35;4.545;normal
05/01/2024 17:50;19.32;13.359;0.384;3.81;61.0;1006.42;5.149;warning
05/01/2024 17:55;21.26;11.644;0.166;2.12;64.23;1022.37;1.806;normal
05/01/2024 18:00;19.74;11.339;0.175;1.69;66.31;1001.57;1.935;normal
05/01/2024 18:05;19.71;11.249;0.205;1.68;64.33;1009.24;2.328;normal
05/01/2024 18:10;19.69;11.704;0.441;1.75;61.38;1002.22;5.193;normal
05/01/2024 18:15;36.37;10.912;0.658;4.26;63.88;1011.94;6.225;warning
05/01/2024 18:20;20.03;11.416;0.301;2.1;67.15;1010.5;3.364;normal
05/01/2024 18:25;18.52;11.252;0.381;1.39;61.74;1016.89;4.253;normal
05/01/2024 18:30;36.85;10.515;0.702;3.27;59.62;1012.81;6.343;warning
05/01/2024 18:35;38.92;10.95;0.642;4.6;68.95;1021.9;6.218;critical
05/01/2024 18:40;20.58;11.266;0.1;1.52;61.18;1011.22;1.063;normal
05/01/2024 18:45;20.34;11.158;0.377;2.3;68.94;1015.73;4.263;normal
05/01/2024 18:50;19.61;11.747;0.288;1.83;64.63;1006.06;3.371;normal
05/01/2024 18:55;18.47;11.266;0.307;3.37;69.58;1009.86;3.407;normal
05/01/2024 19:00;20.46;11.48;0.178;1.65;67.87;1004.27;2.07;normal
05/01/2024 19:05;19.95;11.74;0.33;1.97;60.26;1010.76;3.828;normal
05/01/2024 19:10;22.58;11.413;0.319;1.71;70.3;1007.44;3.573;normal
05/01/2024 19:15;18.97;11.458;0.327;3.11;65.47;1016.43;3.811;normal
05/01/2024 19:20;17.55;11.634;0.373;2.44;61.38;1008.33;4.378;normal
05/01/2024 19:25;20.81;11.595;0.4;2.3;63.02;1001.11;4.782;normal
05/01/2024 19:30;19.44;11.351;0.147;1.21;62.63;1013.08;1.714;normal
05/01/2024 19:35;20.59;11.682;0.328;3.15;68.44;1026.46;3.85;normal
05/01/2024 19:40;17.98;11.507;0.349;2.4;62.36;1016.73;3.959;normal
05/01/2024 19:45;22.18;11.716;0.247;2.31;68.12;1008.76;2.872;normal
05/01/2024 19:50;21.49;11.542;0.509;1.78;69.12;1014.66;5.89;normal
05/01/2024 19:55;19.2;11.214;0.306;1.41;63.94;1018.37;3.432;normal
05/01/2024 20:00;23.37;11.503;0.334;2.69;63.55;1025.75;3.889;normal
05/01/2024 20:05;21.69;11.674;0.353;1.95;62.15;1017.87;4.148;normal
05/01/2024 20:10;23.01;11.329;0.42;2.14;60.28;1017.91;4.685;normal
05/01/2024 20:15;20.45;11.487;0.385;2.01;62.08;1019.64;4.413;normal
05/01/2024 20:20;20.11;11.975;0.37;2.42;66.62;1017.62;4.454;normal
05/01/2024 20:25;20.75;11.891;0.394;2.44;59.85;1009.91;4.608;normal
05/01/2024 20:30;20.33;11.592;0.482;1.97;63.51;1017.86;5.535;normal
05/01/2024 20:35;19.15;11.78;0.592;3.22;62.75;1012.6;7.004;normal
05/01/2024 20:40;22.05;11.62;0.345;1.29;60.16;1009.28;4.109;normal
05/01/2024 20:45;22.38;11.663;0.453;2.28;67.35;1007.07;5.276;normal
05/01/2024 20:50;21.39;11.318;0.409;3.25;62.7;1007.93;4.7;normal
05/01/2024 20:55;17.65;11.658;0.38;2.57;69.26;1012.09;4.459;normal
05/01/2024 21:00;20.25;13.048;0.497;2.92;56.66;1006.1;6.441;warning
05/01/2024 21:05;21.89;11.68;0.511;2.6;60.45;1013.84;5.971;normal
05/01/2024 21:10;20.84;11.937;0.639;3.3;61.65;1010.87;7.653;normal
05/01/2024 21:15;22.44;11.727;0.505;3.13;66.35;1022.13;5.946;normal
05/01/2024 21:20;20.73;10.147;0.458;3.02;62.28;1007.0;4.428;warning
05/01/2024 21:25;23.71;11.867;0.594;14.67;64.11;1022.32;6.336;critical
05/01/2024 21:30;21.55;11.92;0.589;2.59;60.14;1014.29;7.128;normal
05/01/2024 21:35;20.63;11.726;0.549;2.69;60.89;1016.25;6.455;normal
05/01/2024 21:40;21.78;12.701;0.535;3.22;63.88;1009.48;6.791;warning
05/01/2024 21:45;20.97;11.748;0.59;2.54;59.24;1004.86;6.946;normal
05/01/2024 21:50;21.91;11.893;0.394;2.99;62.37;1018.85;4.71;normal
05/01/2024 21:55;20.39;10.0;0.409;1.19;59.28;1020.76;3.911;warning
05/01/2024 22:00;21.82;12.369;0.715;3.11;56.23;1002.96;8.798;normal
05/01/2024 22:05;22.24;12.552;0.614;3.6;62.63;1019.73;7.675;normal
05/01/2024 22:10;24.65;12.131;0.62;3.16;60.71;1017.12;7.443;normal
05/01/2024 22:15;23.82;11.788;0.739;2.78;55.69;1024.42;8.728;normal
05/01/2024 22:20;21.8;12.143;0.686;3.57;62.01;1005.26;8.365;normal
05/01/2024 22:25;24.79;10.0;0.34;3.27;57.75;1005.98;3.286;warning
05/01/2024 22:30;23.6;12.337;0.739;12.59;58.24;1023.79;8.246;warning
05/01/2024 22:35;23.05;11.861;0.656;4.07;62.94;1010.96;7.754;normal
05/01/2024 22:40;22.23;11.857;0.723;3.43;55.73;1019.05;8.553;normal
05/01/2024 22:45;23.45;11.916;0.76;2.72;58.9;1020.54;9.061;normal
05/01/2024 22:50;22.01;12.078;0.62;3.52;65.96;1013.65;7.469;normal
05/01/2024 22:55;22.99;10.0;0.368;2.69;61.68;1016.07;3.518;warning
05/01/2024 23:00;21.32;12.368;0.821;3.65;55.14;1016.59;10.101;normal
05/01/2024 23:05;23.27;10.135;0.448;4.87;62.15;1012.04;4.278;warning
05/01/2024 23:10;24.5;12.385;0.688;3.58;57.88;1014.06;8.505;normal
05/01/2024 23:15;26.21;10.863;1.273;2.79;52.67;1020.33;13.037;warning
05/01/2024 23:20;25.86;12.217;0.819;4.71;62.09;1016.85;10.016;normal
05/01/2024 23:25;22.61;11.85;0.723;3.6;61.08;1012.28;8.596;normal
05/01/2024 23:30;20.32;12.223;0.914;4.48;56.87;1014.08;11.16;normal
05/01/2024 23:35;22.81;12.46;0.852;3.61;60.31;1012.87;10.578;normal
05/01/2024 23:40;26.09;12.231;0.839;4.17;58.78;1013.79;10.213;normal
05/01/2024 23:45;23.93;12.121;0.927;4.38;56.79;1008.52;11.234;normal
05/01/2024 23:50;23.54;12.337;0.849;4.06;56.05;1010.34;10.403;normal
05/01/2024 23:55;24.26;11.434;1.018;4.87;59.85;1000.53;11.691;warning
06/01/2024 00:00;26.78;12.771;1.062;4.98;56.08;1001.22;13.512;normal
06/01/2024 00:05;25.94;11.033;1.096;6.26;58.5;1017.61;12.036;warning
06/01/2024 00:10;25.75;12.587;1.081;5.27;59.39;1018.36;13.553;normal
06/01/2024 00:15;26.1;12.265;1.054;3.7;56.95;1023.36;12.943;normal
06/01/2024 00:20;23.0;12.563;1.112;4.44;51.75;1006.32;14.017;normal
06/01/2024 00:25;23.91;12.395;0.969;11.48;55.57;1015.87;10.868;warning
06/01/2024 00:30;23.54;12.612;1.051;4.56;57.25;1013.9;13.314;normal
06/01/2024 00:35;23.84;12.176;1.057;5.28;54.65;1016.49;12.901;normal
06/01/2024 00:40;38.86;11.646;1.327;6.32;56.91;1018.24;14.281;critical
06/01/2024 00:45;24.61;12.554;0.979;4.32;54.62;1007.79;12.345;normal
06/01/2024 00:50;23.1;12.591;0.911;5.05;53.59;1013.5;11.43;normal
06/01/2024 00:55;26.91;10.621;1.307;3.2;57.87;1010.94;13.113;warning
06/01/2024 01:00;27.94;12.893;1.086;5.85;54.1;1017.62;14.1;normal
06/01/2024 01:05;26.34;12.779;1.197;5.15;52.95;1008.3;15.344;normal
06/01/2024 01:10;24.23;12.599;1.245;5.49;52.07;1016.84;15.639;normal
06/01/2024 01:15;25.73;12.988;1.21;4.97;49.99;1024.66;15.658;normal
06/01/2024 01:20;38.06;12.067;1.45;6.57;53.14;1019.81;16.162;critical
06/01/2024 01:25;25.01;12.898;1.321;5.2;55.69;1018.37;17.041;normal
06/01/2024 01:30;29.18;10.0;0.779;4.84;49.92;1000.81;7.366;warning
06/01/2024 01:35;23.84;12.959;1.178;4.44;57.52;1010.75;15.208;normal
06/01/2024 01:40;26.3;14.0;1.324;3.65;56.27;1017.02;18.473;warning
06/01/2024 01:45;27.21;12.9;1.194;11.23;51.8;1003.12;13.832;warning
06/01/2024 01:50;25.5;12.74;1.314;5.83;53.97;1006.86;16.734;normal
06/01/2024 01:55;24.11;12.459;1.339;5.7;51.15;1003.81;16.68;normal
06/01/2024 02:00;26.71;12.771;1.515;13.26;50.74;1008.34;17.422;critical
06/01/2024 02:05;27.54;13.072;1.353;5.3;48.79;1000.16;17.616;normal
06/01/2024 02:10;26.38;12.955;1.34;5.89;51.87;1016.0;17.382;normal
06/01/2024 02:15;28.09;12.859;1.374;6.48;49.58;1018.13;17.601;normal
06/01/2024 02:20;26.98;13.02;1.407;5.62;48.17;1008.21;18.382;normal
06/01/2024 02:25;25.24;13.082;1.453;5.82;47.4;1021.96;19.043;normal
06/01/2024 02:30;28.69;13.395;1.224;12.62;52.04;1011.39;14.759;warning
06/01/2024 02:35;26.74;13.429;1.326;11.2;47.66;1019.28;15.987;warning
06/01/2024 02:40;26.29;13.102;1.44;5.78;55.46;1016.74;18.895;normal
06/01/2024 02:45;28.47;13.226;1.56;5.85;47.43;1008.54;20.558;normal
06/01/2024 02:50;27.59;12.913;1.396;5.7;48.76;1005.83;18.024;normal
06/01/2024 02:55;27.03;13.237;1.448;6.35;46.22;1004.32;19.238;normal
06/01/2024 03:00;27.53;13.261;1.626;5.92;47.18;1020.5;21.534;normal
06/01/2024 03:05;28.1;13.291;1.488;5.83;49.99;1016.6;19.726;normal
06/01/2024 03:10;28.44;13.564;1.413;13.37;48.28;1014.61;17.155;critical
06/01/2024 03:15;30.21;13.246;1.429;5.84;44.31;1011.71;18.928;normal
06/01/2024 03:20;29.97;13.118;1.662;6.12;47.16;1016.9;21.724;normal
06/01/2024 03:25;27.38;12.869;1.463;5.76;48.71;1013.33;18.769;normal
06/01/2024 03:30;26.08;13.254;1.585;6.67;49.19;1014.34;21.01;normal
06/01/2024 03:35;29.84;12.828;1.502;6.8;47.93;1010.96;19.349;normal
06/01/2024 03:40;28.18;13.195;1.601;6.47;46.23;1016.49;21.144;normal
06/01/2024 03:45;25.85;13.172;1.451;5.33;49.79;1026.24;19.14;normal
06/01/2024 03:50;26.15;13.181;1.493;6.85;49.62;1011.46;19.629;normal
06/01/2024 03:55;28.5;13.186;1.598;6.76;48.56;1011.0;21.061;normal
06/01/2024 04:00;29.56;13.685;1.714;5.96;43.28;1015.76;23.351;normal
06/01/2024 04:05;30.68;13.267;1.602;5.53;43.03;1012.22;21.283;normal
06/01/2024 04:10;31.03;13.093;1.638;5.94;50.02;994.54;21.418;normal
06/01/2024 04:15;29.83;13.243;1.6;7.35;41.75;1012.77;21.142;normal
06/01/2024 04:20;29.01;13.274;1.803;6.12;50.28;1007.41;23.969;normal
06/01/2024 04:25;26.94;13.282;1.792;6.18;52.53;1013.37;23.695;normal
06/01/2024 04:30;31.01;13.558;1.647;6.07;48.3;1015.37;22.349;normal
06/01/2024 04:35;38.16;12.973;2.0;9.17;40.63;1005.56;23.958;critical
06/01/2024 04:40;29.03;13.602;1.431;12.75;47.7;1007.62;17.501;warning
06/01/2024 04:45;31.17;13.124;1.63;7.51;44.59;1008.74;21.31;normal
06/01/2024 04:50;31.35;13.275;1.765;6.67;40.85;1011.39;23.407;normal
06/01/2024 04:55;28.49;13.091;1.842;6.67;43.79;1019.44;24.09;normal
